OPIS Truckstop ID,Truckstop Name,Address,City,State,Rack ID,Retail Price
600001,Roadys Truck Stop #6855,4872 I-10 Exit 202,Mcintosh,NM,66,3.153
600002,Sapp Bros #1810,8950 I-40 Exit 148,Cromwell,IA,393,3.158
600003,Road Ranger #2300,744 US-287 Exit 116,Clarence,PA,334,2.817
600004,Sapp Bros #853,4347 State Hwy 6 Exit 75,Chicago,IL,55,3.003
600005,QuikTrip #6425,4372 I-10 Exit 100,Ward,AR,152,2.940
600006,Bosselman Travel Center #4794,1846 State Hwy 6 Exit 367,Carleton,MI,386,3.031
600007,Roadys Truck Stop #7458,4301 I-40 Exit 227,Aventura,FL,285,3.111
600008,Road Ranger #6972,9334 I-95 Exit 377,Mercer,PA,357,2.958
600009,Sapp Bros #8831,5255 State Hwy 6 Exit 139,Lake Quivira,KS,318,3.323
600010,Pilot Travel Center #6576,7255 State Hwy 6 Exit 329,Emerald Bay,TX,78,3.143
600011,Roadys Truck Stop #4846,1601 I-95 Exit 230,San Dimas,CA,320,3.687
600012,Kwik Trip #5294,3649 State Hwy 6 Exit 243,Falls Creek,PA,27,3.314
600013,Loves Travel Stop #2723,4666 I-95 Exit 109,Riverdale,IA,57,2.974
600014,AMBEST #9891,8644 I-80 Exit 133,Denver,IA,127,3.163
600015,QuikTrip #9055,339 US-287 Exit 226,Apple Valley,MN,2,3.076
600016,Bosselman Travel Center #3391,6473 US-287 Exit 35,Presho,SD,261,3.451
600017,QuikTrip #6215,6553 I-95 Exit 92,Johnson City,KS,222,3.544
600018,TA Travel Center #922,3713 I-10 Exit 372,Shipshewana Lake,IN,82,2.881
600019,QuikTrip #3513,5708 State Hwy 6 Exit 61,Big Rock,IL,73,2.862
600020,TA Travel Center #1285,2628 I-80 Exit 3,Gulf Stream,FL,14,3.215
600021,Kwik Trip #5693,7601 I-10 Exit 260,Green Village,NJ,295,2.956
600022,Sapp Bros #3935,2424 I-10 Exit 157,Parma Heights,OH,93,3.278
600023,Sapp Bros #6462,6336 I-40 Exit 4,Hartley,IA,298,2.861
600024,Pilot Travel Center #5566,8146 I-95 Exit 109,Epworth,IA,209,3.037
600025,AMBEST #856,3467 I-40 Exit 104,Elwood,IL,138,3.429
600026,Flying J #6746,5643 I-10 Exit 97,Elroy,NC,65,3.199
600027,Bosselman Travel Center #8547,5394 State Hwy 6 Exit 375,Wilhoit,AZ,275,3.485
600028,Bosselman Travel Center #7371,7328 I-40 Exit 378,Hybla Valley,VA,256,3.423
600029,Pilot Travel Center #7082,820 I-40 Exit 256,Heavener,OK,140,3.101
600030,Petro Stopping Center #4025,4155 State Hwy 6 Exit 17,Howe,IN,27,3.068
600031,Petro Stopping Center #9787,1399 I-10 Exit 339,Chatham,NJ,250,3.445
600032,Petro Stopping Center #3327,6449 I-95 Exit 225,Barkeyville,PA,43,3.074
600033,AMBEST #6351,4005 I-95 Exit 360,Rockbridge,IL,235,2.753
600034,Sapp Bros #7931,8124 US-287 Exit 4,Paulding,OH,379,3.226
600035,Sapp Bros #4277,6238 I-95 Exit 224,Nesquehoning,PA,220,3.158
600036,Kwik Trip #8283,5139 I-40 Exit 141,Cheney,NE,88,3.199
600037,QuikTrip #8388,6023 I-80 Exit 322,Domino,TX,33,3.011
600038,Bosselman Travel Center #8343,8301 State Hwy 6 Exit 89,Raleigh,IL,215,3.332
600039,Flying J #4330,9470 I-80 Exit 43,Hampton,IL,325,3.157
600040,Flying J #9541,9688 I-95 Exit 82,Sunny Isles Beach,FL,63,3.037
600041,Sapp Bros #9327,490 I-40 Exit 237,Walton Hills,OH,358,3.145
600042,TA Travel Center #210,4842 I-10 Exit 140,Woodlawn Park,OK,262,3.005
600043,Petro Stopping Center #5852,6979 State Hwy 6 Exit 248,Berea,OH,37,2.885
600044,Petro Stopping Center #1909,7712 I-10 Exit 357,Cammack Village,AR,195,3.269
600045,Roadys Truck Stop #215,4961 US-287 Exit 214,Blue Grass,IA,281,2.991
600046,Loves Travel Stop #1717,6684 I-10 Exit 379,Wesson,MS,159,2.932
600047,Sapp Bros #7311,6664 State Hwy 6 Exit 342,Cimarron,KS,231,3.212
600048,Sapp Bros #7863,7194 State Hwy 6 Exit 206,Fence Lake,NM,129,3.242
600049,QuikTrip #6556,867 I-95 Exit 181,South Rockwood,MI,65,3.354
600050,Sapp Bros #2388,9702 State Hwy 6 Exit 160,Clyde Hill,WA,169,3.941
600051,Sapp Bros #3131,1256 State Hwy 6 Exit 187,Anderson,NJ,32,3.032
600052,Kwik Trip #8211,8770 I-80 Exit 304,Unity,IL,286,3.282
600053,Kwik Trip #8089,2452 State Hwy 6 Exit 185,Fairmont,NE,154,3.154
600054,Pilot Travel Center #7163,1361 I-10 Exit 359,Tampa,KS,284,3.033
600055,Sapp Bros #765,6885 I-95 Exit 88,Belgrade,MT,305,3.685
600056,AMBEST #3903,8721 State Hwy 6 Exit 352,River Rouge,MI,142,2.934
600057,Pilot Travel Center #1110,6324 State Hwy 6 Exit 72,Port Colden,NJ,157,2.716
600058,Flying J #9670,713 I-80 Exit 84,Mayer,AZ,45,3.733
600059,Petro Stopping Center #4149,1011 I-80 Exit 46,Lauderdale,MN,279,2.896
600060,Flying J #4061,424 I-40 Exit 56,Anaconda Deer Lodge,MT,58,2.988
600061,Kwik Trip #4406,451 State Hwy 6 Exit 182,Max,NE,129,3.112
600062,Kwik Trip #8261,5339 US-287 Exit 69,Indian Lake,MO,357,3.059
600063,Petro Stopping Center #5924,2614 I-95 Exit 202,Amboy,IL,54,3.021
600064,Roadys Truck Stop #7595,4244 US-287 Exit 233,Keystone,IN,363,3.200
600065,Kwik Trip #3559,5299 I-40 Exit 232,Lincoln Park,MI,293,3.185
600066,Kwik Trip #7575,1558 I-10 Exit 124,Lee,IL,169,3.020
600067,Sapp Bros #6611,7050 I-95 Exit 222,Oak Grove Heights,AR,127,2.978
600068,Kwik Trip #9523,5922 I-10 Exit 382,Whitesboro,OK,276,2.931
600069,Roadys Truck Stop #4201,1218 State Hwy 6 Exit 335,Sharpsburg,NC,274,3.173
600070,AMBEST #6441,852 I-10 Exit 63,Campbell South Island,IL,308,3.025
600071,Bosselman Travel Center #9654,1916 I-10 Exit 222,Bay View,OH,67,3.079
600072,Bosselman Travel Center #5122,7809 State Hwy 6 Exit 361,Garwood,NJ,87,3.265
600073,Bosselman Travel Center #3310,6544 I-10 Exit 275,Mona,IA,146,3.250
600074,Sapp Bros #2015,8050 I-95 Exit 235,Strattanville,PA,98,3.250
600075,Roadys Truck Stop #7987,9350 I-10 Exit 311,Lincoln,IA,25,3.396
600076,TA Travel Center #8201,1362 I-95 Exit 389,Bankston,IA,30,3.293
600077,AMBEST #5225,2184 I-40 Exit 97,Sammamish,WA,277,4.102
600078,Loves Travel Stop #2207,2134 US-287 Exit 327,Wynnedale,IN,39,3.026
600079,Bosselman Travel Center #779,4589 US-287 Exit 375,Callensburg,PA,196,3.160
600080,Road Ranger #4534,6933 I-10 Exit 94,Madisonville,LA,78,3.112
600081,Pilot Travel Center #1637,6501 US-287 Exit 218,Yankee Hill,NE,209,3.199
600082,Bosselman Travel Center #3575,5880 I-40 Exit 268,Rolla,MO,80,3.354
600083,Petro Stopping Center #3190,2254 State Hwy 6 Exit 66,Hinckley,IL,166,3.110
600084,Petro Stopping Center #337,3950 I-40 Exit 330,Grayridge,MO,254,3.259
600085,Sapp Bros #5234,9853 I-95 Exit 146,Bal Harbour,FL,34,2.771
600086,Pilot Travel Center #2412,4738 I-95 Exit 153,Aurora,IA,98,2.788
600087,Sapp Bros #907,8093 US-287 Exit 189,Delaware,NJ,8,3.107
600088,Flying J #4142,3116 I-95 Exit 28,Lincoln,NE,300,2.855
600089,AMBEST #9357,7728 I-40 Exit 72,Novelty,MO,136,3.062
600090,Flying J #1509,494 I-95 Exit 7,East Moline,IL,240,3.238
600091,QuikTrip #1676,9230 I-80 Exit 121,Carbon Cliff,IL,347,2.972
600092,TA Travel Center #8111,7877 I-10 Exit 330,Takoma Park,MD,113,3.299
600093,QuikTrip #7246,5909 US-287 Exit 132,West Bend,IA,226,2.964
600094,QuikTrip #5948,7895 I-80 Exit 173,Glendale,CO,165,3.468
600095,Petro Stopping Center #9232,1848 US-287 Exit 240,Ephesus,GA,50,3.086
600096,Roadys Truck Stop #1832,5663 I-10 Exit 127,Bloomington,IL,298,3.237
600097,Flying J #9555,2189 I-95 Exit 137,Beebe,AR,92,2.977
600098,TA Travel Center #1230,5764 I-40 Exit 329,Llewellyn Park,NJ,51,3.101
600099,Flying J #4272,3746 I-10 Exit 128,Garfield Heights,OH,292,3.189
600100,Bosselman Travel Center #8940,5515 I-95 Exit 93,Bailey,TX,148,3.078
600101,QuikTrip #7852,3195 I-80 Exit 361,Monument,PA,290,3.173
600102,Bosselman Travel Center #811,3721 State Hwy 6 Exit 58,Brookmont,MD,353,3.108
600103,Bosselman Travel Center #1896,2525 State Hwy 6 Exit 178,Woodridge,IL,307,3.110
600104,Sapp Bros #5261,7668 I-10 Exit 45,Minden,NE,148,3.460
600105,TA Travel Center #1480,1567 State Hwy 6 Exit 345,Peapack And Gladstone,NJ,96,3.131
600106,Road Ranger #6515,5428 I-95 Exit 46,Toledo,IA,24,3.095
600107,Pilot Travel Center #4623,4219 I-80 Exit 202,Russell,AR,129,3.155
600108,Petro Stopping Center #4212,3544 I-80 Exit 384,Ben Arnold,TX,399,2.926
600109,Bosselman Travel Center #6955,9737 I-40 Exit 130,Chain O Lakes,IN,76,3.257
600110,Road Ranger #222,1023 State Hwy 6 Exit 323,Carbondale,KS,77,3.327
600111,TA Travel Center #7332,6620 I-10 Exit 257,Essex,IA,123,3.017
600112,Pilot Travel Center #8411,7407 I-95 Exit 164,Santa Rosa,NM,343,3.475
600113,QuikTrip #1843,1023 I-95 Exit 112,Valley View,OH,97,2.935
600114,Pilot Travel Center #333,814 I-95 Exit 23,Minneapolis,MN,31,3.088
600115,AMBEST #7030,3568 I-10 Exit 72,Connecticut Farms,NJ,176,2.751
600116,AMBEST #7896,7406 US-287 Exit 146,Sunbury,PA,207,3.058
600117,Sapp Bros #9136,6869 I-40 Exit 246,Pendleton,IN,85,2.942
600118,QuikTrip #555,4053 US-287 Exit 141,Pompano Beach,FL,216,2.895
600119,AMBEST #3648,3708 I-80 Exit 365,Roosevelt Gardens,FL,147,3.009
600120,AMBEST #6868,8756 US-287 Exit 395,Franklin,IL,34,2.933
600121,Sapp Bros #4960,6830 I-10 Exit 103,Turkey Creek,LA,171,3.095
600122,Flying J #5237,1213 I-95 Exit 188,Little River,KS,56,3.251
600123,Road Ranger #8287,6586 I-95 Exit 346,Issaquah,WA,198,3.724
600124,Sapp Bros #9601,6791 US-287 Exit 211,Walnut Park,CA,7,3.920
600125,Pilot Travel Center #3846,3686 State Hwy 6 Exit 381,Simmesport,LA,162,3.116
600126,Roadys Truck Stop #4557,8551 US-287 Exit 327,Lacona,IA,72,3.273
600127,Loves Travel Stop #242,9339 I-80 Exit 95,Defiance,MO,66,2.939
600128,Sapp Bros #5885,7963 I-95 Exit 325,Greenway,AR,189,3.288
600129,Road Ranger #3343,7524 I-10 Exit 67,Westview,FL,118,2.764
600130,Petro Stopping Center #1248,4765 I-80 Exit 220,Old Elm Spring Colony,SD,158,3.211
600131,Flying J #1040,3129 I-95 Exit 242,Burr Ridge,IL,24,2.982
600132,QuikTrip #2643,3031 I-95 Exit 287,Midland,SD,74,3.262
600133,Loves Travel Stop #364,3381 US-287 Exit 327,Viola,ID,388,3.986
600134,AMBEST #3216,2603 I-80 Exit 311,New Milford,IL,327,3.390
600135,Sapp Bros #639,1524 I-10 Exit 345,West Park,FL,342,3.076
600136,Roadys Truck Stop #2280,9225 US-287 Exit 14,Prescott,IA,236,3.040
600137,Roadys Truck Stop #9793,5480 I-80 Exit 309,Shamokin Dam,PA,28,3.257
600138,Flying J #4917,8272 State Hwy 6 Exit 235,Ackermanville,PA,352,2.998
600139,Bosselman Travel Center #493,924 State Hwy 6 Exit 259,Brookfield Center,OH,80,3.029
600140,Roadys Truck Stop #6281,5156 I-10 Exit 288,Mansura,LA,114,3.150
600141,Roadys Truck Stop #179,9358 I-10 Exit 159,Chattahoochee Hills,GA,108,2.815
600142,AMBEST #5932,368 I-95 Exit 168,Stewartsville,NJ,172,3.064
600143,Bosselman Travel Center #3061,5575 I-10 Exit 219,Worth,IL,85,2.825
600144,Roadys Truck Stop #6331,9366 I-80 Exit 108,Wilderness Rim,WA,399,3.783
600145,TA Travel Center #5464,7438 I-10 Exit 82,Wolfe City,TX,250,3.057
600146,Road Ranger #6864,8952 I-10 Exit 311,Twin Grove,IL,365,3.495
600147,TA Travel Center #7859,998 I-10 Exit 350,Kennebec,SD,139,3.148
600148,AMBEST #4047,4250 I-10 Exit 129,Hessville,OH,221,3.117
600149,Roadys Truck Stop #6616,1826 I-40 Exit 181,Lakewood,OH,52,3.227
600150,Road Ranger #6429,1524 I-95 Exit 25,Walcott,IA,194,3.041
600151,Kwik Trip #6585,2865 I-95 Exit 282,Shabbona,IL,198,3.111
600152,Road Ranger #8648,7814 I-95 Exit 87,Mccook,NE,140,2.960
600153,Petro Stopping Center #9997,4274 I-40 Exit 387,Perrytown,AR,126,2.888
600154,AMBEST #6001,1466 I-95 Exit 219,Delco,NC,319,2.749
600155,Road Ranger #5408,6933 I-40 Exit 118,Rapids City,IL,342,3.080
600156,Kwik Trip #8951,3833 I-10 Exit 336,Rocky Ridge,OH,121,3.146
600157,Loves Travel Stop #9020,4156 I-95 Exit 15,Exeter,NE,63,2.935
600158,Petro Stopping Center #7782,6994 I-95 Exit 35,Rose Hill,NC,70,3.200
600159,AMBEST #3433,8193 State Hwy 6 Exit 309,Woodville,OH,127,2.937
600160,Pilot Travel Center #1591,2684 I-80 Exit 15,Oak Grove,IL,40,2.922
600161,Roadys Truck Stop #3623,1669 I-95 Exit 392,Northwood,OH,188,3.104
600162,TA Travel Center #4039,9601 I-40 Exit 187,Kappa,IL,78,3.104
600163,Flying J #1299,3292 I-80 Exit 203,Lake Tanglewood,TX,327,3.230
600164,Loves Travel Stop #4869,179 I-95 Exit 284,Coupland,TX,91,2.934
600165,Loves Travel Stop #2851,8046 I-40 Exit 94,Auxvasse,MO,126,3.235
600166,Roadys Truck Stop #8028,3168 I-40 Exit 58,Louise,MS,94,3.169
600167,Bosselman Travel Center #5796,397 I-80 Exit 51,Winona,TX,340,3.039
600168,Sapp Bros #6634,9525 I-10 Exit 353,Fortville,IN,8,2.885
600169,Pilot Travel Center #193,1823 I-10 Exit 298,Burlington,IL,328,3.383
600170,QuikTrip #6263,5715 I-80 Exit 388,Swifton,AR,90,3.034
600171,Petro Stopping Center #5161,8776 I-80 Exit 132,Temple City,CA,112,3.718
600172,QuikTrip #1963,6206 I-40 Exit 161,Bryn Mawr Skyway,WA,146,3.728
600173,Road Ranger #8174,5088 State Hwy 6 Exit 317,Liberty,TX,60,3.332
600174,Pilot Travel Center #9151,7508 I-40 Exit 69,Lauderhill,FL,248,3.246
600175,TA Travel Center #8833,3153 I-40 Exit 131,Richmond,VA,28,3.175
600176,Road Ranger #8614,258 I-95 Exit 373,Westphalia,IN,104,3.105
600177,Petro Stopping Center #9404,1968 I-80 Exit 105,Ames,TX,86,3.171
600178,Pilot Travel Center #509,6238 I-95 Exit 364,Oberlin,OH,110,3.257
600179,TA Travel Center #4446,1346 I-95 Exit 120,Poynor,TX,72,2.902
600180,TA Travel Center #7487,6397 I-80 Exit 185,Hettick,IL,76,2.813
600181,AMBEST #803,2787 I-40 Exit 113,North Chevy Chase,MD,58,3.225
600182,Sapp Bros #4853,2813 I-95 Exit 382,Imogene,IA,111,3.212
600183,TA Travel Center #6428,8195 I-10 Exit 14,Canton,SD,52,3.158
600184,QuikTrip #8382,1915 I-40 Exit 222,Runville,PA,240,3.019
600185,Road Ranger #8898,6840 I-10 Exit 70,Elizabeth,NJ,307,3.236
600186,Sapp Bros #3193,8409 State Hwy 6 Exit 132,Bartlett,IA,387,3.118
600187,TA Travel Center #7182,7348 I-80 Exit 9,Milton,PA,88,3.202
600188,Petro Stopping Center #1470,8018 I-10 Exit 174,Peralta,NM,107,3.566
600189,AMBEST #479,4735 I-10 Exit 7,San Gabriel,CA,185,3.693
600190,Kwik Trip #4704,1316 I-40 Exit 341,Chain Of Rocks,MO,176,3.003
600191,Pilot Travel Center #7429,5381 US-287 Exit 2,Bensenville,IL,271,3.091
600192,Kwik Trip #4871,6864 State Hwy 6 Exit 229,Ampere North,NJ,32,3.237
600193,Flying J #8235,8360 US-287 Exit 224,Hublersburg,PA,232,3.048
600194,Pilot Travel Center #9260,3822 I-40 Exit 334,Forest Park,GA,231,2.982
600195,Roadys Truck Stop #4566,4918 I-40 Exit 174,Janesville,IA,262,3.123
600196,Pilot Travel Center #1479,8251 I-80 Exit 227,Lambert,MO,86,3.201
600197,QuikTrip #9847,7353 I-80 Exit 372,Flat Rock,MI,71,2.892
600198,Loves Travel Stop #9064,3970 I-80 Exit 6,Mount Vernon,SD,185,3.144
600199,Loves Travel Stop #1574,2682 I-40 Exit 99,Pachuta,MS,131,3.356
600200,Roadys Truck Stop #8851,608 I-40 Exit 317,River Grove,IL,306,3.162
600201,Pilot Travel Center #6061,582 I-80 Exit 156,Tontogany,OH,22,3.044
600202,AMBEST #7785,4575 State Hwy 6 Exit 40,Riverside,IA,369,3.131
600203,Loves Travel Stop #7651,903 I-10 Exit 202,Laurys Station,PA,140,2.698
600204,QuikTrip #9385,7237 I-95 Exit 285,Bayonne,NJ,208,2.985
600205,Flying J #1567,2779 US-287 Exit 29,Long Creek,NC,230,3.007
600206,Petro Stopping Center #4978,8996 I-10 Exit 42,Old River Winfree,TX,127,2.748
600207,Kwik Trip #8639,2073 I-95 Exit 32,Carpenter,IA,64,3.344
600208,Petro Stopping Center #5593,6766 State Hwy 6 Exit 356,Bloomington,CA,206,3.822
600209,QuikTrip #7292,6917 I-40 Exit 300,Clarence,MO,174,3.228
600210,Road Ranger #574,1679 State Hwy 6 Exit 20,Swanton,OH,291,3.255
600211,TA Travel Center #1649,7470 State Hwy 6 Exit 157,Hope,AR,170,3.341
600212,QuikTrip #757,2212 I-80 Exit 341,Hansell,IA,106,3.273
600213,Kwik Trip #168,4221 I-10 Exit 180,Carmi,IL,118,2.992
600214,TA Travel Center #7315,7643 I-10 Exit 70,Delhi,IA,166,3.294
600215,Flying J #2537,1071 I-95 Exit 181,Adelino,NM,326,3.138
600216,Kwik Trip #4487,8687 I-95 Exit 285,Slabtown,PA,243,2.952
600217,Flying J #6010,8325 State Hwy 6 Exit 90,Chino,CA,235,3.890
600218,Flying J #3621,5661 I-10 Exit 242,Howland Center,OH,351,3.030
600219,AMBEST #360,2777 I-10 Exit 131,Allen Park,MI,16,3.287
600220,Bosselman Travel Center #8341,6668 I-10 Exit 217,Bolivia,NC,101,2.876
600221,Road Ranger #8759,5151 State Hwy 6 Exit 147,Paragould,AR,274,3.020
600222,QuikTrip #4170,9693 I-95 Exit 120,North Bay Village,FL,164,3.028
600223,Road Ranger #6537,5782 I-80 Exit 364,Brookville,PA,123,2.919
600224,Kwik Trip #6920,7537 State Hwy 6 Exit 86,Windom,TX,80,2.914
600225,QuikTrip #4178,5563 I-80 Exit 121,Galva,KS,160,3.453
600226,AMBEST #2689,1026 I-40 Exit 211,Northfield,MN,218,2.878
600227,Flying J #4127,4526 I-40 Exit 60,Lake Seneca,OH,135,3.064
600228,Sapp Bros #6626,3315 US-287 Exit 353,Moonachie,NJ,176,3.004
600229,TA Travel Center #6909,3569 State Hwy 6 Exit 88,North Ridgeville,OH,271,2.993
600230,Flying J #3294,6070 State Hwy 6 Exit 17,Phillipsburg,NJ,146,3.049
600231,Petro Stopping Center #4463,6060 US-287 Exit 367,Kirkville,IA,61,3.070
600232,Petro Stopping Center #3432,4538 US-287 Exit 76,Riverview,MI,44,2.750
600233,Loves Travel Stop #1824,7754 US-287 Exit 136,South Canal,OH,295,3.042
600234,Sapp Bros #7932,4832 I-80 Exit 392,Franklin Park,FL,42,3.465
600235,AMBEST #9180,8807 I-10 Exit 154,Spencer,OK,92,3.282
600236,Roadys Truck Stop #3993,8384 I-40 Exit 188,Seven Corners,VA,39,2.840
600237,TA Travel Center #1922,2115 State Hwy 6 Exit 140,Mahanoy City,PA,386,2.855
600238,Petro Stopping Center #6447,4823 I-80 Exit 301,Glenvil,NE,306,3.190
600239,Kwik Trip #7344,2943 US-287 Exit 226,Birmingham,MO,373,3.105
600240,Bosselman Travel Center #8755,8223 US-287 Exit 392,Pico Rivera,CA,331,3.787
600241,Bosselman Travel Center #2037,6000 I-80 Exit 2,Roselle,NJ,32,2.785
600242,Petro Stopping Center #6138,1333 I-95 Exit 113,Hawthorn,PA,143,3.158
600243,QuikTrip #9419,3006 I-10 Exit 121,Bellmont,IL,25,2.962
600244,Kwik Trip #2910,4361 US-287 Exit 379,Beaver Lake,NE,101,3.275
600245,Loves Travel Stop #521,8343 I-40 Exit 72,Lost Springs,KS,129,3.003
600246,Flying J #7938,8866 I-10 Exit 349,Chamberlayne,VA,197,3.137
600247,TA Travel Center #5155,3468 I-10 Exit 25,Whitehouse,OH,326,3.217
600248,Roadys Truck Stop #317,7075 State Hwy 6 Exit 378,Pottersville,NJ,381,3.145
600249,Bosselman Travel Center #6477,1971 I-10 Exit 14,Fargo,AR,194,3.112
600250,Roadys Truck Stop #4070,7405 US-287 Exit 311,New Vienna,IA,53,2.892
600251,TA Travel Center #1146,8601 State Hwy 6 Exit 307,Queen City,TX,359,2.896
600252,Pilot Travel Center #7058,1370 US-287 Exit 225,Parkersburg,IA,43,2.984
600253,Sapp Bros #9624,247 I-40 Exit 56,Mooresville,IN,85,3.037
600254,Flying J #1433,6904 I-40 Exit 1,Greenwich,NJ,131,3.171
600255,Pilot Travel Center #3167,7974 I-80 Exit 286,Ozark Acres,AR,318,2.753
600256,Kwik Trip #3816,2289 I-40 Exit 89,Mojave Ranch Estates,AZ,31,3.508
600257,Kwik Trip #6507,1409 US-287 Exit 383,Bluewater,CA,360,3.462
600258,Sapp Bros #701,7670 I-95 Exit 203,Mount Tabor,NJ,391,2.993
600259,Roadys Truck Stop #7516,8378 US-287 Exit 84,Avocado Heights,CA,17,3.895
600260,Petro Stopping Center #1488,4659 US-287 Exit 70,Valinda,CA,132,3.568
600261,Roadys Truck Stop #326,7893 I-80 Exit 251,Emmet,AR,87,3.024
600262,Roadys Truck Stop #1209,5899 I-95 Exit 189,Northwest,NC,87,3.351
600263,Kwik Trip #5376,9913 I-10 Exit 308,Prestbury,IL,140,2.953
600264,QuikTrip #7256,3595 State Hwy 6 Exit 360,Griffin,IN,392,3.102
600265,Bosselman Travel Center #8354,2892 I-95 Exit 118,Mustang,OK,15,3.004
600266,Bosselman Travel Center #7787,9943 I-10 Exit 274,Wilson,NC,107,3.206
600267,Roadys Truck Stop #7367,7219 I-40 Exit 241,Washington,IA,160,3.078
600268,Sapp Bros #9711,3678 I-95 Exit 140,Scott,IN,374,3.021
600269,AMBEST #8873,1793 US-287 Exit 3,Riverside,PA,396,3.026
600270,Bosselman Travel Center #1012,3972 US-287 Exit 223,Highlands,TX,380,3.303
600271,Pilot Travel Center #2285,8795 US-287 Exit 393,Keams Canyon,AZ,283,3.310
600272,Roadys Truck Stop #7071,347 I-95 Exit 215,New Boston,PA,109,2.913
600273,Sapp Bros #5134,7767 State Hwy 6 Exit 9,Malvern,AR,249,2.991
600274,TA Travel Center #1526,1032 I-40 Exit 257,Warrenville,IL,149,3.160
600275,TA Travel Center #6480,2806 I-10 Exit 71,Califon,NJ,195,2.995
600276,Loves Travel Stop #8724,482 I-80 Exit 143,Hunters Creek Village,TX,177,3.222
600277,Bosselman Travel Center #4906,1097 I-95 Exit 179,Aetna Estates,CO,311,3.251
600278,Sapp Bros #4038,5611 I-80 Exit 142,West Rancho Dominguez,CA,329,3.567
600279,Flying J #7810,7524 I-10 Exit 303,Alanreed,TX,170,3.374
600280,Roadys Truck Stop #6039,5387 State Hwy 6 Exit 115,Haverhill,FL,249,2.991
600281,Petro Stopping Center #9277,5877 I-10 Exit 384,Weldon Spring Heights,MO,80,3.017
600282,Sapp Bros #9124,4858 State Hwy 6 Exit 235,Hiram,OH,304,3.184
600283,AMBEST #941,1448 I-10 Exit 252,Kunkle,OH,167,3.144
600284,QuikTrip #9749,2969 I-95 Exit 141,Bernard,IA,289,2.774
600285,AMBEST #7114,5469 I-80 Exit 108,Summit Hill,PA,320,2.984
600286,Bosselman Travel Center #9336,964 I-80 Exit 31,Fountain Springs,PA,115,3.166
600287,AMBEST #8570,5661 US-287 Exit 20,Crestwood,IL,225,3.314
600288,Loves Travel Stop #5711,9444 I-10 Exit 43,Cornell,IL,66,3.091
600289,Petro Stopping Center #2451,6896 I-95 Exit 379,Weldon,NC,164,2.898
600290,Road Ranger #9002,5682 I-40 Exit 363,Brodheadsville,PA,104,3.117
600291,AMBEST #7998,6245 I-10 Exit 127,Goss,MO,171,3.149
600292,Loves Travel Stop #5216,2243 I-10 Exit 223,Ranshaw,PA,383,3.206
600293,TA Travel Center #456,4542 I-40 Exit 262,Karthaus,PA,182,3.200
600294,Flying J #3450,4416 State Hwy 6 Exit 40,Glenvar Heights,FL,36,3.070
600295,Kwik Trip #9911,8262 I-95 Exit 254,Ridott,IL,97,2.907
600296,AMBEST #6365,5823 I-95 Exit 97,Verona,IL,338,3.157
600297,Flying J #8416,772 US-287 Exit 53,Juliaetta,ID,365,3.821
600298,Loves Travel Stop #6401,890 I-80 Exit 104,Alexander,IA,378,3.090
600299,AMBEST #3891,1101 I-95 Exit 192,Minco,OK,150,3.076
600300,Petro Stopping Center #4192,6975 I-10 Exit 221,Miami Shores,FL,28,3.143
600301,AMBEST #3061,360 I-10 Exit 310,Homestead Valley,CA,102,3.793
600302,Kwik Trip #8952,891 I-10 Exit 82,Lilydale,MN,351,3.229
600303,Loves Travel Stop #614,9608 I-80 Exit 213,Warren,OH,249,3.050
600304,Roadys Truck Stop #8270,7598 State Hwy 6 Exit 233,Holly Hills,CO,123,3.089
600305,Roadys Truck Stop #5704,7573 State Hwy 6 Exit 160,Maumelle,AR,183,2.940
600306,Pilot Travel Center #3508,4199 I-95 Exit 57,Bertrand,MO,315,3.173
600307,Sapp Bros #4197,3410 US-287 Exit 396,Harveyville,KS,379,3.081
600308,Pilot Travel Center #2389,6355 I-95 Exit 105,Melrose Park,IL,294,3.019
600309,Sapp Bros #6186,3465 I-80 Exit 26,Rowlett,TX,276,2.844
600310,Flying J #4187,3189 I-10 Exit 43,Jacksonport,AR,106,2.845
600311,Sapp Bros #1244,5200 I-10 Exit 267,Jim Thorpe,PA,162,2.935
600312,QuikTrip #474,2447 State Hwy 6 Exit 129,Chester,VA,9,3.309
600313,Roadys Truck Stop #2371,7023 I-40 Exit 198,Pierceville,KS,226,3.204
600314,AMBEST #2120,4965 US-287 Exit 260,Lightstreet,PA,245,3.169
600315,Roadys Truck Stop #2675,1859 State Hwy 6 Exit 147,Troutville,PA,288,3.366
600316,Petro Stopping Center #2325,7524 I-10 Exit 297,Alexander,IL,233,3.050
600317,Flying J #993,2955 I-95 Exit 145,Juno Beach,FL,28,2.809
600318,QuikTrip #2866,5750 I-80 Exit 342,Cliffside Park,NJ,18,3.147
600319,TA Travel Center #3850,6018 I-95 Exit 318,Fostoria,IA,106,2.838
600320,TA Travel Center #6231,9048 I-80 Exit 275,Cameron,OK,136,3.114
600321,Kwik Trip #9264,9972 I-40 Exit 303,Woodland Hills,NE,343,3.337
600322,Petro Stopping Center #9985,5969 I-40 Exit 197,Pine Lake,AZ,348,3.394
600323,Road Ranger #5569,9641 I-40 Exit 384,Cedro,NM,362,3.310
600324,Roadys Truck Stop #4903,4991 State Hwy 6 Exit 129,Espy,PA,393,2.960
600325,Sapp Bros #2465,4003 I-95 Exit 4,Mendota Heights,MN,16,3.107
600326,TA Travel Center #5066,2659 I-10 Exit 270,Edgington,IL,193,3.540
600327,QuikTrip #8920,6087 US-287 Exit 131,Deer Park,TX,253,3.211
600328,Kwik Trip #9732,7799 State Hwy 6 Exit 307,El Cerro Mission,NM,352,3.168
600329,Sapp Bros #838,2146 I-10 Exit 155,Parks,AZ,193,3.465
600330,Bosselman Travel Center #3843,7038 State Hwy 6 Exit 74,Avon,OH,389,3.110
600331,AMBEST #5731,828 I-10 Exit 66,Parks,NE,258,3.252
600332,Road Ranger #5172,1356 State Hwy 6 Exit 248,Westgate,FL,365,2.892
600333,Pilot Travel Center #8214,4053 US-287 Exit 359,Sawyer,OK,217,3.155
600334,Roadys Truck Stop #1701,3730 I-10 Exit 153,Glenwood,IA,7,3.146
600335,Road Ranger #8084,9724 I-95 Exit 66,Camp Verde,AZ,351,3.499
600336,Petro Stopping Center #5835,7987 US-287 Exit 91,Shamrock Lakes,IN,250,2.916
600337,Sapp Bros #4828,3035 I-10 Exit 258,Calypso,NC,365,3.336
600338,TA Travel Center #9300,6647 State Hwy 6 Exit 352,Fisher Island,FL,258,2.774
600339,Sapp Bros #1579,5917 I-10 Exit 27,Prescott,AZ,217,3.662
600340,Kwik Trip #1250,5793 US-287 Exit 381,Osage,IA,240,3.020
600341,Loves Travel Stop #5426,6076 State Hwy 6 Exit 347,New Holland,IL,214,3.237
600342,Kwik Trip #9639,5040 I-40 Exit 290,Columbia Heights,MN,123,3.217
600343,Roadys Truck Stop #4015,6457 US-287 Exit 209,Leland,IL,328,3.316
600344,Sapp Bros #5237,2056 I-10 Exit 212,Aldine,TX,60,3.009
600345,Loves Travel Stop #3689,3492 I-95 Exit 172,Corn,OK,213,3.250
600346,Petro Stopping Center #6185,1322 I-95 Exit 77,Estancia,NM,192,3.330
600347,Roadys Truck Stop #6720,1203 I-95 Exit 66,Masury,OH,42,3.323
600348,Roadys Truck Stop #9398,7489 I-10 Exit 160,Strong,PA,286,3.011
600349,Road Ranger #6454,9598 State Hwy 6 Exit 284,Lyle,MN,156,2.897
600350,Kwik Trip #6790,3347 I-40 Exit 293,Annandale,NJ,218,3.051
600351,Flying J #1057,5793 I-80 Exit 254,Ingalls,IN,322,3.333
600352,Roadys Truck Stop #9450,3101 I-80 Exit 391,Old Orchard,PA,178,3.171
600353,Bosselman Travel Center #1387,7013 US-287 Exit 69,Moscow,ID,121,3.857
600354,QuikTrip #4713,6741 I-95 Exit 368,Kissee Mills,MO,393,3.049
600355,Pilot Travel Center #1912,8093 State Hwy 6 Exit 105,Rockford,IL,56,3.104
600356,Kwik Trip #7067,4093 State Hwy 6 Exit 350,Warren Park,IN,334,3.004
600357,Pilot Travel Center #8687,6044 I-10 Exit 178,Archer,IA,116,3.138
600358,TA Travel Center #2947,3256 I-40 Exit 212,San Pasqual,CA,97,3.661
600359,Sapp Bros #6935,7807 I-80 Exit 329,Saint Charles,MO,378,2.955
600360,Roadys Truck Stop #4840,2823 I-95 Exit 267,Shamokin,PA,159,3.237
600361,Loves Travel Stop #130,4981 I-40 Exit 364,Mesquite Creek,AZ,19,3.642
600362,QuikTrip #3429,402 I-80 Exit 386,Starkville,CO,66,3.596
600363,Petro Stopping Center #8681,2952 I-10 Exit 228,Allison,IA,156,3.438
600364,Flying J #5422,2186 I-10 Exit 372,East Peru,IA,118,2.716
600365,Sapp Bros #6869,1424 I-40 Exit 286,Scott,OH,264,3.054
600366,Flying J #8948,154 I-10 Exit 220,Batchtown,IL,345,2.980
600367,Road Ranger #9646,5498 I-95 Exit 342,Fairfield Plantation,GA,212,3.261
600368,Kwik Trip #5586,3374 I-10 Exit 341,Lake Holiday,IL,33,3.044
600369,Road Ranger #1787,1638 I-10 Exit 84,Force,PA,258,3.107
600370,Bosselman Travel Center #591,3525 I-10 Exit 201,Deerfield Beach,FL,218,2.753
600371,Roadys Truck Stop #6542,3844 State Hwy 6 Exit 334,Chancellor,SD,369,3.304
600372,TA Travel Center #8408,1306 I-10 Exit 127,Oak Hills,CA,82,3.604
600373,Roadys Truck Stop #5447,9627 I-95 Exit 144,Eastvale,CA,173,3.773
600374,AMBEST #8150,906 I-10 Exit 89,Worthington,IN,342,3.078
600375,AMBEST #9950,4656 I-40 Exit 116,Panther Burn,MS,252,2.910
600376,Road Ranger #3342,1863 I-10 Exit 103,Fairburn,GA,80,3.135
600377,Road Ranger #4211,5718 I-80 Exit 353,Conley,GA,230,3.162
600378,QuikTrip #1707,9636 I-10 Exit 176,Curwensville,PA,25,3.045
600379,Road Ranger #4188,993 US-287 Exit 207,Normandy Park,WA,257,3.871
600380,Loves Travel Stop #2161,6621 US-287 Exit 78,Willowbrook,CA,146,3.695
600381,Bosselman Travel Center #4885,8977 I-95 Exit 37,South Monroe,MI,257,2.911
600382,Bosselman Travel Center #8379,3998 I-95 Exit 258,Markham,IL,87,3.336
600383,Pilot Travel Center #1309,5474 I-40 Exit 142,Cleveland,MS,301,2.823
600384,Petro Stopping Center #9510,1562 I-80 Exit 205,Monterey Park,NM,372,3.399
600385,Loves Travel Stop #6788,5867 State Hwy 6 Exit 212,Passaic,NJ,178,3.326
600386,TA Travel Center #2293,6436 I-40 Exit 291,Keota,IA,336,3.373
600387,Sapp Bros #4505,9333 I-10 Exit 13,Dubuque,IA,68,2.903
600388,Petro Stopping Center #9609,4957 I-80 Exit 344,Reminderville,OH,382,3.009
600389,Petro Stopping Center #5340,7604 State Hwy 6 Exit 210,Youngstown,OH,203,3.402
600390,Kwik Trip #8882,7258 US-287 Exit 321,New Tripoli,PA,175,3.250
600391,Pilot Travel Center #656,9645 I-40 Exit 358,Mingoville,PA,189,2.864
600392,Road Ranger #7367,8547 I-80 Exit 73,Dunlap,IN,107,2.945
600393,Bosselman Travel Center #6073,9785 I-80 Exit 197,Oakwood Park,MO,8,3.270
600394,Petro Stopping Center #1524,2626 I-10 Exit 236,Lenox,IA,16,2.986
600395,Roadys Truck Stop #6372,1837 I-95 Exit 397,Olympia Heights,FL,168,2.854
600396,Road Ranger #8800,8172 I-95 Exit 22,Walnutport,PA,225,2.934
600397,TA Travel Center #111,2391 I-40 Exit 115,Steelville,MO,325,3.009
600398,Kwik Trip #1741,1192 I-80 Exit 6,Bald Knob,AR,389,2.824
600399,Bosselman Travel Center #7094,6588 State Hwy 6 Exit 220,Rader Creek,MT,113,3.247
600400,Flying J #7371,3762 US-287 Exit 397,Winnebago,IL,129,3.246
600401,Kwik Trip #3766,6249 US-287 Exit 216,Alhambra,CA,248,3.920
600402,Bosselman Travel Center #141,5793 State Hwy 6 Exit 338,Golf,IL,167,3.102
600403,QuikTrip #4802,3275 I-95 Exit 209,Patterson,AR,251,2.885
600404,Roadys Truck Stop #7482,3396 I-95 Exit 125,Claremont,MN,39,3.141
600405,Roadys Truck Stop #4216,9881 I-40 Exit 303,Clinton,NJ,381,3.221
600406,Roadys Truck Stop #9107,8827 State Hwy 6 Exit 383,Palm Beach,FL,124,2.942
600407,Road Ranger #920,5896 I-95 Exit 258,Sligo,PA,220,3.034
600408,TA Travel Center #5515,3579 I-40 Exit 70,Kirkland,IL,302,3.089
600409,TA Travel Center #7020,6974 I-80 Exit 162,Oakview,MO,140,3.365
600410,Pilot Travel Center #635,9333 US-287 Exit 265,Mount Eagle,PA,27,3.061
600411,Petro Stopping Center #331,1584 US-287 Exit 198,Wrightwood,CA,63,3.779
600412,QuikTrip #312,769 I-40 Exit 37,Vale,SD,297,3.162
600413,AMBEST #1010,672 State Hwy 6 Exit 108,Prairie Home,NE,266,2.983
600414,Roadys Truck Stop #7325,3897 I-10 Exit 159,Holbrook,NE,373,3.219
600415,QuikTrip #4737,4097 State Hwy 6 Exit 386,Northfield,OH,294,3.118
600416,Pilot Travel Center #9184,4626 I-40 Exit 108,Westchester,IL,55,3.319
600417,Bosselman Travel Center #8802,5309 I-95 Exit 194,Hometown,IL,255,3.206
600418,Loves Travel Stop #3395,317 US-287 Exit 151,Sulphur Rock,AR,65,3.087
600419,AMBEST #8972,4247 I-10 Exit 364,Muddy,IL,90,3.018
600420,Loves Travel Stop #9650,785 I-80 Exit 387,Palatine,IL,181,3.151
600421,Bosselman Travel Center #5018,335 I-95 Exit 151,Latimer,KS,86,3.047
600422,TA Travel Center #5236,9352 State Hwy 6 Exit 319,Chical,NM,320,3.241
600423,Road Ranger #9760,695 I-10 Exit 350,Gilberton,PA,117,3.094
600424,Kwik Trip #8984,7434 I-10 Exit 215,Reynolds Heights,PA,240,3.000
600425,Roadys Truck Stop #7148,694 I-10 Exit 199,Julian,PA,85,3.201
600426,Sapp Bros #1263,3409 US-287 Exit 9,Cherry Valley,CA,332,3.469
600427,Flying J #9343,7806 I-95 Exit 112,New Hope,NC,274,2.897
600428,Road Ranger #3285,449 I-95 Exit 52,Elk River,ID,262,3.782
600429,Flying J #6775,4012 I-80 Exit 354,Hardy,IA,388,3.004
600430,Bosselman Travel Center #7435,239 I-80 Exit 198,Fairway,KS,386,3.022
600431,Roadys Truck Stop #4070,8452 I-80 Exit 3,Tebbetts,MO,242,3.351
600432,Kwik Trip #1408,9126 US-287 Exit 61,Salona,PA,114,3.366
600433,Flying J #1827,1372 State Hwy 6 Exit 261,West Dundee,IL,213,3.272
600434,QuikTrip #6751,7510 State Hwy 6 Exit 37,Lantana,FL,304,3.009
600435,TA Travel Center #9253,9154 I-95 Exit 70,Mountain Grove,MO,391,3.171
600436,TA Travel Center #8794,7373 US-287 Exit 225,Dortches,NC,139,3.066
600437,Pilot Travel Center #5957,8349 I-95 Exit 386,Franklinton,LA,96,3.012
600438,Flying J #6942,312 State Hwy 6 Exit 225,Ridgefield Park,NJ,251,3.411
600439,Kwik Trip #7999,1914 I-95 Exit 330,Mclean,IL,87,3.060
600440,AMBEST #2966,6293 US-287 Exit 175,Lee Center,IL,385,3.326
600441,QuikTrip #1150,3202 State Hwy 6 Exit 145,Arabi,LA,296,3.085
600442,Petro Stopping Center #6055,1652 I-10 Exit 382,Mount Vernon,VA,159,2.905
600443,Sapp Bros #3849,7515 US-287 Exit 392,Pilsen,KS,91,2.956
600444,Petro Stopping Center #8590,8813 I-80 Exit 166,Enfield,IL,72,3.275
600445,Road Ranger #6969,9988 I-95 Exit 25,Taos,MO,363,3.222
600446,Loves Travel Stop #1787,1938 US-287 Exit 377,Champion Heights,OH,222,3.227
600447,QuikTrip #4190,3904 I-95 Exit 177,Middletown,IN,39,3.004
600448,Road Ranger #6988,8200 I-40 Exit 333,Golden Shores,AZ,189,3.742
600449,Pilot Travel Center #6878,8817 I-40 Exit 312,Prescott Valley,AZ,279,3.599
600450,Loves Travel Stop #9650,3759 US-287 Exit 223,Plantation Mobile Home Park,FL,166,3.212
600451,Road Ranger #1091,3007 State Hwy 6 Exit 164,Sycamore,IL,261,3.153
600452,AMBEST #5002,5737 State Hwy 6 Exit 104,Keswick,IA,353,3.078
600453,Flying J #3484,8955 I-95 Exit 78,Atlanta,GA,126,2.876
600454,Sapp Bros #2367,4669 US-287 Exit 232,Azusa,CA,28,4.101
600455,Sapp Bros #1363,5290 US-287 Exit 370,Bruceville,IN,241,3.310
600456,AMBEST #2286,6693 I-80 Exit 275,Violet,LA,279,2.659
600457,Pilot Travel Center #3418,2822 US-287 Exit 347,Ollie,IA,379,3.159
600458,Loves Travel Stop #6285,1903 I-10 Exit 269,Kirtland Afb,NM,383,3.290
600459,AMBEST #6484,2732 I-10 Exit 353,Redwater,TX,262,3.153
600460,QuikTrip #4211,7987 State Hwy 6 Exit 371,Manhattan,IL,93,3.005
600461,Flying J #7790,502 I-80 Exit 351,Glen Ellyn,IL,285,2.796
600462,QuikTrip #9279,7372 I-10 Exit 95,East Hazel Crest,IL,212,3.543
600463,Kwik Trip #1672,9451 I-80 Exit 63,Parker,PA,313,3.244
600464,Petro Stopping Center #1579,2978 I-10 Exit 115,Huntington,VA,72,3.294
600465,Kwik Trip #115,6518 I-80 Exit 179,National Harbor,MD,124,3.017
600466,Road Ranger #1653,8321 US-287 Exit 141,Montezuma,IA,175,2.977
600467,Sapp Bros #4658,1155 I-95 Exit 314,Tedrow,OH,85,2.945
600468,Flying J #1501,4380 I-40 Exit 27,Parkman,WY,119,3.808
600469,Sapp Bros #6691,3780 I-40 Exit 104,Faunsdale,AL,82,2.824
600470,Flying J #5447,5060 I-95 Exit 5,White Oak,TX,158,3.000
600471,QuikTrip #9595,9056 State Hwy 6 Exit 185,Fifth Ward,LA,227,3.249
600472,Kwik Trip #9671,7254 I-10 Exit 72,Fort Lee,NJ,48,3.277
600473,Flying J #2520,6107 I-40 Exit 269,Wood Ridge,NJ,214,3.187
600474,Kwik Trip #5240,6423 US-287 Exit 321,Anguilla,MS,108,3.197
600475,Petro Stopping Center #7280,6434 I-40 Exit 351,Mountainburg,AR,349,2.695
600476,Kwik Trip #2964,3555 I-40 Exit 296,Sandy Lake,PA,88,3.042
600477,Sapp Bros #9019,7298 I-80 Exit 267,Hackensack,NJ,307,3.151
600478,Roadys Truck Stop #7748,3597 State Hwy 6 Exit 108,Quitman,MS,40,2.766
600479,Roadys Truck Stop #3415,4099 I-40 Exit 284,Tuckerman,AR,151,2.977
600480,TA Travel Center #6557,2594 I-95 Exit 394,Netcong,NJ,8,3.141
600481,Flying J #3499,6739 US-287 Exit 312,Cherokee Village,AR,26,2.735
600482,AMBEST #8285,4708 I-95 Exit 42,Chapman,PA,324,3.057
600483,Loves Travel Stop #7196,4024 US-287 Exit 334,Delta,AL,363,3.114
600484,Pilot Travel Center #3847,1656 I-40 Exit 366,Irvington,IA,354,3.685
600485,Loves Travel Stop #6460,6851 I-80 Exit 394,Hamilton,MT,193,3.239
600486,TA Travel Center #8687,4591 US-287 Exit 163,Tamms,IL,157,3.257
600487,Loves Travel Stop #4853,143 I-95 Exit 326,Medina,WA,170,3.568
600488,Roadys Truck Stop #2594,2767 I-95 Exit 181,Southgate,MI,39,3.210
600489,Loves Travel Stop #130,8479 US-287 Exit 270,Hickory Hills,IL,219,3.244
600490,Roadys Truck Stop #816,1085 I-80 Exit 200,Rohrsburg,PA,4,3.172
600491,Petro Stopping Center #6962,9785 I-40 Exit 327,Evanston,IL,54,2.882
600492,Sapp Bros #3364,8474 I-10 Exit 320,Chevy Chase Village,MD,55,3.153
600493,Road Ranger #6321,2297 US-287 Exit 143,Pinesdale,MT,38,3.860
600494,AMBEST #8154,9040 I-95 Exit 148,North Arlington,NJ,164,3.049
600495,QuikTrip #3718,2516 I-40 Exit 221,Friendly,MD,179,3.167
600496,AMBEST #4586,2604 I-80 Exit 397,Saint Ansgar,IA,269,3.150
600497,Bosselman Travel Center #3295,5777 US-287 Exit 381,Judsonia,AR,131,3.049
600498,Loves Travel Stop #1208,350 I-10 Exit 238,Stacey Street,FL,388,2.924
600499,TA Travel Center #8551,6241 I-40 Exit 87,Summersville,MO,125,3.031
600500,Sapp Bros #598,7073 State Hwy 6 Exit 228,Millbury,OH,49,3.063
600501,Petro Stopping Center #8961,5667 I-80 Exit 114,Derby,CO,337,3.387
600502,Loves Travel Stop #4273,7556 I-95 Exit 390,Edmonston,MD,163,3.152
600503,Sapp Bros #4285,1181 I-80 Exit 289,Leighton,IA,283,3.045
600504,Bosselman Travel Center #3012,2665 I-40 Exit 93,Sublette,IL,260,2.963
600505,AMBEST #9092,1283 US-287 Exit 335,Cabana Colony,FL,93,3.164
600506,AMBEST #5903,2372 I-40 Exit 226,Monroe,IN,201,3.154
600507,Kwik Trip #158,2069 I-80 Exit 214,Sandyfield,NC,311,2.885
600508,Pilot Travel Center #5467,1034 State Hwy 6 Exit 378,Ritzville,WA,117,3.879
600509,Road Ranger #2326,4663 I-10 Exit 308,Packanack Lake,NJ,33,3.116
600510,Flying J #987,4147 I-10 Exit 385,Benton,MO,87,3.280
600511,Sapp Bros #850,2858 State Hwy 6 Exit 129,Graf,IA,308,3.027
600512,Flying J #9293,3874 I-95 Exit 145,Belvidere,NJ,152,3.147
600513,Pilot Travel Center #3900,7994 I-10 Exit 202,Davis Junction,IL,182,3.091
600514,Bosselman Travel Center #4458,2629 I-10 Exit 288,Edwardsburg,MI,388,3.327
600515,Sapp Bros #8694,413 I-80 Exit 116,Windham,OH,14,2.852
600516,Loves Travel Stop #4810,9219 State Hwy 6 Exit 336,Lamar,PA,126,3.055
600517,TA Travel Center #9779,866 I-95 Exit 164,Sandwich,IL,11,3.068
600518,Petro Stopping Center #8474,8219 I-10 Exit 55,Lincolnia,VA,172,3.119
600519,Bosselman Travel Center #554,5260 I-40 Exit 286,Mishawaka,IN,65,3.259
600520,TA Travel Center #1816,1072 I-95 Exit 27,Durham,KS,248,3.027
600521,Petro Stopping Center #4833,4313 State Hwy 6 Exit 294,Holstein,NE,354,3.197
600522,Loves Travel Stop #7827,2145 State Hwy 6 Exit 129,North Lauderdale,FL,366,3.023
600523,Pilot Travel Center #584,3383 I-10 Exit 132,Pawnee Rock,KS,183,2.973
600524,Kwik Trip #4639,8782 State Hwy 6 Exit 169,Monrovia,IN,346,3.234
600525,QuikTrip #3509,7945 US-287 Exit 143,Renova,MS,307,2.898
600526,Pilot Travel Center #7349,2313 I-80 Exit 202,Maple Park,IL,194,3.214
600527,Road Ranger #1051,4887 State Hwy 6 Exit 135,Ashland,PA,54,3.218
600528,Kwik Trip #125,3261 State Hwy 6 Exit 265,Symerton,IL,305,3.267
600529,Flying J #8309,2620 US-287 Exit 68,Helmer,IN,274,2.997
600530,Petro Stopping Center #177,5115 I-80 Exit 298,Westlake Village,IL,127,2.900
600531,Sapp Bros #2016,6688 I-40 Exit 71,Mifflinburg,PA,203,2.881
600532,QuikTrip #7327,6218 I-80 Exit 354,Potomac Heights,MD,221,2.899
600533,Roadys Truck Stop #9285,4845 I-95 Exit 27,Garland,NE,112,3.107
600534,Flying J #6659,7798 I-95 Exit 36,Saronville,NE,236,3.102
600535,Sapp Bros #2548,4386 I-10 Exit 284,Delta,IA,35,3.094
600536,Roadys Truck Stop #4484,2667 I-95 Exit 264,Osyka,MS,118,3.117
600537,Bosselman Travel Center #3707,287 I-80 Exit 320,Druid Hills,GA,391,3.143
600538,Sapp Bros #2322,6606 I-40 Exit 268,Holden Beach,NC,335,3.002
600539,Kwik Trip #5764,3183 I-80 Exit 308,Bridge City,LA,287,3.161
600540,Petro Stopping Center #594,1623 I-40 Exit 131,Conrad,IA,318,2.803
600541,Bosselman Travel Center #8109,5090 State Hwy 6 Exit 169,Newburg,MO,140,3.043
600542,AMBEST #7465,7689 I-40 Exit 142,Carol Stream,IL,390,2.986
600543,Bosselman Travel Center #752,9535 State Hwy 6 Exit 235,Tucker,GA,274,3.152
600544,Roadys Truck Stop #5611,9520 State Hwy 6 Exit 231,Four Square Mile,CO,120,3.418
600545,Bosselman Travel Center #6406,1641 I-40 Exit 340,Dumbarton,VA,103,3.075
600546,Sapp Bros #7802,3468 State Hwy 6 Exit 278,Bargersville,IN,374,2.948
600547,Bosselman Travel Center #1682,938 I-95 Exit 382,Wharton,NJ,11,3.067
600548,AMBEST #8241,5240 State Hwy 6 Exit 320,Willow Creek,MT,328,3.689
600549,Petro Stopping Center #3615,619 State Hwy 6 Exit 366,Farley,IA,83,3.228
600550,Kwik Trip #8394,7576 I-10 Exit 233,Hickman,NE,35,2.791
600551,AMBEST #7052,9540 I-95 Exit 52,Macksville,KS,199,3.091
600552,Flying J #6820,4150 US-287 Exit 391,Dexter,MO,36,3.219
600553,Loves Travel Stop #625,4420 I-95 Exit 170,Shenandoah Heights,PA,226,3.468
600554,Roadys Truck Stop #7460,1908 I-80 Exit 198,Fieldon,IL,168,3.063
600555,QuikTrip #2718,9098 I-40 Exit 284,Green Mountain,IA,74,3.223
600556,Loves Travel Stop #2823,8137 I-95 Exit 320,Ruthven,IA,329,2.921
600557,Kwik Trip #8437,6113 I-10 Exit 85,Mokena,IL,133,2.870
600558,Loves Travel Stop #6724,523 I-10 Exit 272,Chester,NJ,150,2.969
600559,Loves Travel Stop #5796,9279 US-287 Exit 189,Pleasant Plain,IA,99,2.972
600560,Road Ranger #4656,3614 State Hwy 6 Exit 214,Bellefonte,AR,105,3.068
600561,Loves Travel Stop #8777,5357 US-287 Exit 290,Delaware Park,NJ,207,3.122
600562,Loves Travel Stop #7230,4285 US-287 Exit 281,Bradford,IA,364,3.100
600563,Loves Travel Stop #4539,5104 I-40 Exit 3,Montrose,VA,31,3.052
600564,QuikTrip #6155,6822 I-40 Exit 77,Batavia,AR,123,2.907
600565,Loves Travel Stop #934,7027 US-287 Exit 398,Manalapan,FL,21,2.450
600566,QuikTrip #2703,9673 State Hwy 6 Exit 269,Boyden,IA,380,3.320
600567,TA Travel Center #2991,9304 I-95 Exit 339,Centerton,IN,170,3.074
600568,QuikTrip #3477,4480 US-287 Exit 302,Lattimer,PA,365,2.945
600569,QuikTrip #9532,9917 I-80 Exit 192,Raymond,KS,59,3.230
600570,Bosselman Travel Center #7971,3293 State Hwy 6 Exit 209,Central Garage,VA,324,2.824
600571,Sapp Bros #4619,7396 I-10 Exit 188,Redkey,IN,261,3.237
600572,Kwik Trip #4087,8035 I-40 Exit 31,Iselin,NJ,359,2.976
600573,Sapp Bros #3172,9716 I-10 Exit 357,Beltsville,MD,74,2.906
600574,Pilot Travel Center #7147,8219 State Hwy 6 Exit 62,Cherry Hill,VA,286,3.279
600575,Sapp Bros #3295,6674 I-40 Exit 394,Hoagland,IN,326,3.200
600576,Flying J #428,4313 I-40 Exit 81,Moro,AR,180,3.115
600577,Roadys Truck Stop #1064,865 US-287 Exit 62,Beaver Valley,AZ,103,3.627
600578,Roadys Truck Stop #8197,7716 US-287 Exit 76,Sexton,IA,246,3.009
600579,Pilot Travel Center #7273,1910 I-80 Exit 230,Towamensing Trails,PA,295,3.367
600580,QuikTrip #1780,7293 State Hwy 6 Exit 110,Big Run,PA,380,3.077
600581,Sapp Bros #251,6824 US-287 Exit 92,Toomsuba,MS,357,2.791
600582,Bosselman Travel Center #485,4918 I-80 Exit 263,Elizabeth,IL,281,3.160
600583,AMBEST #1749,8080 I-10 Exit 209,Detroit,MI,237,2.788
600584,TA Travel Center #7282,667 I-80 Exit 378,Roselle Park,NJ,179,3.324
600585,Petro Stopping Center #4139,1277 State Hwy 6 Exit 328,Caddo Mills,TX,119,2.913
600586,Petro Stopping Center #6997,4568 State Hwy 6 Exit 65,Pleasant View,IN,172,3.009
600587,Roadys Truck Stop #987,4732 State Hwy 6 Exit 240,Manter,KS,263,3.386
600588,AMBEST #3445,7240 I-95 Exit 11,Ellettsville,IN,201,3.279
600589,Road Ranger #1861,5347 I-10 Exit 360,Coral Springs,FL,180,3.247
600590,Roadys Truck Stop #1159,3992 US-287 Exit 16,New Orleans,LA,360,3.044
600591,Bosselman Travel Center #7821,3809 I-40 Exit 70,Leary,TX,80,3.082
600592,Road Ranger #7177,6389 State Hwy 6 Exit 223,Plainfield,IL,208,2.852
600593,Sapp Bros #4793,169 US-287 Exit 120,Snow Hill,NC,377,2.944
600594,AMBEST #1966,6848 I-95 Exit 143,Centreville,AL,114,2.907
600595,Sapp Bros #3764,2830 I-95 Exit 382,Jamestown,PA,223,3.258
600596,AMBEST #297,6091 I-95 Exit 35,Crystal Springs,MS,123,2.901
600597,Kwik Trip #624,5554 State Hwy 6 Exit 115,Rockport Colony,SD,96,3.320
600598,QuikTrip #9240,9276 State Hwy 6 Exit 152,Dinwiddie,VA,183,3.161
600599,Sapp Bros #6199,2285 State Hwy 6 Exit 57,Panorama Park,IA,162,3.230
600600,Road Ranger #5798,6086 State Hwy 6 Exit 5,Montrose,MS,187,3.126
600601,TA Travel Center #6219,691 I-95 Exit 205,Lakeville,IN,273,2.792
600602,Petro Stopping Center #1617,2175 I-80 Exit 176,Vermilion,OH,345,3.108
600603,Bosselman Travel Center #9644,9048 I-95 Exit 223,Arbury Hills,IL,336,3.279
600604,Kwik Trip #6606,9876 I-80 Exit 205,Glenview,IL,127,3.452
600605,Sapp Bros #7159,508 I-40 Exit 197,New Virginia,IA,332,3.189
600606,Loves Travel Stop #6099,1531 State Hwy 6 Exit 390,Rossiter,PA,301,3.321
600607,QuikTrip #6051,1337 I-95 Exit 103,Port Murray,NJ,244,3.181
600608,Sapp Bros #3669,1196 I-80 Exit 233,Mount Rainier,MD,102,2.980
600609,Petro Stopping Center #4215,5576 I-95 Exit 331,Avenel,NJ,11,2.970
600610,QuikTrip #7032,2713 I-40 Exit 102,Mineral Ridge,OH,138,2.884
600611,Roadys Truck Stop #1561,6599 US-287 Exit 350,Justice,IL,193,3.183
600612,Road Ranger #7170,5594 I-80 Exit 78,Douglassville,TX,73,3.057
600613,TA Travel Center #4387,7467 I-40 Exit 380,Yorktown,IN,347,2.607
600614,Pilot Travel Center #1856,4519 I-95 Exit 354,Granger,IN,56,3.067
600615,TA Travel Center #9649,7353 I-40 Exit 316,Ohio,IL,286,3.046
600616,Kwik Trip #9948,4213 I-80 Exit 230,Mendota,IL,394,3.084
600617,Petro Stopping Center #9173,2056 I-80 Exit 206,Shelbina,MO,264,3.296
600618,Bosselman Travel Center #4191,235 I-10 Exit 8,Risco,MO,267,3.227
600619,Pilot Travel Center #5402,8537 I-95 Exit 304,Sheldon,TX,312,3.088
600620,AMBEST #8420,784 I-95 Exit 62,Valley City,OH,138,2.983
600621,Pilot Travel Center #3255,3649 US-287 Exit 365,Delaplaine,AR,13,3.019
600622,Road Ranger #1940,890 US-287 Exit 193,Gibraltar,MI,364,3.138
600623,Flying J #5691,8590 I-10 Exit 337,Norris City,IL,222,3.144
600624,Pilot Travel Center #3120,1831 I-80 Exit 36,La Moille,IL,50,2.884
600625,Roadys Truck Stop #6896,9412 US-287 Exit 215,Pinehurst,TX,12,3.314
600626,Loves Travel Stop #2733,4861 State Hwy 6 Exit 230,Lindsey,OH,217,2.818
600627,Petro Stopping Center #2462,8385 I-40 Exit 77,Lake Worth Beach,FL,362,2.838
600628,Bosselman Travel Center #8680,3215 State Hwy 6 Exit 398,South Weldon,NC,82,2.792
600629,Pilot Travel Center #7588,4482 I-95 Exit 261,Shadybrook,TX,287,3.041
600630,Road Ranger #5359,9911 I-40 Exit 89,Port Byron,IL,200,2.966
600631,Pilot Travel Center #9581,2535 I-40 Exit 126,Fairfield,TX,115,3.318
600632,Road Ranger #7189,6152 State Hwy 6 Exit 352,Knoxville,IA,182,3.249
600633,QuikTrip #2065,6974 State Hwy 6 Exit 182,Wiederkehr Village,AR,252,3.260
600634,AMBEST #1681,3558 I-40 Exit 147,Grand View Estates,CO,295,3.046
600635,Bosselman Travel Center #5758,1039 US-287 Exit 121,Jefferson,LA,257,2.722
600636,Petro Stopping Center #1745,6619 US-287 Exit 181,Shaker Heights,OH,21,2.974
600637,Kwik Trip #6417,2462 I-10 Exit 362,Palm Springs North,FL,289,3.019
600638,TA Travel Center #2182,3804 I-40 Exit 242,Matoaca,VA,76,2.976
600639,Petro Stopping Center #9153,8115 State Hwy 6 Exit 131,Flanders,NJ,49,3.241
600640,Flying J #9414,6064 US-287 Exit 251,Walnut,IL,129,3.008
600641,Sapp Bros #9014,6602 I-40 Exit 259,Fairwood,WA,382,4.073
600642,Kwik Trip #3378,9547 I-80 Exit 160,Orestes,IN,19,3.095
600643,Kwik Trip #3692,6145 US-287 Exit 325,Unionville,PA,143,3.226
600644,QuikTrip #8537,8790 US-287 Exit 290,Little Ferry,NJ,280,2.873
600645,Kwik Trip #2147,9758 I-80 Exit 8,Fremont,IN,222,2.972
600646,Bosselman Travel Center #3313,3012 US-287 Exit 341,Aquilla,OH,307,2.989
600647,Roadys Truck Stop #2427,7611 State Hwy 6 Exit 353,South Bend,IN,84,3.210
600648,Flying J #1458,2951 State Hwy 6 Exit 175,Dodge City,KS,119,3.334
600649,Petro Stopping Center #2111,8823 I-80 Exit 314,Collins,MS,379,2.775
600650,Sapp Bros #5657,7805 I-95 Exit 384,Tschetter Colony,SD,399,3.013
600651,Pilot Travel Center #2737,2298 I-95 Exit 10,Highland Beach,FL,46,3.072
600652,AMBEST #538,6989 I-80 Exit 289,Utica,MS,152,2.848
600653,Sapp Bros #390,2287 I-10 Exit 198,Cerritos,CA,339,3.680
600654,QuikTrip #3757,6076 I-10 Exit 110,Palos Hills,IL,143,2.958
600655,Loves Travel Stop #4718,4142 I-95 Exit 38,Taylor,TX,16,3.050
600656,Flying J #2126,8760 State Hwy 6 Exit 340,Pajarito Mesa,NM,384,3.255
600657,Roadys Truck Stop #7778,9489 I-10 Exit 26,Freeland,PA,218,2.917
600658,Road Ranger #4310,7811 State Hwy 6 Exit 331,Singac,NJ,325,3.181
600659,TA Travel Center #947,1698 I-40 Exit 339,Quincy,WA,32,3.796
600660,Kwik Trip #4201,4145 I-10 Exit 240,Tupelo,AR,286,3.240
600661,TA Travel Center #6559,392 I-40 Exit 329,Culbertson,NE,280,2.994
600662,Bosselman Travel Center #5765,3732 I-80 Exit 383,Comanche Creek,CO,145,3.428
600663,TA Travel Center #2283,5416 I-80 Exit 303,Beaver Springs,PA,116,3.171
600664,Petro Stopping Center #2199,5999 State Hwy 6 Exit 245,Washburn,TX,231,3.185
600665,TA Travel Center #7570,7574 US-287 Exit 186,Hilshire Village,TX,229,2.967
600666,Loves Travel Stop #8638,8710 US-287 Exit 96,Jean Lafitte,LA,48,2.930
600667,Loves Travel Stop #4719,8723 US-287 Exit 222,Bennett,CO,18,3.368
600668,Kwik Trip #3873,9642 State Hwy 6 Exit 365,Jesup,IA,393,3.269
600669,Kwik Trip #8114,8980 I-95 Exit 153,Mohave Valley,AZ,91,3.595
600670,Road Ranger #4775,7671 US-287 Exit 353,Licking,MO,321,3.027
600671,Road Ranger #9731,9282 I-80 Exit 189,Meridian Hills,IN,340,2.851
600672,QuikTrip #7879,1017 State Hwy 6 Exit 296,Worthing,SD,360,3.159
600673,Road Ranger #4104,9762 I-80 Exit 270,The Highlands,KS,175,3.159
600674,Pilot Travel Center #2561,5297 US-287 Exit 209,Carlton,KS,42,3.376
600675,Roadys Truck Stop #7869,9800 US-287 Exit 211,Utica,PA,383,3.338
600676,Kwik Trip #1218,8616 I-95 Exit 265,Temple Hills,MD,223,3.048
600677,Flying J #6887,1384 I-80 Exit 294,Hendley,NE,167,3.119
600678,AMBEST #5474,9697 I-80 Exit 361,Coon Rapids,MN,34,3.036
600679,Loves Travel Stop #9279,5593 I-10 Exit 225,Marlin,PA,89,3.117
600680,AMBEST #946,1531 I-95 Exit 144,Cumberland,IN,236,3.316
600681,Flying J #8199,8085 I-95 Exit 217,Grantville,KS,71,2.995
600682,Bosselman Travel Center #6310,5884 US-287 Exit 393,Karns City,PA,289,3.156
600683,Bosselman Travel Center #8184,7714 I-95 Exit 44,Jarratt,VA,363,2.812
600684,TA Travel Center #2314,433 I-40 Exit 282,Seligman,AZ,368,3.571
600685,AMBEST #2120,480 I-40 Exit 50,Ava,MO,381,3.043
600686,Roadys Truck Stop #6919,9867 I-40 Exit 203,Lawrence,KS,94,3.278
600687,Sapp Bros #1505,5372 State Hwy 6 Exit 166,Lauderdale By The Sea,FL,301,2.872
600688,Bosselman Travel Center #800,9357 I-10 Exit 204,Manzano Springs,NM,228,3.458
600689,Loves Travel Stop #329,8476 I-40 Exit 1,Andrews Afb,MD,366,3.030
600690,Kwik Trip #8025,3104 US-287 Exit 81,Hudson,IA,338,3.506
600691,TA Travel Center #8026,4900 I-10 Exit 355,Eagan,MN,302,3.301
600692,Road Ranger #2205,4972 I-95 Exit 102,Farragut,IA,23,3.055
600693,Sapp Bros #1983,7581 I-40 Exit 301,Frankston,TX,238,3.100
600694,TA Travel Center #3657,4294 I-80 Exit 389,El Moro,CO,121,3.447
600695,Sapp Bros #3901,7178 State Hwy 6 Exit 192,Fort Smith,MT,346,3.315
600696,QuikTrip #3584,4207 I-10 Exit 67,Leslie,MO,199,3.128
600697,Sapp Bros #8816,7998 US-287 Exit 25,Lybrook,NM,106,3.386
600698,Road Ranger #9771,7269 I-95 Exit 48,Grover Hill,OH,132,3.070
600699,Pilot Travel Center #7805,7921 I-40 Exit 323,Mar Mac,NC,352,2.796
600700,Pilot Travel Center #6865,1498 I-10 Exit 296,South Barrington,IL,306,2.855
600701,Pilot Travel Center #7986,4428 State Hwy 6 Exit 202,Easton,PA,363,3.316
600702,QuikTrip #4572,7875 I-80 Exit 384,Sturgis,SD,47,3.335
600703,QuikTrip #2061,2889 US-287 Exit 394,Wyatt,IN,118,2.975
600704,AMBEST #4113,926 I-80 Exit 79,Vilonia,AR,179,3.162
600705,Flying J #6438,9485 US-287 Exit 367,Moriarty,NM,74,3.455
600706,QuikTrip #6321,8121 I-80 Exit 164,Antoine,AR,374,2.919
600707,Pilot Travel Center #7875,9278 I-40 Exit 383,Springfield,IL,29,3.022
600708,Road Ranger #3769,9854 US-287 Exit 237,Mcclure,IL,198,2.963
600709,Petro Stopping Center #6902,1279 I-80 Exit 349,Glendora,CA,194,3.867
600710,AMBEST #3452,6733 I-10 Exit 122,Rockwell,IA,55,3.232
600711,Bosselman Travel Center #6569,2984 State Hwy 6 Exit 171,Maxwell,IN,202,3.037
600712,Bosselman Travel Center #726,9652 US-287 Exit 33,Racetrack,MT,323,3.522
600713,Bosselman Travel Center #5619,6542 State Hwy 6 Exit 112,Pacific Junction,IA,9,3.270
600714,Roadys Truck Stop #2477,2035 I-40 Exit 184,South Pasadena,CA,348,3.741
600715,Loves Travel Stop #6470,4343 I-40 Exit 229,Blaine,MN,262,2.860
600716,Road Ranger #1008,5022 I-95 Exit 56,Catasauqua,PA,47,3.152
600717,Flying J #6062,3301 I-10 Exit 374,Robbinsdale,MN,244,3.126
600718,AMBEST #4136,6909 US-287 Exit 82,Roxie,MS,248,2.455
600719,AMBEST #2773,9859 US-287 Exit 298,Circle Pines,MN,384,2.955
600720,QuikTrip #1102,5582 US-287 Exit 153,Brookside,NJ,265,3.038
600721,Bosselman Travel Center #9680,705 State Hwy 6 Exit 46,Potomac Mills,VA,94,2.934
600722,Roadys Truck Stop #9952,1674 US-287 Exit 150,Myrtlewood,AL,361,2.644
600723,Kwik Trip #3099,7935 I-40 Exit 26,South Bend,NE,337,3.215
600724,Road Ranger #1818,3575 I-80 Exit 201,Austin,AR,261,3.122
600725,Bosselman Travel Center #3295,7816 US-287 Exit 216,Caddo Valley,AR,11,3.093
600726,Kwik Trip #8877,4804 I-40 Exit 185,Conesville,IA,256,3.201
600727,QuikTrip #1469,2318 I-10 Exit 312,Harmony,NJ,35,2.984
600728,AMBEST #6234,1134 I-10 Exit 303,Highland Hills,OH,181,3.077
600729,Roadys Truck Stop #1492,7848 State Hwy 6 Exit 342,Broomfield,CO,187,3.246
600730,TA Travel Center #3706,6139 US-287 Exit 67,El Paso,IL,354,3.285
600731,Kwik Trip #5394,9215 State Hwy 6 Exit 343,Nettle Lake,OH,14,3.345
600732,Flying J #194,2579 I-80 Exit 281,Matherville,IL,399,2.827
600733,Road Ranger #3005,3750 I-80 Exit 183,Mission,KS,74,2.894
600734,Bosselman Travel Center #8256,1801 US-287 Exit 372,Eureka,NC,100,2.986
600735,Sapp Bros #9907,6816 US-287 Exit 249,Tonto Village,AZ,81,3.268
600736,Road Ranger #8272,4459 State Hwy 6 Exit 142,Tome,NM,347,3.493
600737,Sapp Bros #5358,654 State Hwy 6 Exit 351,Lake Havasu City,AZ,78,3.674
600738,Pilot Travel Center #2113,9121 US-287 Exit 372,Jonesboro,IN,351,3.008
600739,Pilot Travel Center #8723,9051 I-40 Exit 277,Sanborn,IA,246,3.018
600740,Sapp Bros #518,5644 I-95 Exit 57,West Springfield,VA,334,3.323
600741,Pilot Travel Center #5343,8779 I-40 Exit 56,Meadowbrook,VA,1,2.829
600742,AMBEST #6988,8070 I-95 Exit 252,Emerald Lakes,PA,134,2.998
600743,Petro Stopping Center #8284,7231 I-40 Exit 302,Harding,IL,109,2.802
600744,Road Ranger #9079,7092 State Hwy 6 Exit 100,Weissport,PA,197,3.191
600745,AMBEST #4944,6467 US-287 Exit 125,Covington,WA,113,3.953
600746,QuikTrip #4630,9505 State Hwy 6 Exit 118,Millington,IL,102,3.407
600747,QuikTrip #9556,2523 I-80 Exit 355,Oak Harbor,OH,221,3.186
600748,Loves Travel Stop #1316,5751 I-40 Exit 93,Kingston,AR,112,2.990
600749,QuikTrip #4854,3487 I-95 Exit 328,Hamilton,IA,256,3.108
600750,Pilot Travel Center #5394,2796 I-40 Exit 308,Moose Run,PA,149,3.590
600751,Pilot Travel Center #5334,163 US-287 Exit 243,Kenilworth,NJ,67,3.087
600752,QuikTrip #9335,7097 I-80 Exit 305,Lake Latonka,PA,39,3.053
600753,Petro Stopping Center #5922,9725 State Hwy 6 Exit 231,Medina,OH,121,3.264
600754,Pilot Travel Center #9473,8826 I-10 Exit 163,South Monrovia Island,CA,298,3.647
600755,Loves Travel Stop #9220,1625 State Hwy 6 Exit 385,Texarkana,AR,153,2.744
600756,Roadys Truck Stop #7240,6077 I-80 Exit 315,Southwest Ranches,FL,226,2.967
600757,AMBEST #8762,8736 US-287 Exit 269,Fairview Beach,VA,231,3.133
600758,Bosselman Travel Center #5774,6034 State Hwy 6 Exit 60,Bessie,OK,126,2.957
600759,Loves Travel Stop #8869,4247 US-287 Exit 136,Custer Park,IL,371,2.956
600760,Roadys Truck Stop #4083,9348 US-287 Exit 93,Whiting,IN,174,2.997
600761,QuikTrip #4211,7922 State Hwy 6 Exit 248,Oval,PA,143,3.111
600762,Loves Travel Stop #2420,3741 I-95 Exit 141,Edgewater,CO,264,3.605
600763,QuikTrip #7380,6148 State Hwy 6 Exit 38,Grafton,NE,318,3.350
600764,Bosselman Travel Center #8605,7785 US-287 Exit 192,Pleasant Plains,AR,253,3.140
600765,Bosselman Travel Center #8912,3719 I-80 Exit 375,Lone Rock,IA,96,3.131
600766,Pilot Travel Center #1078,5403 I-95 Exit 7,Cotter,IA,164,3.048
600767,Petro Stopping Center #5845,1956 State Hwy 6 Exit 118,Swaledale,IA,195,3.039
600768,Pilot Travel Center #5384,9394 I-40 Exit 293,Jerome,IL,115,3.223
600769,Petro Stopping Center #5062,3129 US-287 Exit 210,Gilman,IA,65,3.276
600770,QuikTrip #1789,2307 I-80 Exit 313,Bell,CA,120,3.461
600771,Flying J #1006,6758 US-287 Exit 122,Rialto,CA,104,3.447
600772,Road Ranger #6136,7838 US-287 Exit 300,Ladera Heights,CA,344,3.899
600773,Kwik Trip #429,9444 State Hwy 6 Exit 81,Hodgen,OK,258,3.132
600774,Bosselman Travel Center #6708,101 I-95 Exit 251,Mount Pleasant Mills,PA,287,3.331
600775,QuikTrip #5428,7811 I-95 Exit 334,Grove City,PA,283,3.252
600776,QuikTrip #3218,7719 State Hwy 6 Exit 127,Prosser,NE,25,3.398
600777,Bosselman Travel Center #7781,7565 I-80 Exit 298,Merrionette Park,IL,329,3.202
600778,Roadys Truck Stop #6404,6848 I-40 Exit 292,Halifax,NC,256,2.791
600779,AMBEST #9428,8268 I-95 Exit 167,Newton Falls,OH,172,3.389
600780,Pilot Travel Center #4889,4645 US-287 Exit 339,Warsaw,MN,24,3.078
600781,QuikTrip #2401,9940 State Hwy 6 Exit 81,Hampton,MN,313,3.343
600782,Road Ranger #545,1438 I-40 Exit 227,Baileyville,IL,314,2.933
600783,Flying J #3081,2517 State Hwy 6 Exit 183,Whippany,NJ,76,2.994
600784,Petro Stopping Center #6421,3992 I-40 Exit 171,Sandusky,OH,319,3.126
600785,Petro Stopping Center #1384,5854 State Hwy 6 Exit 256,Glenarden,MD,62,3.237
600786,Flying J #9669,9129 I-10 Exit 227,Lakeville,MN,85,3.203
600787,Petro Stopping Center #5272,9170 I-40 Exit 367,College Park,GA,303,3.091
600788,QuikTrip #661,8390 I-10 Exit 257,Mayflower Village,CA,156,3.352
600789,Pilot Travel Center #8207,5495 I-10 Exit 162,Ragan,NE,392,3.270
600790,Pilot Travel Center #6073,3307 I-10 Exit 201,Jeddo,PA,174,3.295
600791,Bosselman Travel Center #7918,2425 State Hwy 6 Exit 268,Brownsdale,MN,112,3.399
600792,Pilot Travel Center #7529,493 US-287 Exit 43,Brentwood,MD,98,2.771
600793,Pilot Travel Center #6796,6906 State Hwy 6 Exit 94,Dwight,KS,34,3.152
600794,Sapp Bros #6459,9070 I-80 Exit 284,Ney,OH,231,2.887
600795,Pilot Travel Center #3100,8021 I-95 Exit 171,Malcolm,NE,115,2.811
600796,Kwik Trip #2649,1929 US-287 Exit 372,Atlas,PA,294,3.196
600797,TA Travel Center #5181,1483 I-80 Exit 243,Havelock,IA,53,3.096
600798,Roadys Truck Stop #3249,9379 I-40 Exit 271,South Amboy,NJ,191,3.086
600799,Kwik Trip #3634,646 State Hwy 6 Exit 287,New Hartford,IA,134,3.024
600800,Roadys Truck Stop #8552,2125 State Hwy 6 Exit 227,Woodbridge,NJ,83,2.902
600801,Flying J #8877,6566 State Hwy 6 Exit 173,Campbell,MO,342,2.705
600802,QuikTrip #7976,6184 US-287 Exit 289,Palisades Park,NJ,183,3.293
600803,QuikTrip #4089,5459 US-287 Exit 52,Crescent Bar,WA,2,3.743
600804,AMBEST #7340,7987 I-10 Exit 67,Detroit Beach,MI,182,3.355
600805,Pilot Travel Center #4911,740 I-80 Exit 169,Mill Shoals,IL,353,3.191
600806,AMBEST #8327,9080 I-40 Exit 14,Plato,MO,322,2.803
600807,Kwik Trip #5345,5430 I-95 Exit 230,Bevington,IA,78,3.141
600808,Petro Stopping Center #5994,7843 I-10 Exit 77,Murray,NE,24,3.305
600809,Kwik Trip #448,2605 US-287 Exit 59,Rutgers University Busch Campus,NJ,9,3.104
600810,Pilot Travel Center #7749,5063 I-95 Exit 126,Sturgis,MI,60,3.029
600811,Roadys Truck Stop #6309,325 I-95 Exit 344,Norwalk,CA,61,3.442
600812,Loves Travel Stop #1508,5724 I-10 Exit 188,Fairbury,IL,323,3.200
600813,Roadys Truck Stop #7255,1563 I-80 Exit 332,South Valley,NM,146,3.497
600814,AMBEST #5937,837 I-40 Exit 22,Cedar Knolls,NJ,160,3.102
600815,Sapp Bros #9143,5029 I-40 Exit 329,Poteau,OK,284,2.954
600816,QuikTrip #478,6754 I-95 Exit 319,Cheverly,MD,350,3.023
600817,Pilot Travel Center #6398,5181 I-95 Exit 158,Morrow,GA,320,3.025
600818,Sapp Bros #8393,767 I-10 Exit 116,Peppermill Village,MD,336,3.251
600819,Roadys Truck Stop #3559,9314 I-80 Exit 207,West Sunbury,PA,150,2.747
600820,Petro Stopping Center #6044,5428 I-95 Exit 381,Upper Pohatcong,NJ,50,3.114
600821,QuikTrip #728,8684 I-10 Exit 114,Kean University,NJ,121,2.913
600822,Petro Stopping Center #3114,4370 US-287 Exit 332,Lincoln,IL,326,3.322
600823,Bosselman Travel Center #6767,6676 I-10 Exit 127,Cashmere,WA,344,3.649
600824,Road Ranger #671,4357 US-287 Exit 109,Kapp Heights,PA,303,2.907
600825,Road Ranger #9091,397 US-287 Exit 360,Palmetto Bay,FL,371,2.663
600826,Road Ranger #6934,8223 I-10 Exit 85,Strawberry,AR,162,2.951
600827,Loves Travel Stop #5041,267 I-10 Exit 295,Royerton,IN,193,3.224
600828,Bosselman Travel Center #9595,8324 State Hwy 6 Exit 108,Snoqualmie Pass,WA,38,4.018
600829,QuikTrip #327,9766 I-95 Exit 60,Gracemont,OK,204,3.547
600830,Kwik Trip #1781,3751 I-40 Exit 118,Shaw,MS,321,2.934
600831,Kwik Trip #4917,6321 I-95 Exit 56,Graettinger,IA,348,3.145
600832,Pilot Travel Center #1757,6342 US-287 Exit 167,Catron,MO,134,3.115
600833,Roadys Truck Stop #6408,2614 US-287 Exit 225,Linwood,KS,119,3.331
600834,Flying J #7009,1869 I-80 Exit 226,Matthews,MO,207,3.268
600835,Bosselman Travel Center #8301,7512 State Hwy 6 Exit 89,South Plainfield,NJ,395,3.286
600836,Bosselman Travel Center #5910,8262 I-10 Exit 328,Norridge,IL,300,2.878
600837,Petro Stopping Center #8100,4689 US-287 Exit 20,Mclean,TX,285,3.395
600838,Kwik Trip #7494,2061 State Hwy 6 Exit 119,Kaibab Estates West,AZ,334,3.609
600839,Flying J #1567,5618 State Hwy 6 Exit 49,Woodmere,OH,218,3.228
600840,Roadys Truck Stop #1451,4442 US-287 Exit 230,Springdale,MD,45,3.101
600841,Roadys Truck Stop #5555,704 US-287 Exit 135,Buffalo,IA,393,3.181
600842,Petro Stopping Center #4751,5752 I-10 Exit 338,Highland,CA,257,3.716
600843,Road Ranger #2450,9923 State Hwy 6 Exit 379,Westmont,IL,306,2.987
600844,Petro Stopping Center #1514,9493 I-40 Exit 113,Miami Springs,FL,374,3.423
600845,QuikTrip #9237,829 US-287 Exit 305,Samnorwood,TX,260,3.001
600846,Pilot Travel Center #9978,3202 I-95 Exit 99,Coplay,PA,228,3.104
600847,Flying J #9835,6525 US-287 Exit 377,Raytown,MO,85,3.030
600848,QuikTrip #6930,139 I-10 Exit 249,Keomah Village,IA,145,3.190
600849,AMBEST #2083,5195 State Hwy 6 Exit 134,Atlanta,TX,391,3.022
600850,TA Travel Center #7232,2131 I-80 Exit 181,Meridian,MS,98,2.995
600851,Petro Stopping Center #2638,5433 US-287 Exit 175,Middletown,IL,198,3.178
600852,Roadys Truck Stop #2597,1546 I-80 Exit 274,North Aurora,IL,131,3.156
600853,Loves Travel Stop #5999,5747 I-40 Exit 5,Lakeport,TX,295,2.936
600854,TA Travel Center #6031,2416 State Hwy 6 Exit 174,Wheeling,IL,4,2.984
600855,Sapp Bros #6685,8966 I-95 Exit 327,Marengo,IL,32,2.967
600856,Kwik Trip #2916,316 State Hwy 6 Exit 81,Bellamy,AL,242,2.996
600857,Loves Travel Stop #2578,6510 I-80 Exit 106,Scranton,KS,158,3.335
600858,AMBEST #3571,8107 I-95 Exit 54,Big Bear Lake,CA,376,3.694
600859,Flying J #2581,6763 State Hwy 6 Exit 82,Dundee,MI,232,3.101
600860,Roadys Truck Stop #2154,7453 State Hwy 6 Exit 370,Monterey Park,CA,220,3.774
600861,QuikTrip #4874,7217 I-95 Exit 172,Wyola,MT,260,3.573
600862,Bosselman Travel Center #4898,6404 I-95 Exit 229,Accokeek,MD,328,2.742
600863,Road Ranger #7600,4920 I-95 Exit 352,Lansford,PA,78,3.227
600864,Bosselman Travel Center #3276,1294 I-80 Exit 214,Uniontown,WA,251,3.750
600865,Sapp Bros #8208,2672 I-10 Exit 385,Niles,OH,207,2.981
600866,Bosselman Travel Center #174,5512 I-80 Exit 208,Bertrand,NE,333,3.288
600867,Roadys Truck Stop #7294,8314 I-80 Exit 391,Millbrook Colony,SD,96,3.264
600868,Loves Travel Stop #3481,1858 State Hwy 6 Exit 231,Okolona,AR,306,3.033
600869,Pilot Travel Center #5695,4086 US-287 Exit 22,Castanea,PA,107,2.893
600870,Flying J #3371,1768 I-10 Exit 164,Sidney,IA,341,3.035
600871,Road Ranger #1670,8490 I-40 Exit 54,Broughton,OH,204,2.917
600872,Pilot Travel Center #2680,4188 State Hwy 6 Exit 70,South Euclid,OH,276,3.217
600873,Pilot Travel Center #2053,9881 I-80 Exit 257,Beaux Arts Village,WA,271,4.071
600874,Bosselman Travel Center #6086,3277 I-40 Exit 57,Leavenworth,WA,182,3.645
600875,Petro Stopping Center #4048,9330 State Hwy 6 Exit 279,Moscow,IA,49,3.015
600876,Loves Travel Stop #5302,9599 I-40 Exit 12,Buttzville,NJ,345,3.187
600877,Roadys Truck Stop #7084,301 I-95 Exit 216,Coal City,IN,94,3.087
600878,Pilot Travel Center #4846,6607 I-40 Exit 73,Taylor,AZ,211,3.618
600879,AMBEST #2960,2451 US-287 Exit 254,Stonewall,MS,283,2.943
600880,Sapp Bros #1816,9115 I-10 Exit 75,La Plata,MD,219,2.996
600881,AMBEST #1726,4109 US-287 Exit 23,Ozark,AR,213,3.077
600882,Petro Stopping Center #643,1367 US-287 Exit 246,Ellston,IA,315,3.131
600883,Bosselman Travel Center #8233,389 State Hwy 6 Exit 70,Addison,IL,364,2.944
600884,Pilot Travel Center #9346,7925 I-10 Exit 182,Chesterfield,IN,95,2.944
600885,Roadys Truck Stop #8799,6582 State Hwy 6 Exit 192,Bishop Hills,TX,26,3.347
600886,Kwik Trip #1622,6511 I-95 Exit 345,Lakewood,IL,84,3.088
600887,Loves Travel Stop #4866,787 State Hwy 6 Exit 116,Ellinwood,KS,242,3.221
600888,AMBEST #7528,1455 US-287 Exit 387,Daviston,AL,102,3.005
600889,Bosselman Travel Center #393,3295 I-95 Exit 6,Elk Grove Village,IL,309,3.178
600890,Pilot Travel Center #5691,6508 I-80 Exit 204,Montgomery,MI,21,3.037
600891,QuikTrip #219,3004 I-10 Exit 146,Sigourney,IA,253,3.023
600892,AMBEST #7454,8675 I-10 Exit 274,Lineville,AL,272,3.323
600893,Bosselman Travel Center #2914,1134 I-80 Exit 87,Finderne,NJ,237,3.097
600894,Sapp Bros #2952,2601 I-95 Exit 107,Saratoga,NC,89,3.121
600895,TA Travel Center #9519,7530 I-10 Exit 348,Olds,IA,90,3.239
600896,Pilot Travel Center #1937,4961 I-95 Exit 344,Savanna,IL,347,3.067
600897,Flying J #9122,4945 State Hwy 6 Exit 395,Passapatanzy,VA,189,3.000
600898,Kwik Trip #8898,6683 US-287 Exit 185,Newington,VA,308,3.302
600899,Petro Stopping Center #7546,9046 I-40 Exit 30,Lancaster,TX,244,3.182
600900,Bosselman Travel Center #2945,4517 State Hwy 6 Exit 111,Potomac,MD,205,2.775
600901,Roadys Truck Stop #9908,8672 I-80 Exit 245,New Haven,IN,180,2.937
600902,Sapp Bros #379,4689 US-287 Exit 279,Kenwood Estates,FL,125,3.134
600903,Kwik Trip #8174,6012 I-40 Exit 7,Hollister,MO,380,2.856
600904,Pilot Travel Center #9620,988 I-10 Exit 97,Eminence,IN,60,3.075
600905,QuikTrip #2472,1656 I-10 Exit 40,Carter,OK,117,3.212
600906,Road Ranger #8297,138 US-287 Exit 99,Morgan Hill,PA,108,2.565
600907,Flying J #1902,6240 I-10 Exit 216,Glenwood,IL,298,3.067
600908,Pilot Travel Center #1466,5218 State Hwy 6 Exit 16,New Milford,NJ,47,3.105
600909,Bosselman Travel Center #3375,3520 US-287 Exit 96,Moses Lake North,WA,4,3.947
600910,TA Travel Center #6378,993 I-10 Exit 291,Danville,IN,107,2.930
600911,Loves Travel Stop #6452,4627 I-80 Exit 390,Glenwillow,OH,198,2.772
600912,Flying J #2016,6311 I-40 Exit 150,Eagle,NE,27,3.366
600913,Kwik Trip #2658,3217 I-40 Exit 4,Washtucna,WA,33,3.551
600914,Loves Travel Stop #9964,9636 US-287 Exit 163,Oakton,VA,239,3.109
600915,Road Ranger #4196,856 US-287 Exit 391,Long Beach,IN,57,2.905
600916,Sapp Bros #572,9178 I-40 Exit 307,Godley,IL,364,2.946
600917,Pilot Travel Center #193,5551 State Hwy 6 Exit 395,Ogden,AR,226,3.053
600918,Sapp Bros #2677,6935 I-80 Exit 187,Matlock,IA,307,3.021
600919,Sapp Bros #1525,7830 State Hwy 6 Exit 123,Stilesville,IN,186,3.110
600920,AMBEST #560,2558 I-10 Exit 96,Saint Anthony,MN,270,3.205
600921,Roadys Truck Stop #7946,1702 I-40 Exit 204,Apple Valley,CA,213,3.572
600922,TA Travel Center #4930,9621 I-80 Exit 99,New Providence,NJ,188,3.245
600923,QuikTrip #7313,7371 US-287 Exit 42,Acres Green,CO,341,3.340
600924,QuikTrip #1500,8265 US-287 Exit 99,Saint Louis Park,MN,78,3.178
600925,TA Travel Center #8226,8180 I-10 Exit 347,West Little River,FL,394,2.840
600926,Loves Travel Stop #5275,8733 State Hwy 6 Exit 268,River Bend,MO,320,3.211
600927,Road Ranger #8686,9844 I-10 Exit 60,Lyndhurst,OH,206,3.182
600928,Flying J #1716,7920 I-40 Exit 163,Hollywood,FL,59,2.742
600929,Loves Travel Stop #1192,4328 I-80 Exit 371,Capitol Heights,MD,135,3.174
600930,Kwik Trip #5207,6068 US-287 Exit 214,Palisades,TX,226,3.318
600931,Flying J #1318,3440 State Hwy 6 Exit 39,Nichols,IA,380,2.774
600932,Road Ranger #4420,1614 I-95 Exit 1,Minersville,PA,350,3.148
600933,Roadys Truck Stop #6691,9883 US-287 Exit 159,Marine View,WA,163,3.720
600934,QuikTrip #180,3246 US-287 Exit 4,Goshen,IN,63,2.920
600935,AMBEST #1587,8176 State Hwy 6 Exit 46,Pioneer,OH,237,3.175
600936,AMBEST #702,1957 I-40 Exit 345,Holland,TX,65,3.071
600937,QuikTrip #3593,8820 I-80 Exit 47,Heber Overgaard,AZ,341,3.695
600938,AMBEST #1539,7555 I-80 Exit 16,Tocsin,IN,126,3.017
600939,Sapp Bros #7802,9719 State Hwy 6 Exit 184,Beirne,AR,217,3.016
600940,Bosselman Travel Center #1145,5296 US-287 Exit 67,Grayville,IL,400,3.105
600941,Roadys Truck Stop #1037,7271 I-95 Exit 77,Pink Hill,NC,149,3.189
600942,Petro Stopping Center #3471,4543 I-10 Exit 89,Orangeville,PA,156,3.172
600943,AMBEST #1242,2100 US-287 Exit 243,Hillcrest Heights,MD,163,3.248
600944,Roadys Truck Stop #2467,4601 I-95 Exit 75,Fairmont,IL,65,2.922
600945,Flying J #1123,7070 US-287 Exit 65,Colony,OK,381,3.199
600946,Kwik Trip #4387,6659 I-40 Exit 115,Ponderosa Pines,MT,266,3.635
600947,Bosselman Travel Center #5796,1702 I-10 Exit 360,Burke Centre,VA,174,2.973
600948,Road Ranger #7023,6504 US-287 Exit 76,North Oaks,MN,34,3.049
600949,QuikTrip #4796,7058 US-287 Exit 167,Low Moor,IA,97,3.107
600950,Roadys Truck Stop #4529,9610 US-287 Exit 5,Needles,CA,221,3.461
600951,Pilot Travel Center #5401,4818 I-40 Exit 50,Alderwood Manor,WA,354,4.073
600952,AMBEST #1807,3766 I-10 Exit 346,Willshire,OH,149,2.957
600953,AMBEST #7067,4066 I-10 Exit 54,Oran,MO,388,2.884
600954,Kwik Trip #9907,845 I-10 Exit 248,Fairwood,MD,275,2.693
600955,Roadys Truck Stop #9547,5363 State Hwy 6 Exit 383,Annawan,IL,193,3.299
600956,Kwik Trip #3826,324 US-287 Exit 55,Covina,CA,357,3.741
600957,AMBEST #5387,4659 I-10 Exit 146,Penn Estates,PA,251,3.021
600958,Flying J #4482,3751 US-287 Exit 336,Elyria,KS,335,3.325
600959,Bosselman Travel Center #7780,4173 State Hwy 6 Exit 389,Bainbridge Island,WA,309,3.861
600960,Roadys Truck Stop #8324,6002 I-80 Exit 186,Woodland Beach,MI,124,3.110
600961,Loves Travel Stop #8024,5339 I-40 Exit 131,Lake Mohawk,NJ,3,3.123
600962,Pilot Travel Center #1453,1993 I-95 Exit 168,Stroh,IN,319,2.982
600963,Roadys Truck Stop #9226,9476 I-10 Exit 230,Fisk,MO,138,2.876
600964,Sapp Bros #2871,9351 I-40 Exit 168,Saint Charles,IL,371,2.880
600965,AMBEST #5904,632 I-95 Exit 180,Porter,IN,248,3.183
600966,Loves Travel Stop #8793,4472 State Hwy 6 Exit 374,Hull,IA,79,3.098
600967,Roadys Truck Stop #6624,8379 I-40 Exit 204,Donaldson,AR,106,3.009
600968,AMBEST #2916,4818 I-40 Exit 219,East Renton Highlands,WA,326,3.690
600969,Loves Travel Stop #1580,9878 US-287 Exit 138,Highland Meadows,NM,19,3.478
600970,AMBEST #6346,3008 I-10 Exit 250,Riverdale Park,MD,263,2.819
600971,AMBEST #524,8464 I-95 Exit 377,Ackworth,IA,382,2.999
600972,Flying J #1558,2110 I-80 Exit 342,Wrightsville,AR,61,2.885
600973,QuikTrip #9644,5543 I-95 Exit 72,Pomfret,MD,284,3.255
600974,TA Travel Center #3535,4055 I-40 Exit 95,Forest Park,IL,169,3.354
600975,Roadys Truck Stop #8063,8265 I-80 Exit 178,East End,AR,2,3.146
600976,Flying J #8604,5736 State Hwy 6 Exit 64,Monroe,AR,218,2.789
600977,TA Travel Center #7644,2002 US-287 Exit 48,Belvidere,IL,98,3.083
600978,AMBEST #8202,3190 I-80 Exit 104,Wayzata,MN,162,3.233
600979,AMBEST #8159,3909 I-10 Exit 251,Hallam,NE,131,3.263
600980,AMBEST #5171,2574 I-40 Exit 312,Lockport,IL,130,3.365
600981,TA Travel Center #668,7297 I-95 Exit 123,Hurdland,MO,247,3.070
600982,Kwik Trip #7560,1173 I-95 Exit 363,Medford,MN,316,3.285
600983,Petro Stopping Center #2450,5709 I-40 Exit 340,Walcott,AR,169,3.132
600984,Sapp Bros #3806,135 I-95 Exit 187,Lake Mathews,CA,184,3.650
600985,Road Ranger #9068,8155 State Hwy 6 Exit 312,Johnson,IN,362,2.929
600986,AMBEST #3084,8104 I-80 Exit 236,Woodland Heights,PA,300,2.988
600987,Sapp Bros #7535,2540 I-80 Exit 267,Eudora,KS,370,2.948
600988,AMBEST #1270,2191 I-95 Exit 77,Childersburg,AL,44,2.886
600989,Flying J #5353,1798 I-40 Exit 338,South Bethlehem,PA,326,3.312
600990,Pilot Travel Center #1851,581 State Hwy 6 Exit 169,Ayr,NE,97,3.293
600991,Sapp Bros #826,3018 US-287 Exit 208,Pritchett,CO,296,3.239
600992,Petro Stopping Center #1797,2893 I-80 Exit 72,Jefferson,TX,374,3.212
600993,TA Travel Center #3071,3837 I-80 Exit 18,Arkadelphia,AR,286,2.893
600994,Sapp Bros #7874,1070 I-10 Exit 295,Peck,ID,156,3.765
600995,Flying J #9680,1817 I-80 Exit 246,Little Rock,AR,7,3.487
600996,Kwik Trip #7302,8606 I-80 Exit 246,Thayer,IL,317,3.029
600997,TA Travel Center #2129,3789 I-40 Exit 218,Lecompton,KS,380,2.993
600998,AMBEST #986,8551 I-40 Exit 317,Stratton,NE,306,3.227
600999,Flying J #7413,1207 US-287 Exit 55,Maple Heights,OH,320,3.138
601000,Kwik Trip #5041,4522 I-10 Exit 307,Colonial Heights,VA,279,3.437
601001,Kwik Trip #4136,8952 I-40 Exit 102,Nevada,TX,228,2.731
601002,QuikTrip #3889,9008 I-40 Exit 50,Boyle,MS,115,2.643
601003,Flying J #7397,1102 I-10 Exit 129,Blue Ridge,TX,295,3.042
601004,Sapp Bros #5230,5155 I-40 Exit 226,Ashton,IL,250,3.202
601005,Pilot Travel Center #354,5357 I-80 Exit 183,Hummels Wharf,PA,165,2.969
601006,TA Travel Center #3449,4422 I-95 Exit 371,Chillicothe,IA,52,2.927
601007,AMBEST #2136,8475 I-40 Exit 342,Dahlgren,VA,285,3.146
601008,Road Ranger #3906,8578 US-287 Exit 30,Great Neck,NY,70,2.885
601009,Road Ranger #8864,4692 State Hwy 6 Exit 247,Bladensburg,MD,303,3.355
601010,Sapp Bros #8545,8067 I-10 Exit 182,Hanover,VA,113,3.013
601011,QuikTrip #1249,6180 State Hwy 6 Exit 395,Corning,IA,151,3.375
601012,Flying J #3644,645 State Hwy 6 Exit 396,Pasadena,CA,9,3.885
601013,Roadys Truck Stop #6833,6917 I-10 Exit 253,Baldwin Park,CA,32,3.518
601014,Roadys Truck Stop #3592,3916 I-40 Exit 52,Annandale,VA,294,2.871
601015,Loves Travel Stop #7157,1628 I-40 Exit 303,La Verne,CA,171,3.604
601016,Bosselman Travel Center #4112,8129 I-80 Exit 372,Dennison,MN,59,3.227
601017,Flying J #4288,1035 I-80 Exit 250,Mustang Ridge,TX,253,2.730
601018,Pilot Travel Center #3621,8056 I-95 Exit 324,Caledonia,IL,334,2.786
601019,Flying J #550,6885 I-40 Exit 276,Leggett,NC,298,3.076
601020,Pilot Travel Center #4798,6179 I-95 Exit 67,Whispering Pines,AZ,24,3.527
601021,QuikTrip #2457,1681 State Hwy 6 Exit 94,Franklinville,IL,139,2.855
601022,TA Travel Center #4991,7171 I-95 Exit 139,Thompsonville,IL,245,3.142
601023,Flying J #2515,6001 US-287 Exit 32,Mountain City,TX,394,2.927
601024,TA Travel Center #9529,494 US-287 Exit 367,Joslin,IL,113,3.165
601025,Roadys Truck Stop #7327,2060 I-80 Exit 13,Andres,IL,231,3.463
601026,Road Ranger #660,5762 State Hwy 6 Exit 281,Jonesboro,GA,339,2.984
601027,Bosselman Travel Center #471,3936 US-287 Exit 357,Beedeville,AR,360,2.870
601028,Kwik Trip #1717,9412 I-95 Exit 386,Granger,TX,213,3.402
601029,Kwik Trip #4409,4649 US-287 Exit 223,Montpelier,IA,168,3.271
601030,Road Ranger #8924,1401 I-10 Exit 229,Bon Air,VA,135,3.000
601031,Petro Stopping Center #3138,650 US-287 Exit 134,Creston,IA,29,3.307
601032,Loves Travel Stop #6160,5438 State Hwy 6 Exit 248,Gibbs,MO,144,2.973
601033,Pilot Travel Center #9340,2955 I-40 Exit 60,Glen Lyon,PA,374,2.935
601034,Sapp Bros #9953,9877 I-10 Exit 125,Sea Ranch Lakes,FL,19,3.066
601035,Pilot Travel Center #1272,3771 US-287 Exit 322,Gaithersburg,MD,41,3.057
601036,Road Ranger #8928,954 State Hwy 6 Exit 323,Brookdale,NJ,246,3.130
601037,Pilot Travel Center #9453,1282 US-287 Exit 140,Cuyahoga Heights,OH,222,2.964
601038,Pilot Travel Center #903,322 I-40 Exit 151,Marion,MS,20,3.163
601039,Pilot Travel Center #4898,6855 US-287 Exit 184,The Village,OK,129,2.988
601040,Flying J #4944,8873 State Hwy 6 Exit 180,Garden City,KS,88,3.108
601041,Sapp Bros #6756,410 US-287 Exit 283,Huntington Woods,MI,298,2.839
601042,Roadys Truck Stop #7063,2304 US-287 Exit 228,West Liberty,IA,217,2.889
601043,Pilot Travel Center #1462,3252 I-95 Exit 21,Powder Springs,GA,357,2.869
601044,Loves Travel Stop #1561,8409 I-40 Exit 88,Ocean Isle Beach,NC,342,3.047
601045,Loves Travel Stop #6392,5881 I-80 Exit 349,Bowmanstown,PA,337,2.937
601046,Loves Travel Stop #6131,9375 US-287 Exit 309,Round Rock,TX,12,3.216
601047,Petro Stopping Center #4036,1883 US-287 Exit 12,Desert Hills,AZ,225,3.839
601048,Loves Travel Stop #8247,4306 I-40 Exit 324,Pleasant Lake,IN,222,2.807
601049,AMBEST #4597,7981 State Hwy 6 Exit 393,Rowland Heights,CA,370,3.484
601050,Loves Travel Stop #753,3847 I-80 Exit 359,Roslyn,WA,127,3.597
601051,Loves Travel Stop #9667,7613 State Hwy 6 Exit 242,La Porte,IN,30,3.172
601052,Roadys Truck Stop #1732,6871 I-95 Exit 131,Sedillo,NM,150,3.475
601053,Petro Stopping Center #6321,9827 State Hwy 6 Exit 145,Mcelhattan,PA,188,3.109
601054,Bosselman Travel Center #3049,4217 I-10 Exit 158,Louviers,CO,44,3.115
601055,AMBEST #8984,3834 I-80 Exit 261,Culdesac,ID,396,3.824
601056,Flying J #7373,2180 US-287 Exit 382,White Oak,MO,350,3.073
601057,AMBEST #4671,8179 I-10 Exit 305,Monroeville,IN,364,3.213
601058,Road Ranger #5418,9515 I-40 Exit 368,Charles City,IA,137,3.297
601059,Petro Stopping Center #8787,9524 US-287 Exit 11,Hutchinson,NJ,3,2.957
601060,Sapp Bros #9019,4279 State Hwy 6 Exit 121,Pigeon Creek,OH,297,3.025
601061,TA Travel Center #4838,9280 I-10 Exit 258,Hopedale,IL,254,2.857
601062,QuikTrip #4096,7938 State Hwy 6 Exit 342,Monroe,MI,327,3.009
601063,AMBEST #7920,6949 US-287 Exit 293,Bowling Green,OH,241,3.260
601064,Pilot Travel Center #5369,4167 US-287 Exit 76,Cedar Crest,NM,180,3.269
601065,Loves Travel Stop #9322,1732 I-95 Exit 233,East Chicago,IN,63,2.805
601066,Bosselman Travel Center #7413,5123 State Hwy 6 Exit 223,Elmwood Park,NJ,235,3.241
601067,Roadys Truck Stop #7064,6658 I-40 Exit 355,Nitta Yuma,MS,313,3.085
601068,Flying J #6076,2781 State Hwy 6 Exit 130,New Berlin,IL,65,3.120
601069,Sapp Bros #9551,3550 I-40 Exit 230,Lombard,IL,223,3.230
601070,Pilot Travel Center #8799,5916 State Hwy 6 Exit 386,Inver Grove Heights,MN,230,2.979
601071,Sapp Bros #9523,2013 I-40 Exit 322,Lake Saint Clair,MO,192,3.166
601072,Flying J #9786,6910 State Hwy 6 Exit 24,Cambridge,NE,339,3.079
601073,Petro Stopping Center #4646,7396 State Hwy 6 Exit 247,Petrolia,PA,57,3.069
601074,QuikTrip #7768,1007 I-80 Exit 187,Hellertown,PA,384,3.244
601075,Pilot Travel Center #1501,5997 US-287 Exit 145,Hayfield,VA,132,3.034
601076,Bosselman Travel Center #8918,5354 State Hwy 6 Exit 166,Cloverdale,IN,68,3.044
601077,Sapp Bros #6480,3646 State Hwy 6 Exit 133,Roodhouse,IL,137,3.271
601078,Sapp Bros #5615,5618 I-10 Exit 343,West Branch,IA,336,3.010
601079,QuikTrip #6495,6817 I-80 Exit 124,Fort Lee,VA,174,2.885
601080,Pilot Travel Center #5571,532 I-95 Exit 175,Lamont,IA,111,2.684
601081,Pilot Travel Center #7461,2730 State Hwy 6 Exit 376,Hornsby Bend,TX,241,3.218
601082,Road Ranger #2441,7879 State Hwy 6 Exit 293,Clarkton,MO,168,3.219
601083,AMBEST #8415,9214 State Hwy 6 Exit 31,Powhatan,AR,368,2.550
601084,TA Travel Center #7085,6704 I-40 Exit 121,Gilberts,IL,210,2.923
601085,Roadys Truck Stop #8952,609 I-10 Exit 96,Foxburg,PA,399,2.841
601086,Petro Stopping Center #4428,8963 I-80 Exit 329,Paxton,IN,395,3.127
601087,Bosselman Travel Center #4777,3320 I-10 Exit 185,Holy Cross,IA,24,3.289
601088,Roadys Truck Stop #1781,7183 US-287 Exit 115,Lilbourn,MO,245,3.114
601089,QuikTrip #7751,8709 US-287 Exit 72,Cedar Creek,TX,143,2.875
601090,Petro Stopping Center #9344,1158 I-95 Exit 58,Bloomsburg,PA,200,3.100
601091,Flying J #7117,9634 US-287 Exit 12,Massena,IA,352,2.989
601092,Bosselman Travel Center #2982,5740 I-40 Exit 51,Hasbrouck Heights,NJ,199,3.108
601093,Bosselman Travel Center #1311,5812 State Hwy 6 Exit 314,Greenfield,IN,244,2.887
601094,Kwik Trip #2425,3510 I-40 Exit 245,Sunrise Shores,TX,343,2.980
601095,Pilot Travel Center #446,8683 I-40 Exit 101,Wilburton Number One,PA,111,3.096
601096,Road Ranger #9594,401 I-80 Exit 107,Delray Beach,FL,395,2.662
601097,QuikTrip #5009,3896 I-80 Exit 222,Preston Heights,IL,294,3.163
601098,Petro Stopping Center #4710,1700 I-95 Exit 2,Lu Verne,IA,47,3.028
601099,Road Ranger #6315,9557 I-10 Exit 181,Bandana,KY,313,2.987
601100,Road Ranger #2959,9477 US-287 Exit 216,Wellsville,KS,135,3.014
601101,Pilot Travel Center #4151,1216 I-40 Exit 278,Wauconda,IL,80,2.593
601102,Loves Travel Stop #4411,7221 US-287 Exit 303,Seama,NM,179,3.208
601103,Loves Travel Stop #1445,2477 I-40 Exit 97,Mize,MS,119,2.658
601104,Pilot Travel Center #6120,9975 State Hwy 6 Exit 222,Eyers Grove,PA,349,2.949
601105,Roadys Truck Stop #9597,4258 I-80 Exit 112,Casanova,PA,294,3.223
601106,Flying J #9236,3504 I-10 Exit 247,Calimesa,CA,183,3.599
601107,AMBEST #4802,2705 I-95 Exit 257,Cuney,TX,154,2.868
601108,QuikTrip #4053,5121 I-10 Exit 282,Hampshire,IL,323,3.229
601109,Sapp Bros #979,4091 I-40 Exit 375,Qulin,MO,92,3.182
601110,TA Travel Center #1399,7537 I-95 Exit 105,Springfield,CO,39,3.133
601111,Roadys Truck Stop #2694,5961 I-40 Exit 169,Stockbridge,GA,181,3.073
601112,Bosselman Travel Center #2486,4653 I-10 Exit 325,Agency,IA,157,3.259
601113,AMBEST #8472,4131 I-10 Exit 239,Chamois,MO,74,2.895
601114,QuikTrip #8085,9753 I-80 Exit 376,Talihina,OK,262,3.162
601115,AMBEST #8726,9428 US-287 Exit 305,Cortland,NE,41,3.239
601116,Roadys Truck Stop #7348,2815 I-95 Exit 250,New Philadelphia,PA,246,2.770
601117,Petro Stopping Center #8256,8920 State Hwy 6 Exit 316,Newnan,GA,43,3.044
601118,Roadys Truck Stop #2809,9878 State Hwy 6 Exit 318,Alexander,AR,196,3.037
601119,Sapp Bros #3092,4715 I-40 Exit 381,Rossford,OH,163,3.029
601120,Kwik Trip #922,2405 I-40 Exit 147,Westgate,IA,11,3.114
601121,Petro Stopping Center #1369,230 State Hwy 6 Exit 53,Prospect Park,NJ,291,3.297
601122,Petro Stopping Center #4185,4171 State Hwy 6 Exit 29,Maud,TX,93,3.109
601123,Roadys Truck Stop #6070,7272 I-95 Exit 52,Delta,OH,150,3.008
601124,Sapp Bros #5307,590 I-40 Exit 299,Houtzdale,PA,108,3.006
601125,Sapp Bros #3524,1133 I-10 Exit 41,North Washington,CO,16,3.561
601126,Kwik Trip #5050,6151 State Hwy 6 Exit 227,Mason City,IL,116,2.899
601127,Loves Travel Stop #3686,7917 I-40 Exit 356,Lighthouse Point,FL,24,2.899
601128,AMBEST #7655,4609 I-95 Exit 98,Rock Falls,IA,48,2.846
601129,QuikTrip #5989,6896 I-40 Exit 256,Albuquerque,NM,120,3.768
601130,Road Ranger #7395,3591 State Hwy 6 Exit 110,Nederland,TX,121,2.997
601131,Bosselman Travel Center #7981,825 I-40 Exit 3,Poland,IN,51,2.857
601132,Bosselman Travel Center #2914,6878 I-80 Exit 40,Lynn Center,IL,283,2.747
601133,Bosselman Travel Center #2689,2709 I-10 Exit 347,Royal,IA,134,3.121
601134,Loves Travel Stop #3519,8688 State Hwy 6 Exit 172,Trenton,MI,139,3.102
601135,Road Ranger #9824,7085 State Hwy 6 Exit 28,Forest Lake,IL,88,3.229
601136,Loves Travel Stop #4537,4188 US-287 Exit 278,Ethan,SD,370,3.125
601137,Pilot Travel Center #4634,7816 I-40 Exit 33,Mill Creek East,WA,286,3.918
601138,Pilot Travel Center #5061,5653 I-40 Exit 43,Lost Nation,IL,162,3.058
601139,Road Ranger #4071,1247 I-10 Exit 58,Black Rock,AR,293,3.260
601140,AMBEST #6759,1052 I-80 Exit 247,Fox,MT,208,3.455
601141,Bosselman Travel Center #3221,4589 State Hwy 6 Exit 249,Sunnyslope,WA,311,3.823
601142,Sapp Bros #4305,8331 US-287 Exit 193,Burnt Prairie,IL,77,3.083
601143,Sapp Bros #7836,5833 I-40 Exit 140,Weston,PA,87,3.163
601144,Petro Stopping Center #1032,6437 I-95 Exit 135,Shipman,IL,340,3.227
601145,Road Ranger #8295,6899 I-40 Exit 374,Manteno,IL,390,2.760
601146,Loves Travel Stop #8590,2710 State Hwy 6 Exit 398,Lindsborg,KS,256,3.158
601147,Loves Travel Stop #1997,5016 I-95 Exit 286,Cuba City,WI,50,2.985
601148,Kwik Trip #445,1339 I-95 Exit 256,Lushton,NE,344,3.274
601149,Sapp Bros #5901,8129 I-40 Exit 286,Independence,IA,88,2.878
601150,Roadys Truck Stop #5442,864 US-287 Exit 139,East Dubuque,IL,376,3.266
601151,Petro Stopping Center #1597,4998 US-287 Exit 383,Naperville,IL,71,2.823
601152,TA Travel Center #6725,8188 I-10 Exit 10,North Springfield,VA,272,2.796
601153,Kwik Trip #1092,5777 I-40 Exit 34,Decker,IN,169,3.117
601154,AMBEST #8485,6900 I-80 Exit 211,Center Line,MI,262,2.994
601155,Petro Stopping Center #7378,804 US-287 Exit 74,Puerto De Luna,NM,131,3.553
601156,AMBEST #8372,2007 US-287 Exit 77,Garner,IA,3,3.216
601157,QuikTrip #6361,8930 I-40 Exit 225,Deadwood,SD,335,3.551
601158,Loves Travel Stop #4436,3703 State Hwy 6 Exit 185,Kirtland Hills,OH,296,3.108
601159,QuikTrip #2625,3796 I-95 Exit 384,March Arb,CA,334,3.689
601160,Road Ranger #1816,876 US-287 Exit 129,Minnetonka,MN,63,2.964
601161,QuikTrip #1468,5382 I-40 Exit 15,Oark,AR,254,2.974
601162,QuikTrip #5799,1916 I-10 Exit 381,Barrett,TX,275,3.009
601163,Pilot Travel Center #189,7452 State Hwy 6 Exit 284,Georgetown,TX,129,3.123
601164,Sapp Bros #6040,7580 State Hwy 6 Exit 53,Sugar Land,TX,272,3.119
601165,AMBEST #7110,8016 State Hwy 6 Exit 24,Clawson,MI,222,3.024
601166,Loves Travel Stop #9997,2710 I-80 Exit 284,Kenefick,TX,389,3.021
601167,Flying J #5005,9704 I-40 Exit 133,Esperance,WA,106,4.174
601168,TA Travel Center #1914,6037 I-80 Exit 232,Weatherby Lake,MO,91,3.089
601169,Road Ranger #6056,8050 I-95 Exit 114,Tea,SD,101,2.884
601170,Petro Stopping Center #991,8683 I-10 Exit 296,Shelton,NE,53,3.342
601171,TA Travel Center #836,5757 I-95 Exit 300,Wise River,MT,138,3.739
601172,AMBEST #6507,9781 I-10 Exit 274,Winnetka,IL,277,2.859
601173,Pilot Travel Center #1584,2989 I-10 Exit 397,Kosse,TX,85,2.944
601174,TA Travel Center #1096,8818 I-80 Exit 213,Bluff City,AR,50,3.162
601175,Road Ranger #338,9264 I-95 Exit 20,Surfside,FL,77,2.740
601176,Pilot Travel Center #1244,6709 I-10 Exit 87,Watergate,FL,368,3.190
601177,Pilot Travel Center #6624,4047 State Hwy 6 Exit 32,West Brooklyn,IL,116,3.414
601178,Bosselman Travel Center #5862,1830 US-287 Exit 64,Thrall,TX,201,2.825
601179,QuikTrip #6306,1359 State Hwy 6 Exit 362,Middleburg,PA,212,3.216
601180,Sapp Bros #8975,6597 I-10 Exit 99,Dodge Center,MN,198,3.301
601181,Pilot Travel Center #2275,5994 I-80 Exit 193,Flora,MS,263,2.618
601182,Pilot Travel Center #2527,3012 US-287 Exit 142,Pinewood Estates,TX,185,3.011
601183,Pilot Travel Center #9104,421 State Hwy 6 Exit 315,Harbor Hills,NY,138,3.270
601184,QuikTrip #3447,9256 State Hwy 6 Exit 50,Brisbin,PA,275,3.109
601185,Flying J #4810,2021 I-40 Exit 27,Phoenix,IL,328,3.265
601186,Kwik Trip #4898,8542 US-287 Exit 124,Aurora,OH,365,3.098
601187,Bosselman Travel Center #3891,547 I-40 Exit 142,Dunkerton,IA,221,3.350
601188,Sapp Bros #6884,121 I-10 Exit 274,Marcellus,MI,312,3.201
601189,Road Ranger #8234,725 State Hwy 6 Exit 142,Dickens,IA,290,3.279
601190,QuikTrip #6210,187 US-287 Exit 145,New Site,AL,240,2.814
601191,Bosselman Travel Center #934,5259 I-10 Exit 284,Paris,TX,125,3.211
601192,TA Travel Center #8104,8779 I-95 Exit 13,Brooklyn,IA,82,3.165
601193,QuikTrip #7070,4407 US-287 Exit 59,Newkirk,NM,97,3.701
601194,Pilot Travel Center #5353,918 I-40 Exit 320,Mazon,IL,280,3.104
601195,Sapp Bros #8143,5480 US-287 Exit 247,Clintonville,PA,108,3.258
601196,Pilot Travel Center #8979,4732 I-80 Exit 249,Lakewood,CO,158,3.248
601197,Pilot Travel Center #6371,2720 I-95 Exit 85,Port Barrington,IL,257,3.097
601198,TA Travel Center #5743,5256 I-80 Exit 95,Spragueville,IA,7,3.112
601199,Sapp Bros #2394,8885 US-287 Exit 38,Ballwin,MO,164,3.265
601200,Loves Travel Stop #3188,5498 I-80 Exit 130,Fairfield,NE,240,2.868
601201,Loves Travel Stop #1605,7271 I-95 Exit 262,Offutt Afb,NE,243,2.894
601202,Sapp Bros #320,6021 I-40 Exit 107,Knox City,MO,319,2.660
601203,Road Ranger #2072,8793 I-10 Exit 137,Short Hills,NJ,45,2.928
601204,Loves Travel Stop #4843,1768 I-80 Exit 12,Villa Rica,GA,366,3.004
601205,Pilot Travel Center #8170,4331 I-10 Exit 22,Van Buren,IN,141,3.071
601206,Sapp Bros #7109,9610 I-95 Exit 109,York,AL,111,2.841
601207,TA Travel Center #7846,6771 I-10 Exit 320,Gladeview,FL,75,2.974
601208,Bosselman Travel Center #9666,4445 State Hwy 6 Exit 116,Lavon,TX,262,2.888
601209,QuikTrip #3427,788 I-95 Exit 78,Key Biscayne,FL,346,2.710
601210,Bosselman Travel Center #893,6251 I-40 Exit 188,Turin,GA,212,3.255
601211,Flying J #6841,843 State Hwy 6 Exit 42,Mountain View,NM,77,3.310
601212,Loves Travel Stop #3435,7918 I-80 Exit 313,Wightmans Grove,OH,153,3.389
601213,Bosselman Travel Center #1518,2343 I-10 Exit 161,Stony Point,MI,275,3.164
601214,Flying J #7149,6479 I-95 Exit 148,Florissant,MO,98,3.063
601215,Roadys Truck Stop #4973,3500 State Hwy 6 Exit 180,Bradshaw,NE,348,3.142
601216,Petro Stopping Center #5262,9867 US-287 Exit 191,Gratiot,WI,216,3.039
601217,Kwik Trip #2022,6131 I-40 Exit 387,Mendota,MN,279,2.671
601218,Petro Stopping Center #6350,3912 I-10 Exit 56,Pleasantville,IN,274,2.804
601219,QuikTrip #9120,9585 State Hwy 6 Exit 211,Sheridan,IN,400,3.144
601220,Pilot Travel Center #2209,3351 I-40 Exit 144,Lucas,TX,80,3.515
601221,Flying J #4043,3737 I-10 Exit 266,Marion,IL,269,2.972
601222,AMBEST #9438,6433 I-40 Exit 394,Energy,IL,75,2.965
601223,Sapp Bros #543,2615 State Hwy 6 Exit 9,Swan,IA,133,3.390
601224,Flying J #9050,7235 State Hwy 6 Exit 220,Montpelier,IN,264,3.096
601225,Petro Stopping Center #7756,757 State Hwy 6 Exit 334,George,WA,79,3.642
601226,QuikTrip #5252,7909 I-10 Exit 260,Great Bend,KS,311,3.350
601227,Roadys Truck Stop #7089,3418 State Hwy 6 Exit 258,Elmont,NY,15,2.805
601228,QuikTrip #3270,8782 I-40 Exit 285,Ryan,IA,397,3.458
601229,Kwik Trip #2512,3397 I-80 Exit 23,Centralia,IA,289,3.032
601230,Bosselman Travel Center #8980,2880 US-287 Exit 238,Garnet,CA,256,3.646
601231,Pilot Travel Center #7746,6029 I-40 Exit 269,Saint Ann,MO,355,3.149
601232,Pilot Travel Center #9331,8406 I-10 Exit 321,South Williamsport,PA,336,3.049
601233,Roadys Truck Stop #3182,6715 State Hwy 6 Exit 271,Lonoke,AR,352,3.141
601234,Loves Travel Stop #7040,9020 I-95 Exit 199,Alton,IA,6,3.357
601235,Pilot Travel Center #6299,6636 I-95 Exit 349,Huntley,IL,269,3.443
601236,QuikTrip #9733,869 US-287 Exit 373,Curran,IL,84,3.221
601237,Sapp Bros #2915,9017 I-10 Exit 137,Southern Gateway,VA,194,2.891
601238,Roadys Truck Stop #9044,1330 I-10 Exit 231,Haskell,AR,306,3.376
601239,TA Travel Center #2668,4777 I-40 Exit 341,Tamaqua,PA,313,2.943
601240,Bosselman Travel Center #7355,237 I-80 Exit 64,Zion,PA,22,2.970
601241,Kwik Trip #1120,8802 I-80 Exit 136,Fredericksburg,VA,287,3.026
601242,Sapp Bros #4334,4317 I-95 Exit 234,Greasewood,AZ,283,3.223
601243,Bosselman Travel Center #829,4551 I-95 Exit 127,Highland Springs,VA,99,3.044
601244,Sapp Bros #8934,6279 I-10 Exit 235,Bedminster,NJ,377,3.451
601245,AMBEST #2319,6438 I-40 Exit 94,Limestone Creek,FL,52,3.002
601246,Kwik Trip #584,7019 I-10 Exit 217,Cylinder,IA,383,3.358
601247,Road Ranger #6899,4976 I-40 Exit 164,North New Hyde Park,NY,328,2.912
601248,AMBEST #5075,3746 I-10 Exit 13,Evening Shade,AR,272,2.903
601249,QuikTrip #9205,241 I-10 Exit 109,Spring Valley Village,TX,228,2.612
601250,AMBEST #5579,4051 State Hwy 6 Exit 55,Sunland Estates,WA,65,3.802
601251,Roadys Truck Stop #8716,8742 State Hwy 6 Exit 12,Flanagan,IL,148,3.158
601252,Sapp Bros #8072,8955 I-10 Exit 51,Leonia,NJ,121,3.086
601253,AMBEST #7302,3381 I-10 Exit 40,Bovill,ID,146,3.946
601254,Loves Travel Stop #7931,5641 State Hwy 6 Exit 71,Kensington,MD,139,2.655
601255,QuikTrip #9835,9967 US-287 Exit 370,Cleveland Heights,OH,130,3.103
601256,QuikTrip #9023,2705 State Hwy 6 Exit 116,Hartstown,PA,370,3.418
601257,Pilot Travel Center #5864,7924 State Hwy 6 Exit 223,Lake Hopatcong,NJ,70,3.233
601258,Pilot Travel Center #7317,8633 US-287 Exit 367,Portia,AR,206,3.070
601259,Petro Stopping Center #322,1983 US-287 Exit 227,Advance,MO,230,2.927
601260,TA Travel Center #2014,9928 I-95 Exit 358,Leasburg,MO,249,3.495
601261,Kwik Trip #5287,7103 US-287 Exit 324,Danbury,NE,65,3.171
601262,Petro Stopping Center #2552,4410 US-287 Exit 288,Santa Fe Springs,CA,217,3.816
601263,Roadys Truck Stop #7545,2959 I-95 Exit 92,Divernon,IL,294,2.651
601264,TA Travel Center #2316,6981 State Hwy 6 Exit 316,Clarksville City,TX,139,2.667
601265,Pilot Travel Center #7201,484 I-40 Exit 161,Vienna,MO,397,3.054
601266,TA Travel Center #7280,3923 I-95 Exit 209,Dalmatia,PA,344,3.208
601267,Kwik Trip #8711,3682 I-80 Exit 316,Cary,IL,70,3.208
601268,AMBEST #8697,6494 I-80 Exit 80,Moulton,IA,184,2.783
601269,AMBEST #4243,7033 I-10 Exit 257,Vauxhall,NJ,379,2.895
601270,Roadys Truck Stop #1523,1089 I-80 Exit 185,New Chicago,IN,206,3.199
601271,Sapp Bros #8246,4502 I-10 Exit 284,Sutherland,IA,27,2.987
601272,QuikTrip #1397,5103 I-95 Exit 83,Nazlini,AZ,211,3.395
601273,TA Travel Center #7981,3898 I-10 Exit 188,Wallington,NJ,3,3.063
601274,Road Ranger #1364,2535 State Hwy 6 Exit 212,Newport,AR,147,3.002
601275,Roadys Truck Stop #695,9692 State Hwy 6 Exit 39,Alamo Lake,AZ,146,3.510
601276,Loves Travel Stop #204,869 I-95 Exit 55,Mendham,NJ,221,3.059
601277,Roadys Truck Stop #5926,9813 US-287 Exit 159,Saint Helena,NC,174,3.398
601278,Flying J #734,995 I-40 Exit 243,White Bear Lake,MN,266,2.991
601279,Petro Stopping Center #6655,2234 I-10 Exit 377,Kanawha,IA,252,3.061
601280,AMBEST #2660,169 I-10 Exit 162,Gillette,NJ,93,2.752
601281,Road Ranger #2238,5668 I-10 Exit 346,Crystal Rock,OH,282,2.737
601282,QuikTrip #3335,1025 State Hwy 6 Exit 397,Paramount,CA,102,3.505
601283,TA Travel Center #1885,6844 State Hwy 6 Exit 192,Goehner,NE,397,3.331
601284,Loves Travel Stop #851,7430 I-40 Exit 322,Alexander City,AL,273,2.881
601285,AMBEST #6719,1176 I-40 Exit 254,Elkhart,IL,48,3.166
601286,Pilot Travel Center #2505,5958 I-40 Exit 12,Rocky Ripple,IN,209,3.444
601287,Petro Stopping Center #2985,2519 State Hwy 6 Exit 216,Pine Lakes Addition,SD,132,3.172
601288,AMBEST #5123,6881 US-287 Exit 72,Spring,TX,221,3.312
601289,AMBEST #5934,1097 US-287 Exit 99,Lumberton,TX,146,2.785
601290,Petro Stopping Center #1403,1438 State Hwy 6 Exit 8,Lake Carroll,IL,81,3.103
601291,Kwik Trip #6227,9488 US-287 Exit 99,Amo,IN,368,3.271
601292,Kwik Trip #8906,8267 US-287 Exit 184,Browns Crossing,IN,307,2.762
601293,AMBEST #9290,8186 US-287 Exit 289,Newell,SD,379,3.416
601294,Loves Travel Stop #5740,5394 I-80 Exit 272,Edina,MN,378,3.251
601295,TA Travel Center #3842,914 I-40 Exit 205,Fairview,TX,141,3.052
601296,AMBEST #4132,2293 I-95 Exit 254,Greenfield,OK,235,3.099
601297,Road Ranger #4675,4931 I-10 Exit 397,Erick,OK,148,3.212
601298,TA Travel Center #9818,5164 US-287 Exit 348,Leeper,PA,234,3.385
601299,Kwik Trip #7121,8273 I-10 Exit 330,Ecorse,MI,375,3.049
601300,Petro Stopping Center #7840,7545 I-80 Exit 135,North Laurel,MD,326,3.332
601301,AMBEST #6544,4588 I-95 Exit 247,Hypoluxo,FL,77,3.015
601302,Kwik Trip #3558,4946 I-40 Exit 289,Mandeville,LA,6,2.692
601303,Roadys Truck Stop #7483,1320 I-40 Exit 17,Gause,TX,306,2.841
601304,Petro Stopping Center #2946,8420 I-80 Exit 297,Bellefonte,PA,292,2.994
601305,Flying J #1181,6313 I-10 Exit 133,Strongsville,OH,68,3.239
601306,Roadys Truck Stop #5924,8389 US-287 Exit 310,Bonanza,AR,241,3.171
601307,Pilot Travel Center #3048,4756 I-95 Exit 304,Bartlett,IL,37,3.344
601308,QuikTrip #9336,9487 I-95 Exit 46,Wilkinson,IN,186,3.082
601309,Kwik Trip #4376,3845 US-287 Exit 348,Burlingame,KS,180,3.214
601310,Loves Travel Stop #2514,3752 US-287 Exit 105,Doral,FL,136,2.839
601311,Petro Stopping Center #1015,7757 I-10 Exit 14,Campton Hills,IL,264,3.124
601312,AMBEST #3646,1265 I-10 Exit 123,Bridgewater,IA,303,2.918
601313,Sapp Bros #4891,4010 US-287 Exit 231,Grandview,MO,277,3.068
601314,Petro Stopping Center #5443,436 I-10 Exit 242,Lynnville,IA,108,2.847
601315,Road Ranger #2123,2656 I-95 Exit 84,Brockton,PA,38,2.891
601316,TA Travel Center #6546,5155 I-10 Exit 78,Lynn,AR,49,2.811
601317,AMBEST #8470,1389 US-287 Exit 132,Bearcreek,MT,135,3.585
601318,Kwik Trip #9662,3662 State Hwy 6 Exit 326,Hartwick,IA,234,2.640
601319,Pilot Travel Center #8088,1054 US-287 Exit 15,Palm Springs,FL,228,3.108
601320,AMBEST #427,6689 I-80 Exit 198,Memphis,MO,343,3.110
601321,Flying J #3139,7370 State Hwy 6 Exit 92,Arbyrd,MO,131,2.963
601322,Flying J #2229,7102 US-287 Exit 232,Foss,OK,79,2.816
601323,Pilot Travel Center #8226,8706 I-40 Exit 131,Yukon,OK,379,2.919
601324,Bosselman Travel Center #4058,7324 I-95 Exit 265,Bettendorf,IA,256,3.107
601325,QuikTrip #5487,2771 I-10 Exit 334,Celeste,TX,98,2.874
601326,Flying J #6470,9368 I-40 Exit 266,El Paso,AR,154,2.869
601327,Sapp Bros #4640,4486 I-40 Exit 348,Tyler,TX,301,2.895
601328,Kwik Trip #6036,7511 I-10 Exit 292,Hunting Valley,OH,79,3.061
601329,Kwik Trip #2812,6649 I-80 Exit 381,Hearne,TX,310,3.210
601330,Sapp Bros #1814,5272 I-95 Exit 371,Buffalo,TX,296,3.045
601331,Sapp Bros #2818,7991 US-287 Exit 229,Coburg,IA,279,3.362
601332,Loves Travel Stop #6016,5531 I-10 Exit 115,Parkway,MO,99,2.590
601333,Flying J #1257,7406 I-95 Exit 397,Warren,IL,117,3.332
601334,AMBEST #4994,8211 US-287 Exit 197,Woodlake,VA,33,3.163
601335,Bosselman Travel Center #7030,1652 State Hwy 6 Exit 195,Boulder,MT,185,3.563
601336,Pilot Travel Center #434,810 I-80 Exit 256,Needham,IN,271,3.006
601337,Roadys Truck Stop #5141,9325 US-287 Exit 268,Golden Glades,FL,344,3.234
601338,QuikTrip #1024,181 US-287 Exit 62,Vickery,OH,326,2.920
601339,TA Travel Center #5434,3824 I-95 Exit 334,East Highland Park,VA,28,3.266
601340,Flying J #1665,145 US-287 Exit 111,Lyons,IN,254,2.858
601341,Roadys Truck Stop #9898,3511 I-80 Exit 374,Whittemore,IA,285,2.893
601342,AMBEST #2848,8258 US-287 Exit 346,Walkerton,IN,198,3.140
601343,TA Travel Center #3032,6575 I-95 Exit 347,Martha Lake,WA,313,3.820
601344,Loves Travel Stop #5800,2779 I-10 Exit 134,Cass,IN,389,3.088
601345,Flying J #8931,8160 I-80 Exit 337,San Castle,FL,14,2.772
601346,Flying J #1689,5186 I-10 Exit 154,Austin,TX,129,3.124
601347,AMBEST #4485,1984 I-95 Exit 362,Woodville,MS,290,2.895
601348,AMBEST #9515,6397 I-80 Exit 325,Wenatchee,WA,135,3.967
601349,AMBEST #3417,9158 US-287 Exit 4,Kings Point,NY,295,3.344
601350,TA Travel Center #8179,7419 I-10 Exit 39,Los Chaves,NM,182,3.274
601351,QuikTrip #3844,6883 I-95 Exit 170,Jimmerson Lake,IN,3,3.061
601352,AMBEST #1899,8974 I-80 Exit 179,North Buena Vista,IA,46,3.060
601353,AMBEST #2042,600 I-80 Exit 46,Los Ojos,NM,335,3.192
601354,Pilot Travel Center #7912,5918 I-95 Exit 54,Washingtonville,PA,141,3.054
601355,Petro Stopping Center #6215,6887 State Hwy 6 Exit 40,Elmwood,LA,318,2.835
601356,QuikTrip #6267,256 I-40 Exit 369,Compton,CA,171,3.771
601357,Pilot Travel Center #4528,3943 US-287 Exit 1,Carmel,IN,394,3.518
601358,Roadys Truck Stop #6195,5706 State Hwy 6 Exit 194,Pleasant Plains,IL,356,3.324
601359,Petro Stopping Center #7660,6164 State Hwy 6 Exit 329,Anahuac,TX,395,3.067
601360,Road Ranger #7603,3255 I-10 Exit 72,Akron,OH,302,2.946
601361,AMBEST #7908,7959 US-287 Exit 43,North Spearfish,SD,392,3.389
601362,Kwik Trip #5415,444 I-10 Exit 78,Pymatuning South,PA,124,3.100
601363,Flying J #993,4965 State Hwy 6 Exit 390,Fairmount,IN,360,3.142
601364,QuikTrip #483,6951 I-40 Exit 193,Eden Isle,LA,172,3.117
601365,Flying J #7683,3700 I-40 Exit 165,Wadesville,IN,105,3.117
601366,TA Travel Center #8999,9871 I-40 Exit 252,East Stroudsburg,PA,364,2.749
601367,Kwik Trip #1251,6946 I-80 Exit 297,Stone Mountain,GA,104,3.224
601368,AMBEST #6290,1925 US-287 Exit 29,Petroleum,IN,246,3.171
601369,Loves Travel Stop #927,7175 State Hwy 6 Exit 63,Shannon Hills,AR,204,2.931
601370,QuikTrip #1045,5533 I-95 Exit 31,West Lake Hills,TX,138,2.990
601371,Loves Travel Stop #2059,7638 I-10 Exit 294,Crete,IL,328,3.212
601372,Bosselman Travel Center #7157,3421 I-40 Exit 305,Merrifield,VA,295,2.917
601373,Petro Stopping Center #6856,7360 I-40 Exit 291,Miami,FL,319,2.897
601374,QuikTrip #4542,6984 I-40 Exit 77,Forestville,MD,77,3.103
601375,Bosselman Travel Center #8476,3687 I-40 Exit 263,Pray,MT,343,3.579
601376,Petro Stopping Center #7785,7510 I-95 Exit 277,Tylertown,MS,261,2.779
601377,Kwik Trip #2608,4293 I-80 Exit 234,Wesley,AR,179,2.681
601378,Road Ranger #6517,8912 I-10 Exit 221,Albia,IA,91,2.746
601379,QuikTrip #4255,8328 I-80 Exit 357,Hartville,MO,120,3.347
601380,Pilot Travel Center #9436,7313 I-40 Exit 167,Hackberry,AZ,132,3.587
601381,QuikTrip #5555,9773 US-287 Exit 9,Grand Terrace,CA,60,3.695
601382,Flying J #6402,7510 I-80 Exit 373,Millington,NJ,337,2.983
601383,Loves Travel Stop #1175,5466 State Hwy 6 Exit 229,Wheatland,PA,392,3.041
601384,Petro Stopping Center #391,8876 I-80 Exit 274,Duboistown,PA,94,2.651
601385,Petro Stopping Center #6747,5155 I-95 Exit 329,Freeburg,MO,61,2.945
601386,Roadys Truck Stop #5442,1016 I-95 Exit 143,Parryville,PA,344,2.945
601387,AMBEST #2847,3649 I-10 Exit 55,Groveton,VA,192,3.212
601388,Flying J #7787,8925 I-40 Exit 115,Grafton,IA,61,3.017
601389,AMBEST #1127,6073 I-40 Exit 263,Springdale,MT,373,3.681
601390,Bosselman Travel Center #483,531 US-287 Exit 226,Sheffield,IA,305,3.166
601391,Pilot Travel Center #5078,7181 I-10 Exit 157,Rimersburg,PA,145,3.042
601392,Sapp Bros #9051,1163 US-287 Exit 51,Ratcliff,AR,310,2.998
601393,Flying J #4277,2651 State Hwy 6 Exit 287,La Crescenta Montrose,CA,290,4.195
601394,Road Ranger #1290,2730 State Hwy 6 Exit 274,Fulton,AR,306,2.572
601395,Pilot Travel Center #445,8300 State Hwy 6 Exit 348,Bodcaw,AR,26,2.813
601396,Kwik Trip #1289,4875 US-287 Exit 42,Dranesville,VA,220,2.824
601397,AMBEST #7090,6469 I-40 Exit 53,Summerfield,MD,245,3.084
601398,Bosselman Travel Center #4659,2773 I-40 Exit 210,Makanda,IL,241,2.798
601399,Pilot Travel Center #9227,588 US-287 Exit 380,Sumner,IA,266,3.103
601400,TA Travel Center #4689,290 US-287 Exit 320,Winfield,MO,332,2.914
601401,QuikTrip #8038,9756 I-10 Exit 166,Bowdon,GA,360,2.877
601402,Pilot Travel Center #648,3876 I-40 Exit 102,Quinn,SD,43,3.336
601403,Sapp Bros #1156,8618 State Hwy 6 Exit 48,Kreamer,PA,230,2.963
601404,Roadys Truck Stop #3017,2595 I-10 Exit 159,Palestine,TX,313,3.194
601405,Petro Stopping Center #7771,6970 US-287 Exit 331,Meriden,KS,52,2.913
601406,Sapp Bros #8391,3571 I-80 Exit 186,Poyen,AR,39,2.879
601407,Bosselman Travel Center #9481,720 I-40 Exit 6,Heyworth,IL,70,3.282
601408,Flying J #3577,4398 I-95 Exit 69,Trenton,IA,75,2.853
601409,QuikTrip #8067,7857 I-40 Exit 273,Illinois City,IL,168,2.801
601410,TA Travel Center #7024,8392 I-80 Exit 121,Parker Strip,AZ,316,3.410
601411,AMBEST #6004,6174 US-287 Exit 102,Landingville,PA,356,3.049
601412,TA Travel Center #1597,4049 I-95 Exit 325,Washington Park,AZ,3,3.693
601413,Loves Travel Stop #2077,5233 I-10 Exit 174,Louin,MS,245,2.887
601414,Loves Travel Stop #6172,1781 I-80 Exit 319,Roseto,PA,280,3.165
601415,Sapp Bros #6136,4170 I-80 Exit 105,Luther,MT,241,3.411
601416,Flying J #8209,4068 I-40 Exit 237,Westphalia,MO,164,3.218
601417,TA Travel Center #5339,2551 I-10 Exit 368,Jackson,NC,113,3.119
601418,Road Ranger #2471,1672 I-10 Exit 105,Wapella,IL,292,3.182
601419,Sapp Bros #8006,9538 State Hwy 6 Exit 167,Port Neches,TX,224,2.989
601420,Flying J #3748,6224 I-40 Exit 7,Waco,NE,216,3.175
601421,Road Ranger #4343,5436 US-287 Exit 369,Faxon,PA,268,3.438
601422,Kwik Trip #2896,4894 I-40 Exit 244,Montevallo,AL,348,3.110
601423,Kwik Trip #2708,8609 State Hwy 6 Exit 96,Mulberry,AR,188,3.015
601424,Road Ranger #3044,9546 I-80 Exit 376,Bordelonville,LA,384,2.786
601425,QuikTrip #481,7108 I-80 Exit 323,New Orleans Station,LA,328,2.848
601426,QuikTrip #3664,6334 I-40 Exit 269,Kalida,OH,31,3.245
601427,Sapp Bros #5868,8922 I-80 Exit 347,Mcfarland,KS,70,2.857
601428,Road Ranger #1454,6797 State Hwy 6 Exit 192,Beachwood,OH,11,3.235
601429,Loves Travel Stop #1482,6163 I-80 Exit 70,Winslow,IL,326,3.368
601430,Flying J #5027,1663 US-287 Exit 228,Cascade Valley,WA,245,3.739
601431,Sapp Bros #6321,9026 I-95 Exit 357,Waite Hill,OH,346,2.852
601432,Loves Travel Stop #3972,7302 I-95 Exit 301,Lordstown,OH,276,3.223
601433,QuikTrip #229,8701 I-40 Exit 354,Waverly,NE,171,3.134
601434,Bosselman Travel Center #9123,1332 I-80 Exit 361,Mcnab,AR,77,3.125
601435,AMBEST #3753,6495 US-287 Exit 232,Satanta,KS,353,3.219
601436,AMBEST #8074,6472 US-287 Exit 148,Glen Allen,VA,171,2.728
601437,Loves Travel Stop #2697,5468 State Hwy 6 Exit 80,Newark,IL,87,3.217
601438,AMBEST #3467,4697 State Hwy 6 Exit 132,Rolling Fork,MS,347,3.183
601439,Petro Stopping Center #2254,9735 I-95 Exit 352,Tingley,IA,376,3.000
601440,Pilot Travel Center #7432,1331 I-95 Exit 348,Fort Coffee,OK,193,3.109
601441,Pilot Travel Center #7186,9443 I-95 Exit 334,Riverton,IL,104,2.974
601442,Loves Travel Stop #705,6396 I-10 Exit 271,Bushland,TX,103,3.150
601443,Kwik Trip #2589,2408 I-40 Exit 196,Palm Beach Gardens,FL,75,3.151
601444,Road Ranger #6288,341 US-287 Exit 356,Byrnedale,PA,95,3.060
601445,QuikTrip #8404,6215 I-10 Exit 254,Walnut Creek,NC,55,3.033
601446,AMBEST #3223,304 US-287 Exit 193,Farmersville,TX,307,2.923
601447,Sapp Bros #6902,2986 US-287 Exit 321,Savage,MN,18,3.063
601448,Petro Stopping Center #1301,2396 I-80 Exit 164,Bushong,KS,87,2.948
601449,Kwik Trip #8762,9050 I-95 Exit 299,Bensley,VA,346,3.057
601450,Kwik Trip #8528,8603 State Hwy 6 Exit 391,Martinsburg,IA,16,3.082
601451,Kwik Trip #1223,1603 I-40 Exit 236,Reed Point,MT,51,3.493
601452,Flying J #6657,520 I-80 Exit 212,Castalia,NC,262,3.316
601453,Pilot Travel Center #8416,5567 I-95 Exit 340,Sky Valley,CA,259,3.557
601454,Petro Stopping Center #3531,8094 I-80 Exit 58,Mount Vernon,AR,102,3.321
601455,TA Travel Center #7170,8199 State Hwy 6 Exit 214,Davie,FL,109,3.135
601456,Flying J #1290,9722 I-40 Exit 351,Haynes,AR,259,2.805
601457,Pilot Travel Center #5087,3916 I-95 Exit 153,Somerville,NJ,358,3.103
601458,QuikTrip #9438,8098 US-287 Exit 395,Bon Air,AL,193,3.304
601459,Kwik Trip #4383,2993 I-40 Exit 285,Wood Dale,IL,63,2.694
601460,Loves Travel Stop #8711,7841 US-287 Exit 237,New Village,NJ,86,2.938
601461,Bosselman Travel Center #1599,3842 I-40 Exit 63,Sandy,PA,82,3.247
601462,Road Ranger #7321,5165 State Hwy 6 Exit 4,Burnt Mills,MD,112,3.035
601463,Pilot Travel Center #2248,3581 I-40 Exit 69,Ravenna,OH,37,3.008
601464,Pilot Travel Center #5153,3011 I-10 Exit 126,Cobden,IL,72,3.061
601465,QuikTrip #5256,8716 I-95 Exit 283,Stonefort,IL,48,3.203
601466,Bosselman Travel Center #2832,496 State Hwy 6 Exit 112,Godfrey,IL,13,2.919
601467,Petro Stopping Center #2006,6343 US-287 Exit 67,Crandon Lakes,NJ,233,3.176
601468,Kwik Trip #9380,1786 I-40 Exit 295,Locust Gap,PA,177,3.236
601469,Flying J #1687,796 I-40 Exit 36,Cantrall,IL,236,2.819
601470,Sapp Bros #1155,3794 State Hwy 6 Exit 327,Capron,IL,87,2.910
601471,TA Travel Center #3294,9000 I-10 Exit 10,Petty,TX,39,3.079
601472,Pilot Travel Center #2993,589 I-95 Exit 335,Leawood,KS,287,3.250
601473,Loves Travel Stop #9877,5207 I-40 Exit 39,Woodburn,IN,387,3.051
601474,Loves Travel Stop #3970,6702 I-40 Exit 239,North English,IA,254,3.327
601475,TA Travel Center #8143,2667 I-40 Exit 324,Chamberlain,SD,381,3.230
601476,Road Ranger #9461,9134 I-40 Exit 223,Champ,MO,377,3.120
601477,Flying J #5848,3846 I-80 Exit 106,Genoa,AR,186,3.431
601478,Road Ranger #3171,7001 I-80 Exit 167,Platte City,MO,35,3.146
601479,Pilot Travel Center #5216,9540 US-287 Exit 194,Bolindale,OH,62,3.047
601480,Sapp Bros #1322,5636 I-40 Exit 106,Springfield,VA,114,3.072
601481,AMBEST #2157,580 I-95 Exit 203,Clarendon Hills,IL,227,3.197
601482,Bosselman Travel Center #2554,4907 I-40 Exit 245,Saint Marys,IA,159,3.419
601483,Loves Travel Stop #3401,5637 I-95 Exit 324,Mill Hall,PA,349,2.956
601484,Flying J #9331,917 I-80 Exit 197,Kendall West,FL,116,3.012
601485,AMBEST #8578,6029 State Hwy 6 Exit 143,Bailey,NC,103,3.052
601486,Sapp Bros #8363,418 I-10 Exit 6,Hinsdale,IL,15,3.175
601487,Kwik Trip #4989,1770 State Hwy 6 Exit 73,Fort Lupton,CO,350,3.243
601488,Loves Travel Stop #5180,7153 I-95 Exit 124,Orangeburg,NY,332,3.203
601489,Loves Travel Stop #4490,6511 US-287 Exit 3,Tecolotito,NM,10,3.341
601490,AMBEST #6164,6010 I-95 Exit 367,North Hills,NY,346,3.217
601491,Road Ranger #4858,6465 I-10 Exit 148,Fairview Park,OH,330,3.135
601492,Loves Travel Stop #9894,448 I-80 Exit 110,Adams,NE,87,3.193
601493,Pilot Travel Center #1655,6248 US-287 Exit 54,Jersey City,NJ,308,2.698
601494,Pilot Travel Center #6751,359 I-95 Exit 58,Eakly,OK,250,3.079
601495,Sapp Bros #629,7578 US-287 Exit 62,Holgate,OH,381,3.004
601496,QuikTrip #7852,5905 I-40 Exit 144,Cooper City,FL,206,2.893
601497,Loves Travel Stop #6513,2713 I-10 Exit 75,Colona,IL,345,2.962
601498,Petro Stopping Center #3315,9997 I-10 Exit 221,Fairmount Heights,MD,178,2.914
601499,Roadys Truck Stop #8913,9243 I-10 Exit 256,Mobile City,TX,85,3.404
601500,Petro Stopping Center #9204,8065 I-40 Exit 16,Friendswood,TX,117,3.003
601501,Roadys Truck Stop #5660,3827 US-287 Exit 250,Vicksburg,IN,193,3.072
601502,Petro Stopping Center #2437,7784 I-40 Exit 352,Ontario,IN,299,3.024
601503,QuikTrip #4940,5623 I-80 Exit 33,Irondale,GA,152,2.908
601504,Pilot Travel Center #9273,934 I-40 Exit 75,Renner Corner,SD,322,3.288
601505,Bosselman Travel Center #402,7088 I-10 Exit 299,Sheridan,CO,180,3.322
601506,Sapp Bros #7058,4266 I-80 Exit 230,Geneseo,KS,353,3.260
601507,TA Travel Center #9823,4264 I-80 Exit 212,Glendale Heights,IL,323,3.451
601508,Bosselman Travel Center #506,9365 I-95 Exit 82,Skykomish,WA,134,4.136
601509,Sapp Bros #1028,8644 I-40 Exit 136,Bee,NE,364,3.019
601510,Pilot Travel Center #2571,3345 State Hwy 6 Exit 4,Three Creeks,MO,226,3.126
601511,Petro Stopping Center #1940,8160 I-40 Exit 220,Southport,NC,7,3.099
601512,Sapp Bros #5392,3412 I-10 Exit 338,Dove Valley,CO,42,3.495
601513,Flying J #4271,1628 State Hwy 6 Exit 216,Glezen,IN,96,3.278
601514,Bosselman Travel Center #5775,5001 I-40 Exit 252,Hamill,SD,190,3.241
601515,Petro Stopping Center #617,1676 State Hwy 6 Exit 127,Avondale,LA,230,2.860
601516,Kwik Trip #4493,9184 I-80 Exit 284,Le Roy,IA,59,2.985
601517,QuikTrip #3179,3445 I-80 Exit 387,Parker,CO,313,3.342
601518,Loves Travel Stop #530,8999 I-80 Exit 300,Seven Springs,NC,217,2.796
601519,AMBEST #5899,7211 I-40 Exit 70,Seward,NE,32,3.228
601520,Petro Stopping Center #6431,4651 I-10 Exit 210,Fords,NJ,246,2.687
601521,Roadys Truck Stop #4355,7694 I-95 Exit 183,Heartland,TX,196,3.224
601522,Kwik Trip #4384,5883 I-40 Exit 382,Northbrook,IL,349,3.420
601523,Loves Travel Stop #5108,4160 I-95 Exit 298,Maywood,IL,290,3.206
601524,Pilot Travel Center #9604,9585 I-80 Exit 264,Michigan City,IN,222,3.255
601525,Loves Travel Stop #235,2463 I-95 Exit 177,Noonday,TX,322,2.850
601526,Petro Stopping Center #4006,8762 I-10 Exit 79,Arrowsmith,IL,166,3.361
601527,AMBEST #5565,2409 I-40 Exit 127,Mcclure,PA,96,3.323
601528,Road Ranger #8972,6807 US-287 Exit 289,Walton,NE,61,3.037
601529,Kwik Trip #2101,9320 I-95 Exit 19,East Dundee,IL,399,2.979
601530,Flying J #799,5651 I-80 Exit 8,Sargeant,MN,222,3.288
601531,QuikTrip #3693,345 I-10 Exit 344,Floyd,AR,278,3.041
601532,Kwik Trip #8739,4843 I-40 Exit 54,Hindsville,AR,378,3.097
601533,Roadys Truck Stop #7878,7700 State Hwy 6 Exit 304,Roswell,GA,73,2.906
601534,Bosselman Travel Center #2115,384 US-287 Exit 7,Larchwood,IA,251,2.831
601535,Loves Travel Stop #9580,7607 I-40 Exit 309,Avoca,NE,182,3.260
601536,Petro Stopping Center #5807,4644 I-40 Exit 224,Layhill,MD,303,3.052
601537,Loves Travel Stop #5169,4150 I-95 Exit 233,Coulter,IA,223,2.895
601538,Petro Stopping Center #4125,2007 I-10 Exit 325,Perth Amboy,NJ,163,3.124
601539,Road Ranger #6205,6869 State Hwy 6 Exit 218,Newington Forest,VA,312,2.919
601540,Bosselman Travel Center #2778,9327 State Hwy 6 Exit 93,Coal Valley,IL,378,3.441
601541,Roadys Truck Stop #3812,2788 I-10 Exit 244,Wheatland,MT,112,3.675
601542,Flying J #8112,802 I-80 Exit 347,East Los Angeles,CA,325,3.792
601543,Bosselman Travel Center #1391,9454 I-10 Exit 21,Bartley,NE,168,2.990
601544,AMBEST #1889,4450 I-40 Exit 351,Worthington,IA,120,3.260
601545,Petro Stopping Center #3232,445 State Hwy 6 Exit 204,Osterdock,IA,266,3.036
601546,Bosselman Travel Center #8406,7373 State Hwy 6 Exit 356,Ephrata,WA,281,3.748
601547,Loves Travel Stop #7168,647 US-287 Exit 370,Hillandale,MD,322,3.138
601548,Pilot Travel Center #2723,4491 I-80 Exit 122,Jasonville,IN,220,3.113
601549,Road Ranger #4037,7332 US-287 Exit 374,Hermitage,PA,339,3.120
601550,Pilot Travel Center #1203,3669 I-40 Exit 270,Alzada,MT,135,3.523
601551,Flying J #4806,1329 I-80 Exit 177,West Chester,IA,346,3.008
601552,Roadys Truck Stop #9300,2441 State Hwy 6 Exit 64,Milan,IL,34,3.104
601553,Loves Travel Stop #4801,7657 State Hwy 6 Exit 88,Corunna,IN,13,2.971
601554,Kwik Trip #7988,3851 I-10 Exit 177,Seattle,WA,160,3.975
601555,Loves Travel Stop #4696,5402 US-287 Exit 214,Bangor,PA,157,2.707
601556,Flying J #1152,1700 State Hwy 6 Exit 263,Western Springs,IL,274,3.217
601557,Sapp Bros #9806,2985 State Hwy 6 Exit 207,Notre Dame,IN,119,2.827
601558,Pilot Travel Center #9036,8663 I-95 Exit 138,Kildeer,IL,115,3.147
601559,Kwik Trip #3284,842 I-40 Exit 153,Buckhorn,PA,281,2.995
601560,Road Ranger #1804,6728 US-287 Exit 222,Allen,KS,6,2.932
601561,Kwik Trip #8775,873 I-10 Exit 136,Indianola,MS,36,2.778
601562,AMBEST #2227,4708 US-287 Exit 206,Rochester,OH,367,3.079
601563,TA Travel Center #9205,8732 I-80 Exit 222,Rockford,IA,34,2.981
601564,Roadys Truck Stop #656,9031 State Hwy 6 Exit 112,Norwalk,OH,392,3.120
601565,Roadys Truck Stop #3403,1381 US-287 Exit 289,Gates Mills,OH,100,3.019
601566,Flying J #7496,2290 I-80 Exit 302,Flint Hill,MO,378,2.878
601567,Flying J #8621,213 US-287 Exit 174,Winburne,PA,4,3.082
601568,AMBEST #8695,3865 US-287 Exit 291,Shenandoah,PA,58,3.077
601569,AMBEST #1425,6683 US-287 Exit 251,Pecatonica,IL,212,3.100
601570,QuikTrip #3337,9289 I-10 Exit 209,Neylandville,TX,285,3.149
601571,Loves Travel Stop #3433,3931 I-10 Exit 244,Breinigsville,PA,333,3.264
601572,AMBEST #8085,9248 I-40 Exit 286,Venedocia,OH,39,3.281
601573,Sapp Bros #5758,3500 I-10 Exit 297,Essex,IL,95,2.959
601574,Flying J #659,2965 I-40 Exit 103,Fontanelle,IA,204,3.244
601575,QuikTrip #1139,6786 I-40 Exit 334,Bloomington,MN,123,3.134
601576,Road Ranger #7858,8637 State Hwy 6 Exit 207,Leonard,MO,7,3.226
601577,TA Travel Center #8470,8179 US-287 Exit 307,Wright,KS,8,3.023
601578,Road Ranger #4210,8795 I-95 Exit 37,Beulah,MS,2,3.049
601579,Sapp Bros #596,4166 I-95 Exit 46,Washburn,IA,214,3.038
601580,Kwik Trip #8467,4086 State Hwy 6 Exit 313,Warrior Run,PA,325,3.100
601581,Flying J #9958,8948 US-287 Exit 325,Templeton,PA,291,3.137
601582,Pilot Travel Center #9212,2643 I-80 Exit 230,Hawkins,TX,331,3.294
601583,Kwik Trip #1679,4587 State Hwy 6 Exit 293,Roseville,MN,179,3.130
601584,Roadys Truck Stop #9767,8563 I-10 Exit 77,Malta,IL,125,3.248
601585,TA Travel Center #800,7287 I-80 Exit 324,Fort Washington,MD,154,3.136
601586,AMBEST #1500,5681 State Hwy 6 Exit 345,Dune Acres,IN,400,2.935
601587,TA Travel Center #3887,951 I-10 Exit 200,Crooks,SD,256,3.109
601588,Bosselman Travel Center #4678,6419 State Hwy 6 Exit 20,Alden,KS,44,3.136
601589,Petro Stopping Center #1369,2564 I-95 Exit 1,Bellevue,OH,131,3.070
601590,TA Travel Center #708,9305 I-80 Exit 388,Rauchtown,PA,215,3.168
601591,TA Travel Center #4768,9086 State Hwy 6 Exit 158,Wilson,PA,258,3.034
601592,QuikTrip #9021,9212 State Hwy 6 Exit 360,Cedarville,IL,36,3.199
601593,QuikTrip #3726,2228 State Hwy 6 Exit 236,Hunts Point,WA,209,4.102
601594,Flying J #5536,1185 I-10 Exit 123,Cambridge,IL,209,3.121
601595,Kwik Trip #9422,9637 I-40 Exit 219,Bernie,MO,185,3.067
601596,Road Ranger #6864,9826 I-95 Exit 129,Woolstock,IA,330,2.966
601597,Flying J #6902,6730 I-10 Exit 125,Clarkston,WA,346,3.775
601598,Sapp Bros #6923,1502 I-95 Exit 140,Deer Grove,IL,182,3.376
601599,Flying J #5714,7994 State Hwy 6 Exit 247,Tuckahoe,VA,366,2.849
601600,Bosselman Travel Center #2362,4631 US-287 Exit 259,Victor,MT,120,3.692
601601,Roadys Truck Stop #1307,8877 I-10 Exit 263,Pasadena,TX,358,3.031
601602,Kwik Trip #9366,2822 I-80 Exit 389,Lodi,OH,318,3.222
601603,Roadys Truck Stop #714,4721 I-80 Exit 138,Dania Beach,FL,137,2.892
601604,Roadys Truck Stop #8235,1119 I-80 Exit 62,Valley Brook,OK,246,3.201
601605,Kwik Trip #2935,5553 I-95 Exit 285,Tracy,MO,280,3.395
601606,Loves Travel Stop #155,3936 State Hwy 6 Exit 370,Weston,OH,211,2.898
601607,Flying J #2751,9751 US-287 Exit 2,Axtell,NE,115,3.304
601608,Road Ranger #607,5081 I-80 Exit 252,Oak Lawn,IL,131,2.922
601609,Loves Travel Stop #2668,7260 I-95 Exit 282,Elgin,TX,5,2.887
601610,Sapp Bros #2068,348 I-95 Exit 212,Hallsville,MO,398,3.058
601611,Loves Travel Stop #9825,7677 I-40 Exit 254,Palo Alto,PA,372,3.084
601612,Flying J #1411,3948 I-80 Exit 319,Lott,TX,156,2.934
601613,Pilot Travel Center #2827,7816 US-287 Exit 302,Hazel Green,WI,149,3.258
601614,Loves Travel Stop #6711,6219 State Hwy 6 Exit 187,White City,KS,187,3.450
601615,Sapp Bros #7878,5036 I-95 Exit 194,Frederika,IA,109,2.965
601616,Pilot Travel Center #8216,152 US-287 Exit 202,Loogootee,IN,31,2.905
601617,Sapp Bros #5253,7945 I-80 Exit 268,Old Tappan,NJ,368,2.790
601618,Petro Stopping Center #1997,932 I-95 Exit 208,Atlanta,NE,4,2.908
601619,Pilot Travel Center #7171,6318 I-40 Exit 209,Gresham Park,GA,346,3.178
601620,Flying J #1399,7317 State Hwy 6 Exit 208,South Kensington,MD,11,2.879
601621,Road Ranger #2795,4905 US-287 Exit 356,Lacrosse,WA,192,3.662
601622,Bosselman Travel Center #1597,8460 I-40 Exit 151,Palmer Heights,PA,110,3.220
601623,Flying J #6441,7498 US-287 Exit 235,Waverly,IN,171,3.168
601624,Roadys Truck Stop #373,6399 I-95 Exit 98,Franklin,GA,138,2.881
601625,TA Travel Center #6947,450 US-287 Exit 100,Avilla,AR,121,3.174
601626,AMBEST #5183,9747 State Hwy 6 Exit 302,Bedford Park,IL,205,2.943
601627,Roadys Truck Stop #922,9057 I-10 Exit 372,Homer Glen,IL,351,3.239
601628,Sapp Bros #8579,9209 I-40 Exit 148,Kewanee,IL,56,3.219
601629,Petro Stopping Center #421,3261 State Hwy 6 Exit 115,Window Rock,AZ,157,3.305
601630,Loves Travel Stop #2362,6495 I-40 Exit 289,Tremont,PA,124,3.064
601631,QuikTrip #1026,2798 I-80 Exit 336,Lake Forest,IL,381,3.194
601632,Pilot Travel Center #9941,4871 US-287 Exit 111,Bell Gardens,CA,36,3.604
601633,AMBEST #2775,1488 I-80 Exit 141,Coppock,IA,366,2.949
601634,Bosselman Travel Center #9874,600 I-40 Exit 244,Fairland,IN,95,3.363
601635,Sapp Bros #6671,6446 I-95 Exit 249,Hillsdale,IL,68,3.150
601636,AMBEST #3536,6966 US-287 Exit 229,Acacia Villas,FL,270,2.924
601637,Flying J #7342,1307 I-10 Exit 349,Placentia,CA,190,3.898
601638,Petro Stopping Center #1722,3968 State Hwy 6 Exit 249,Elizabeth,MS,234,3.204
601639,QuikTrip #6320,8072 I-95 Exit 185,Milesburg,PA,297,2.954
601640,Road Ranger #2207,2272 US-287 Exit 308,La Habra,CA,197,3.466
601641,QuikTrip #3673,7766 I-40 Exit 302,Graysville,IN,216,2.922
601642,QuikTrip #9645,2037 I-80 Exit 16,Switz City,IN,310,3.097
601643,Petro Stopping Center #5580,4424 I-10 Exit 13,Luthersburg,PA,84,2.859
601644,Road Ranger #4651,4984 I-80 Exit 287,Sun,LA,378,2.930
601645,Kwik Trip #2365,6277 I-95 Exit 229,First Mesa,AZ,207,3.091
601646,Flying J #6467,6438 State Hwy 6 Exit 139,Liberty Center,OH,393,2.910
601647,Kwik Trip #8634,7086 I-95 Exit 310,Loretto,MN,299,2.864
601648,Kwik Trip #7946,8590 State Hwy 6 Exit 119,Polo,IL,290,3.318
601649,Loves Travel Stop #4966,2102 I-95 Exit 355,Homestead Base,FL,123,2.914
601650,Road Ranger #4774,967 I-10 Exit 145,Winnie,TX,150,3.021
601651,Petro Stopping Center #7742,4668 I-80 Exit 235,Ai,OH,28,2.942
601652,Petro Stopping Center #5729,2566 State Hwy 6 Exit 288,Armour,SD,211,3.255
601653,Loves Travel Stop #1097,9956 US-287 Exit 130,Broadwell,IL,236,3.128
601654,QuikTrip #4642,998 State Hwy 6 Exit 163,Hawthorne,NJ,47,3.000
601655,Bosselman Travel Center #4125,2130 US-287 Exit 196,Timken,KS,4,3.198
601656,Kwik Trip #607,3841 US-287 Exit 212,Montgomery Village,MD,268,3.285
601657,Bosselman Travel Center #1986,404 I-95 Exit 334,Cypress,CA,332,3.533
601658,QuikTrip #106,7795 US-287 Exit 16,Beech Creek,PA,55,3.234
601659,Flying J #9532,3630 I-95 Exit 322,Sands Point,NY,89,3.258
601660,QuikTrip #7933,5088 I-10 Exit 202,El Lago,TX,126,2.961
601661,Loves Travel Stop #7951,8003 I-40 Exit 266,Jessup,MD,207,3.144
601662,QuikTrip #8742,6836 I-40 Exit 207,Huntington,AR,120,3.189
601663,Flying J #9303,6527 I-80 Exit 274,Brownsburg,IN,62,3.099
601664,TA Travel Center #6818,2227 US-287 Exit 351,Westover,PA,315,3.488
601665,Kwik Trip #7003,5066 I-40 Exit 313,East Brooklyn,IL,130,2.959
601666,Petro Stopping Center #9390,8070 State Hwy 6 Exit 16,Stockton,IA,399,3.189
601667,Sapp Bros #3786,6557 US-287 Exit 138,Pembroke Park,FL,128,3.121
601668,AMBEST #5612,4806 I-40 Exit 68,Gallatin Gateway,MT,56,3.192
601669,AMBEST #7719,6330 I-80 Exit 25,Ramblewood,PA,277,2.897
601670,Road Ranger #2993,8800 I-95 Exit 128,Afton,IA,131,2.821
601671,Kwik Trip #2779,8826 I-40 Exit 13,Claremont,CA,346,3.397
601672,Sapp Bros #4132,6413 US-287 Exit 14,San Marino,CA,148,3.508
601673,AMBEST #5914,6643 I-95 Exit 219,Scottville,IL,317,3.033
601674,Loves Travel Stop #9948,2875 I-80 Exit 97,Oak Island,TX,46,3.000
601675,Sapp Bros #2279,5022 I-40 Exit 140,Lago Vista,TX,63,3.287
601676,Sapp Bros #8521,4472 I-10 Exit 75,Prophetstown,IL,237,2.991
601677,Roadys Truck Stop #8574,6936 I-40 Exit 334,Grant,OK,90,2.725
601678,Road Ranger #9449,3333 I-80 Exit 116,Conway,IA,123,3.126
601679,Sapp Bros #7241,5190 I-80 Exit 11,Hartleton,PA,48,2.965
601680,Sapp Bros #7435,6551 State Hwy 6 Exit 43,Rush Hill,MO,213,3.031
601681,Road Ranger #2971,9525 I-10 Exit 395,Rockwell Place,TX,187,3.392
601682,Loves Travel Stop #327,3602 I-40 Exit 274,Boxley,IN,158,3.139
601683,Loves Travel Stop #8076,4125 I-10 Exit 93,Searingtown,NY,327,2.821
601684,Flying J #4288,7112 US-287 Exit 359,Rockford,OH,186,3.261
601685,Petro Stopping Center #7136,1141 I-80 Exit 338,Eaton,IN,32,3.136
601686,Petro Stopping Center #6839,7554 I-10 Exit 89,Ogden,NC,224,3.305
601687,Petro Stopping Center #5059,948 I-40 Exit 309,Jackson Heights,NC,386,2.928
601688,Kwik Trip #9956,1976 US-287 Exit 348,Lake Tapps,WA,108,3.914
601689,Sapp Bros #3573,5664 I-10 Exit 135,Palestine,AR,93,2.881
601690,Roadys Truck Stop #2154,8831 I-10 Exit 217,Spirit Lake,IA,383,3.342
601691,AMBEST #138,8234 I-10 Exit 262,Dixmoor,IL,44,3.162
601692,Kwik Trip #4748,7548 US-287 Exit 38,Drifting,PA,126,2.980
601693,Road Ranger #4315,810 State Hwy 6 Exit 345,Fredonia,IA,140,2.945
601694,Road Ranger #5298,402 US-287 Exit 358,Villa Park,CA,275,3.528
601695,TA Travel Center #4366,948 US-287 Exit 344,South Wayne,WI,162,3.127
601696,Sapp Bros #1379,2248 I-40 Exit 206,Perris,CA,316,3.472
601697,Pilot Travel Center #7157,1880 I-40 Exit 320,Wineglass,MT,370,3.447
601698,Flying J #7302,2648 US-287 Exit 123,Labarque Creek,MO,1,3.249
601699,Flying J #2046,5270 I-95 Exit 140,Brookfield,IL,194,2.937
601700,Bosselman Travel Center #4200,4547 I-80 Exit 281,Kennesaw State University,GA,9,3.432
601701,Road Ranger #5349,4264 I-10 Exit 9,Kendall,FL,32,2.849
601702,Road Ranger #3552,1860 I-95 Exit 182,Lorimor,IA,25,3.040
601703,QuikTrip #9278,8234 I-80 Exit 8,Wellsburg,IA,176,3.015
601704,Pilot Travel Center #4030,4549 I-10 Exit 375,Barrington Hills,IL,391,2.896
601705,AMBEST #3527,3150 I-10 Exit 319,High Ridge,MO,82,3.133
601706,Sapp Bros #6068,6124 I-10 Exit 178,Saint Wendel,IN,372,2.997
601707,Roadys Truck Stop #2519,8373 US-287 Exit 311,Dunn Loring,VA,255,2.859
601708,Road Ranger #7351,9051 I-10 Exit 113,West Covina,CA,118,3.889
601709,Bosselman Travel Center #4080,9969 I-95 Exit 396,Tecumseh,MI,149,3.111
601710,AMBEST #5852,1401 I-95 Exit 259,Basile,LA,261,3.025
601711,Sapp Bros #7389,9061 State Hwy 6 Exit 272,Cloverdale,MS,96,3.041
601712,Pilot Travel Center #9371,5672 State Hwy 6 Exit 93,Rockwall,TX,372,2.846
601713,Kwik Trip #4069,9995 State Hwy 6 Exit 266,Oak Island,NC,102,3.352
601714,Kwik Trip #9971,9315 State Hwy 6 Exit 186,Bentleyville,OH,324,3.119
601715,AMBEST #9742,8662 US-287 Exit 207,Le Grand,IA,388,3.170
601716,Pilot Travel Center #7487,4889 US-287 Exit 215,Buhler,KS,81,2.889
601717,AMBEST #5332,6279 I-10 Exit 240,Freelandville,IN,2,3.366
601718,QuikTrip #1728,8853 I-10 Exit 260,Bellevue,NE,229,2.889
601719,Sapp Bros #8626,7505 US-287 Exit 28,Rose City,TX,297,2.940
601720,TA Travel Center #666,8056 US-287 Exit 340,Thornton,IL,65,3.082
601721,Pilot Travel Center #4230,6659 I-95 Exit 25,Weston,CO,237,3.446
601722,Pilot Travel Center #6635,4354 I-95 Exit 129,Lyons,IL,246,3.084
601723,QuikTrip #3215,2848 I-40 Exit 77,West Leipsic,OH,153,3.001
601724,Petro Stopping Center #313,7926 I-80 Exit 326,Nanuet,NY,52,2.996
601725,Bosselman Travel Center #8026,1422 I-95 Exit 335,Berryville,AR,320,3.044
601726,Loves Travel Stop #3063,1049 I-80 Exit 388,Cairo,MO,204,3.070
601727,QuikTrip #3045,1279 I-10 Exit 203,Strawberry Point,IA,317,3.151
601728,TA Travel Center #7203,1452 I-10 Exit 398,Bruning,NE,201,3.034
601729,Roadys Truck Stop #6986,4598 State Hwy 6 Exit 34,Logan,NM,15,3.052
601730,Sapp Bros #3097,7357 US-287 Exit 216,Kadoka,SD,188,3.318
601731,TA Travel Center #508,9008 I-80 Exit 55,Deer Lake,PA,351,3.320
601732,Flying J #287,184 I-40 Exit 378,Jupiter Island,FL,198,2.783
601733,Loves Travel Stop #8699,3724 I-80 Exit 47,Westfield,NJ,170,3.207
601734,Pilot Travel Center #1073,8165 US-287 Exit 36,Taos Ski Valley,NM,379,3.527
601735,Roadys Truck Stop #6285,4487 I-80 Exit 20,Linden,AL,282,2.783
601736,TA Travel Center #9213,3952 I-40 Exit 204,Okarche,OK,252,3.334
601737,TA Travel Center #3577,2241 US-287 Exit 196,Lyons,KS,379,3.152
601738,Loves Travel Stop #724,6338 I-40 Exit 202,Troup,TX,32,3.143
601739,Roadys Truck Stop #7541,3981 State Hwy 6 Exit 233,Houserville,PA,271,2.857
601740,Loves Travel Stop #4288,2102 I-95 Exit 61,Yucca,AZ,21,3.524
601741,Pilot Travel Center #7622,2736 I-95 Exit 14,Bentonia,MS,258,2.904
601742,Kwik Trip #861,1815 I-10 Exit 49,Owatonna,MN,234,2.959
601743,Pilot Travel Center #5749,6501 US-287 Exit 239,Lake Elmo,MN,327,3.253
601744,Sapp Bros #8936,6168 State Hwy 6 Exit 388,Citrus,CA,187,3.539
601745,QuikTrip #9808,448 I-80 Exit 375,Dahlgren,IL,116,2.910
601746,Road Ranger #5346,9751 I-10 Exit 144,Forney,TX,394,3.161
601747,QuikTrip #9982,1461 I-40 Exit 299,Saint James,NC,390,2.845
601748,AMBEST #3662,8014 I-95 Exit 145,Melcher Dallas,IA,277,2.933
601749,Road Ranger #6689,5252 I-80 Exit 112,Lindale,TX,395,3.032
601750,Sapp Bros #3606,3271 US-287 Exit 109,Sidney,AR,13,3.044
601751,Petro Stopping Center #9022,2952 I-40 Exit 238,Pulaski,OH,17,3.193
601752,QuikTrip #5826,5630 US-287 Exit 229,Hughes Springs,TX,178,3.011
601753,Flying J #7213,4861 I-10 Exit 46,Hazel Park,MI,218,3.127
601754,Loves Travel Stop #1805,7818 I-80 Exit 325,Ridgway,PA,104,3.185
601755,Pilot Travel Center #3253,5817 I-95 Exit 84,Luverne,MN,46,2.729
601756,Roadys Truck Stop #3788,4166 I-40 Exit 279,Lathrup Village,MI,393,3.173
601757,Pilot Travel Center #4330,9166 I-10 Exit 327,Rocky River,OH,7,2.840
601758,Road Ranger #7132,1395 I-40 Exit 86,Paris,AR,396,2.976
601759,Sapp Bros #8326,439 US-287 Exit 156,Mount Etna,IN,360,3.131
601760,Sapp Bros #7709,8025 I-80 Exit 48,Waggaman,LA,52,2.938
601761,TA Travel Center #7394,1853 I-10 Exit 208,Reasnor,IA,265,3.268
601762,Loves Travel Stop #7536,6908 State Hwy 6 Exit 120,Cannon Falls,MN,189,3.260
601763,TA Travel Center #1496,5569 I-80 Exit 215,Girardville,PA,248,3.161
601764,Loves Travel Stop #1290,304 State Hwy 6 Exit 392,Bavaria,KS,4,3.382
601765,Roadys Truck Stop #8851,6824 I-95 Exit 331,Royal Palm Beach,FL,222,2.867
601766,Petro Stopping Center #1752,4864 State Hwy 6 Exit 121,Middle Point,OH,180,3.611
601767,Bosselman Travel Center #5193,7107 I-95 Exit 292,Downs,IL,172,3.153
601768,TA Travel Center #5716,2924 US-287 Exit 236,Dwight,IL,228,3.269
601769,Roadys Truck Stop #8920,9650 I-95 Exit 328,Yorba Linda,CA,356,3.469
601770,Flying J #9480,6226 I-40 Exit 199,Temperance,MI,321,3.108
601771,Roadys Truck Stop #657,3779 I-10 Exit 83,Chinquapin,NC,343,2.883
601772,Road Ranger #593,1735 US-287 Exit 347,Elberon,IA,371,2.898
601773,Pilot Travel Center #5882,1112 I-10 Exit 226,Hastings On Hudson,NY,331,3.149
601774,Loves Travel Stop #6325,3745 I-80 Exit 115,Wortham,TX,30,2.893
601775,AMBEST #5129,8089 State Hwy 6 Exit 78,Bridger,SD,173,3.286
601776,Road Ranger #1598,6021 I-10 Exit 329,Springbrook,IA,312,2.928
601777,Road Ranger #5745,3867 I-80 Exit 399,Smolan,KS,259,3.154
601778,TA Travel Center #9597,383 State Hwy 6 Exit 95,Metz,IN,281,3.022
601779,Road Ranger #8437,1526 US-287 Exit 369,South Houston,TX,357,2.961
601780,AMBEST #3262,537 I-95 Exit 274,Hymera,IN,30,2.902
601781,Sapp Bros #1473,8652 I-80 Exit 135,Cabazon,CA,103,3.603
601782,Roadys Truck Stop #4190,5371 State Hwy 6 Exit 271,Paguate,NM,32,3.600
601783,Road Ranger #8657,8271 State Hwy 6 Exit 316,Quasqueton,IA,323,3.490
601784,Flying J #4759,8082 I-80 Exit 151,Keensburg,IL,360,2.848
601785,Petro Stopping Center #1641,7053 State Hwy 6 Exit 199,Cedar Hill Lakes,MO,74,3.238
601786,Road Ranger #4855,4055 I-40 Exit 317,Rock City,IL,209,3.222
601787,Petro Stopping Center #8288,5038 I-80 Exit 309,Nash,TX,328,3.066
601788,Flying J #5045,8660 State Hwy 6 Exit 13,Cassopolis,MI,310,3.260
601789,Road Ranger #2922,9663 US-287 Exit 54,Minonk,IL,216,2.987
601790,Bosselman Travel Center #763,9217 US-287 Exit 179,Sachse,TX,136,2.862
601791,Kwik Trip #2629,6287 I-80 Exit 225,Bourbon,MO,245,3.162
601792,TA Travel Center #5631,8639 I-40 Exit 67,Rancho Palos Verdes,CA,344,3.612
601793,Kwik Trip #7717,6544 State Hwy 6 Exit 115,Albion,IL,137,3.367
601794,Bosselman Travel Center #7347,4233 US-287 Exit 240,Dorneyville,PA,218,3.099
601795,Sapp Bros #3083,2214 US-287 Exit 206,Thornton,IA,313,2.862
601796,Loves Travel Stop #6853,9811 I-80 Exit 35,Cedarhurst,NY,245,3.263
601797,Sapp Bros #1282,7659 I-40 Exit 127,New Haven,IA,191,3.077
601798,Kwik Trip #4967,5469 US-287 Exit 329,Bald Head Island,NC,233,2.931
601799,Pilot Travel Center #5459,216 I-10 Exit 12,New Bavaria,OH,182,3.155
601800,AMBEST #5548,8726 I-40 Exit 249,Bull Creek,MO,213,2.875
601801,Roadys Truck Stop #5218,8860 State Hwy 6 Exit 266,Madisonburg,PA,153,3.249
601802,Flying J #2048,3029 State Hwy 6 Exit 224,Spring Mills,PA,24,3.230
601803,QuikTrip #8878,3948 I-80 Exit 180,Linoma Beach,NE,311,3.104
601804,TA Travel Center #4296,6036 I-80 Exit 147,Sea Bright,NJ,388,3.187
601805,Kwik Trip #8894,2044 State Hwy 6 Exit 8,Cameron,AZ,340,3.565
601806,Flying J #5166,1867 State Hwy 6 Exit 218,Holtville,AL,359,3.156
601807,Sapp Bros #5202,6774 I-40 Exit 135,Rollingwood,TX,51,3.293
601808,AMBEST #1889,634 I-10 Exit 52,Anderson,IN,150,3.256
601809,AMBEST #7677,3743 I-95 Exit 329,Roe,AR,339,2.997
601810,TA Travel Center #9553,8397 I-10 Exit 121,Monmouth,IA,161,3.038
601811,Kwik Trip #4202,4715 I-95 Exit 364,Oak Ridge,NJ,5,3.048
601812,QuikTrip #1303,2319 State Hwy 6 Exit 251,Farrell,MS,358,2.941
601813,Loves Travel Stop #5370,6410 I-10 Exit 257,Herington,KS,174,3.228
601814,Pilot Travel Center #9777,1674 I-10 Exit 231,Tylersville,PA,145,3.393
601815,Petro Stopping Center #8086,9437 US-287 Exit 8,Corwith,IA,270,3.221
601816,Kwik Trip #9850,2721 I-80 Exit 290,University Park,TX,326,3.061
601817,Pilot Travel Center #6692,4383 I-40 Exit 310,Parnell,IA,317,3.109
601818,Road Ranger #4940,639 I-80 Exit 356,Jansen,CO,290,3.172
601819,Flying J #7711,6994 US-287 Exit 165,Pony,MT,65,3.720
601820,Kwik Trip #7516,2221 I-95 Exit 8,Hooppole,IL,87,2.876
601821,Flying J #9113,6405 US-287 Exit 215,Sierra Ridge,CO,92,3.404
601822,Pilot Travel Center #9183,233 US-287 Exit 297,Bastrop,TX,279,3.044
601823,Pilot Travel Center #2068,8712 I-95 Exit 262,Hawkeye,IA,7,3.237
601824,Pilot Travel Center #5542,3296 State Hwy 6 Exit 276,Glenn,GA,79,3.017
601825,Kwik Trip #6609,8683 I-10 Exit 246,Creve Coeur,MO,323,3.213
601826,AMBEST #2632,937 I-80 Exit 6,Ohiowa,NE,233,3.384
601827,Loves Travel Stop #1106,8986 I-40 Exit 391,Mount Jackson,PA,218,2.996
601828,TA Travel Center #3459,9771 State Hwy 6 Exit 194,Moberly,MO,332,3.029
601829,Roadys Truck Stop #2841,1948 US-287 Exit 138,Hobart,IN,36,2.823
601830,Loves Travel Stop #9577,9296 I-40 Exit 229,Grand Detour,IL,2,3.481
601831,AMBEST #2178,7543 I-10 Exit 69,Umbarger,TX,318,3.064
601832,Road Ranger #9837,5150 I-80 Exit 340,Kaneville,IL,287,2.824
601833,Roadys Truck Stop #3649,5541 I-95 Exit 394,Dutchtown,MO,122,3.017
601834,Roadys Truck Stop #3380,9265 I-95 Exit 395,Rossie,IA,327,3.212
601835,Kwik Trip #8084,4512 I-95 Exit 166,Yarborough Landing,AR,180,2.974
601836,TA Travel Center #3863,4028 US-287 Exit 186,Pflugerville,TX,269,3.023
601837,Kwik Trip #5808,7563 I-80 Exit 264,Green Springs,OH,333,3.124
601838,Flying J #8548,1696 State Hwy 6 Exit 42,Mahtomedi,MN,340,3.300
601839,Bosselman Travel Center #538,5836 US-287 Exit 285,Buffalo Grove,IL,250,3.080
601840,AMBEST #2550,9717 State Hwy 6 Exit 45,Marbury,AL,140,3.031
601841,Road Ranger #9687,9954 I-10 Exit 389,Waterville,OH,30,3.439
601842,Bosselman Travel Center #4976,1156 State Hwy 6 Exit 240,Maxville,MT,290,3.619
601843,Sapp Bros #2669,790 I-80 Exit 238,Neshanic,NJ,306,3.124
601844,AMBEST #1670,4602 US-287 Exit 135,Jacksonville,AR,278,2.830
601845,Loves Travel Stop #1263,9314 I-95 Exit 62,Ridgewood,NJ,243,2.947
601846,Sapp Bros #8555,5029 I-95 Exit 379,Thomaston,AL,248,2.857
601847,Petro Stopping Center #9715,4318 I-40 Exit 23,Parkman,OH,296,3.214
601848,Kwik Trip #8566,6618 US-287 Exit 377,Saylorsburg,PA,277,2.959
601849,Pilot Travel Center #8181,3137 I-40 Exit 29,Wilmington,IL,286,3.070
601850,QuikTrip #438,1416 I-95 Exit 255,Jackson,MS,147,2.976
601851,Flying J #5372,7413 US-287 Exit 352,Pendleton,MO,76,2.939
601852,Sapp Bros #5733,6221 I-10 Exit 216,Rio Communities,NM,257,3.161
601853,Pilot Travel Center #9065,4499 State Hwy 6 Exit 308,Wardell,MO,374,3.123
601854,Road Ranger #9309,1922 I-80 Exit 109,Smith Village,OK,195,3.111
601855,TA Travel Center #4576,3167 US-287 Exit 318,Livermore,IA,331,3.247
601856,QuikTrip #709,176 I-80 Exit 177,River Forest,IN,60,3.065
601857,Bosselman Travel Center #751,6541 I-10 Exit 230,Geneva,IN,72,3.038
601858,Roadys Truck Stop #929,5990 State Hwy 6 Exit 353,Neches,TX,249,3.138
601859,TA Travel Center #4806,8827 State Hwy 6 Exit 249,Milan,MI,148,2.978
601860,Pilot Travel Center #8806,3583 US-287 Exit 226,Templeton,VA,68,3.084
601861,AMBEST #8891,9983 I-40 Exit 317,Spencer,IN,49,3.234
601862,Pilot Travel Center #6941,4193 US-287 Exit 329,Cartersburg,IN,236,2.879
601863,Petro Stopping Center #1418,8372 I-40 Exit 136,Frankfort,IL,397,3.265
601864,TA Travel Center #3290,352 US-287 Exit 289,Cedar Falls,IA,245,3.297
601865,Sapp Bros #7582,4182 I-80 Exit 398,Leland Grove,IL,222,3.371
601866,TA Travel Center #8312,7967 State Hwy 6 Exit 177,Lenexa,KS,231,3.056
601867,Sapp Bros #5952,5785 I-80 Exit 170,Grassflat,PA,261,2.961
601868,Roadys Truck Stop #8957,5999 I-40 Exit 372,Cloverleaf,TX,219,3.061
601869,Roadys Truck Stop #4480,8307 State Hwy 6 Exit 269,Marion,IN,86,3.005
601870,Kwik Trip #7849,1927 I-80 Exit 24,Henderson,IA,27,2.981
601871,Pilot Travel Center #2979,5726 US-287 Exit 134,Maryland Park,MD,208,2.971
601872,Flying J #4010,4781 State Hwy 6 Exit 319,Asbury,IA,261,2.985
601873,Sapp Bros #2332,9684 US-287 Exit 326,Mountain View,MO,321,3.188
601874,QuikTrip #199,4796 I-40 Exit 353,Homestead,FL,358,2.914
601875,Petro Stopping Center #6192,677 US-287 Exit 342,Little River,SC,382,2.801
601876,QuikTrip #761,7102 I-95 Exit 172,Twinsburg,OH,333,3.284
601877,Loves Travel Stop #1175,8661 I-40 Exit 303,Oacoma,SD,202,3.174
601878,AMBEST #7323,6063 I-10 Exit 316,Center Point,LA,179,2.902
601879,Sapp Bros #9338,4677 I-80 Exit 92,Brookhaven,GA,295,2.940
601880,Flying J #4132,2586 US-287 Exit 40,Stony Ridge,OH,316,3.083
601881,AMBEST #7640,7669 I-10 Exit 45,Dolton,IL,42,2.761
601882,Road Ranger #6283,7333 I-10 Exit 236,Lake Barrington,IL,151,3.060
601883,Flying J #6309,945 US-287 Exit 280,Castle Pines,CO,320,3.690
601884,Kwik Trip #5536,9989 I-80 Exit 225,Hoboken,NJ,51,3.028
601885,Petro Stopping Center #3759,6909 I-95 Exit 395,Rockdale,IL,139,2.482
601886,Flying J #5109,7963 State Hwy 6 Exit 357,Auburn,KS,265,3.208
601887,Kwik Trip #9640,3577 I-10 Exit 259,Auburn Hills,MI,214,3.316
601888,Loves Travel Stop #8725,7972 State Hwy 6 Exit 197,Menominee,IL,158,3.223
601889,Road Ranger #5283,8677 I-10 Exit 29,Custer City,OK,277,3.128
601890,Bosselman Travel Center #6887,5311 I-80 Exit 372,Hartland,IL,35,3.171
601891,Road Ranger #7424,9346 I-10 Exit 19,Bulpitt,IL,328,3.156
601892,Flying J #1161,2298 State Hwy 6 Exit 11,Hayes Center,NE,190,2.928
601893,Sapp Bros #8129,5001 I-40 Exit 72,Bloomsbury,NJ,322,3.296
601894,Petro Stopping Center #5605,6118 I-95 Exit 391,Lookeba,OK,227,3.122
601895,Roadys Truck Stop #9491,5359 US-287 Exit 290,Brooklyn Park,MN,49,3.019
601896,Loves Travel Stop #3821,669 State Hwy 6 Exit 266,Travilah,MD,124,2.935
601897,QuikTrip #3535,1889 I-95 Exit 356,Philip,SD,354,3.321
601898,Petro Stopping Center #1887,2902 I-10 Exit 121,Buda,IL,392,3.317
601899,Road Ranger #4387,5470 I-95 Exit 368,Saw Creek,PA,89,3.184
601900,Road Ranger #8559,1014 I-10 Exit 93,Adeline,IL,148,3.398
601901,Sapp Bros #5330,8291 I-40 Exit 53,Camden Point,MO,393,2.995
601902,Road Ranger #7722,4523 I-80 Exit 171,Alexandria,VA,53,3.140
601903,Petro Stopping Center #9880,2157 I-95 Exit 211,Grand Ridge,IL,103,3.269
601904,TA Travel Center #3467,1732 State Hwy 6 Exit 132,Kent Estates,IA,325,3.291
601905,Pilot Travel Center #2225,8696 I-10 Exit 39,Riegelwood,NC,23,3.036
601906,AMBEST #8039,6454 I-80 Exit 152,Hoisington,KS,141,3.169
601907,Flying J #3501,4684 I-10 Exit 213,Pocono Ranch Lands,PA,2,3.382
601908,Road Ranger #6249,3508 I-80 Exit 371,Skene,MS,188,3.648
601909,Roadys Truck Stop #4650,1309 I-10 Exit 207,Tucumcari,NM,327,3.411
601910,AMBEST #8215,718 I-80 Exit 170,Vega,TX,78,3.520
601911,Loves Travel Stop #5998,1544 US-287 Exit 348,West University Place,TX,328,3.107
601912,Sapp Bros #1661,7879 I-80 Exit 333,Park Crest,PA,102,3.055
601913,AMBEST #6347,8412 US-287 Exit 23,Collins,OH,135,3.055
601914,Petro Stopping Center #8881,6058 I-80 Exit 199,Carbon Hill,IL,27,2.793
601915,AMBEST #2421,4127 US-287 Exit 148,Park Forest Village,PA,336,2.746
601916,Petro Stopping Center #682,5335 I-10 Exit 185,Stonecrest,GA,122,3.081
601917,Pilot Travel Center #6745,1359 I-40 Exit 116,Belterra,TX,314,3.199
601918,AMBEST #8797,2315 State Hwy 6 Exit 187,Payne,OH,325,3.105
601919,TA Travel Center #3316,4490 I-40 Exit 260,Edenburg,PA,252,3.246
601920,Kwik Trip #3794,3687 US-287 Exit 188,Morrison Crossroads,AL,184,3.051
601921,Roadys Truck Stop #4029,8441 US-287 Exit 303,Micro,NC,285,3.304
601922,Kwik Trip #4370,3538 I-95 Exit 289,Howard,PA,399,3.203
601923,QuikTrip #4967,8781 State Hwy 6 Exit 297,Sibley,MO,287,3.406
601924,Road Ranger #5991,8100 I-10 Exit 107,Bridgeville,NJ,104,3.179
601925,Kwik Trip #154,7650 I-95 Exit 377,Nekoma,IL,65,2.952
601926,Bosselman Travel Center #4833,264 US-287 Exit 129,Fremont,IA,234,3.186
601927,Sapp Bros #529,1780 State Hwy 6 Exit 162,Marquette,KS,8,3.018
601928,Roadys Truck Stop #5785,5395 I-95 Exit 305,Romoland,CA,392,3.868
601929,Bosselman Travel Center #737,6616 US-287 Exit 274,Deephaven,MN,204,3.263
601930,Road Ranger #2280,2783 I-80 Exit 87,Fort Thompson,SD,149,3.098
601931,TA Travel Center #790,4229 I-80 Exit 10,Macopin,NJ,32,2.880
601932,Bosselman Travel Center #1820,709 State Hwy 6 Exit 289,Genoa,IL,241,3.255
601933,Loves Travel Stop #4134,6355 I-80 Exit 175,Kellyton,AL,303,3.233
601934,Loves Travel Stop #5035,2508 I-40 Exit 79,Maple Plain,MN,281,3.250
601935,Roadys Truck Stop #1882,2288 I-80 Exit 111,Alcester,SD,81,2.914
601936,Loves Travel Stop #4516,132 I-10 Exit 395,Memphis,NE,68,3.047
601937,AMBEST #4811,5504 US-287 Exit 70,Branch,AR,75,3.017
601938,TA Travel Center #4806,4029 I-40 Exit 77,Coronita,CA,119,3.887
601939,Road Ranger #2254,1013 I-40 Exit 14,Kulpmont,PA,50,3.155
601940,Bosselman Travel Center #2906,9022 I-10 Exit 345,Peninsula,OH,83,3.265
601941,Petro Stopping Center #3963,5554 I-40 Exit 329,Fairland,MD,301,3.184
601942,Road Ranger #3922,5599 I-80 Exit 389,Piney Point Village,TX,83,2.804
601943,Bosselman Travel Center #5387,6336 I-40 Exit 326,Edgerton,OH,249,3.203
601944,Petro Stopping Center #8610,4602 State Hwy 6 Exit 377,Doylestown,OH,250,3.088
601945,Roadys Truck Stop #4783,1017 I-95 Exit 386,Shindler,SD,306,3.288
601946,Sapp Bros #3631,6259 I-40 Exit 141,Franklin,NE,2,3.054
601947,Kwik Trip #3200,104 I-10 Exit 239,Mclean,VA,21,2.931
601948,Flying J #6272,997 I-80 Exit 249,Spring Valley Lake,CA,97,3.558
601949,Loves Travel Stop #5578,7031 State Hwy 6 Exit 371,Compton,IL,84,2.923
601950,Flying J #7134,3164 I-95 Exit 75,Traer,IA,150,3.195
601951,Sapp Bros #9901,9032 I-95 Exit 241,Clarion,PA,363,2.914
601952,Kwik Trip #3086,5027 I-80 Exit 258,Higginson,AR,80,3.089
601953,Loves Travel Stop #4677,7180 I-80 Exit 305,Candlewick Lake,IL,82,3.369
601954,Kwik Trip #3755,3324 I-95 Exit 370,Rote,PA,43,3.545
601955,Flying J #8293,5431 I-80 Exit 370,Humboldt,IA,84,3.154
601956,Pilot Travel Center #6404,2468 State Hwy 6 Exit 349,Ocean Ridge,FL,15,3.171
601957,Bosselman Travel Center #4872,794 I-10 Exit 352,Homewood,IL,50,3.239
601958,TA Travel Center #5203,5644 I-80 Exit 95,Byers,CO,303,3.337
601959,TA Travel Center #4222,6156 State Hwy 6 Exit 227,Waldenburg,AR,346,3.284
601960,AMBEST #9394,3712 I-95 Exit 362,Idalia,CO,117,3.325
601961,Road Ranger #5809,666 US-287 Exit 213,West Saint Paul,MN,81,3.048
601962,Flying J #3321,7621 US-287 Exit 58,Ken Caryl,CO,181,3.142
601963,Flying J #5703,9157 I-10 Exit 120,Bridge Creek,OK,107,3.070
601964,AMBEST #9643,6083 I-95 Exit 41,Dripping Springs,TX,375,2.889
601965,Bosselman Travel Center #454,5676 I-80 Exit 391,Kinsley,KS,17,2.937
601966,Sapp Bros #9297,8000 US-287 Exit 293,Powder Horn,WY,177,3.332
601967,Pilot Travel Center #8435,3133 US-287 Exit 245,Goodfield,IL,67,3.130
601968,AMBEST #3230,329 I-40 Exit 247,Duncanville,TX,3,3.337
601969,Kwik Trip #7003,1247 I-95 Exit 224,Delaware Water Gap,PA,309,3.168
601970,Petro Stopping Center #6552,7577 US-287 Exit 239,Pasadena Hills,MO,369,2.882
601971,AMBEST #5835,2855 I-10 Exit 318,Maitland,PA,51,3.071
601972,Sapp Bros #6339,6048 I-40 Exit 285,Berger,MO,327,3.195
601973,Roadys Truck Stop #9461,2334 I-10 Exit 72,Cabin John,MD,235,3.260
601974,AMBEST #111,2929 US-287 Exit 67,Delmar,IA,347,2.818
601975,AMBEST #6145,4428 I-10 Exit 53,East Point,GA,57,3.015
601976,Sapp Bros #5917,6825 I-80 Exit 335,Fort Mohave,AZ,156,3.524
601977,Loves Travel Stop #2440,7027 I-10 Exit 209,Sheppton,PA,229,2.874
601978,Pilot Travel Center #9432,4446 I-40 Exit 379,Mount Pocono,PA,161,3.208
601979,Bosselman Travel Center #6691,5051 State Hwy 6 Exit 19,Hyattsville,MD,128,3.166
601980,TA Travel Center #4835,5423 I-80 Exit 367,Pryor,MT,80,3.818
601981,Pilot Travel Center #7147,5345 US-287 Exit 372,Hudson Bend,TX,376,3.141
601982,AMBEST #1200,4932 I-80 Exit 153,Aspen Hill,MD,31,3.536
601983,Road Ranger #3503,7939 I-40 Exit 177,Harrison,SD,77,3.420
601984,Flying J #2062,804 I-95 Exit 34,New Rochelle,NY,172,2.918
601985,AMBEST #6838,8840 I-80 Exit 334,Crystal Beach,AZ,16,3.312
601986,Sapp Bros #4044,1378 I-10 Exit 96,Kingston,PA,84,2.848
601987,Sapp Bros #2777,6683 US-287 Exit 301,Mound Bayou,MS,228,2.976
601988,Pilot Travel Center #7224,7281 I-10 Exit 321,Wright City,OK,343,3.231
601989,Roadys Truck Stop #4859,4717 I-80 Exit 260,Maybee,MI,212,2.861
601990,Pilot Travel Center #7746,590 State Hwy 6 Exit 269,Hopatcong,NJ,41,2.844
601991,Road Ranger #751,1233 I-10 Exit 19,Roberts,MT,56,3.975
601992,Petro Stopping Center #8680,251 US-287 Exit 201,Shenandoah,IA,311,3.599
601993,AMBEST #4971,2210 I-40 Exit 58,Frisco,TX,379,2.918
601994,Bosselman Travel Center #423,518 US-287 Exit 132,Lake Summerset,IL,300,3.096
601995,Loves Travel Stop #995,1111 State Hwy 6 Exit 87,Garfield,TX,358,3.078
601996,Petro Stopping Center #9439,2934 I-40 Exit 146,Boys Town,NE,292,3.186
601997,Bosselman Travel Center #3507,366 I-10 Exit 213,Rockwood,MI,149,3.226
601998,TA Travel Center #1302,1066 State Hwy 6 Exit 21,Palos Park,IL,344,3.143
601999,Petro Stopping Center #3490,1329 I-40 Exit 179,Wheaton,MD,190,3.097
602000,Sapp Bros #8655,8514 State Hwy 6 Exit 282,Wildorado,TX,163,3.120
602001,Pilot Travel Center #6441,6903 I-40 Exit 395,Delaware,IA,221,2.813
602002,AMBEST #1996,4479 I-40 Exit 136,Vienna,VA,268,3.174
602003,Flying J #5761,1279 US-287 Exit 207,Willow Valley,AZ,11,3.507
602004,Road Ranger #2255,7601 State Hwy 6 Exit 27,Ingalls,KS,351,3.178
602005,TA Travel Center #1165,5715 I-80 Exit 277,D Lo,MS,199,3.330
602006,Loves Travel Stop #2024,1398 I-10 Exit 223,Colwell,IA,90,3.402
602007,Road Ranger #7814,1676 US-287 Exit 107,Fairport Harbor,OH,385,3.021
602008,Loves Travel Stop #685,6537 I-40 Exit 332,Kim,CO,216,3.370
602009,Sapp Bros #270,4273 I-10 Exit 256,Bear Lake,IN,96,3.242
602010,Loves Travel Stop #690,8239 I-80 Exit 256,Palouse,WA,39,3.723
602011,TA Travel Center #2485,212 State Hwy 6 Exit 75,Amber,OK,165,3.091
602012,Petro Stopping Center #5357,2996 US-287 Exit 11,White Deer,TX,281,2.997
602013,Kwik Trip #7259,664 I-10 Exit 313,Pelham,AL,220,2.972
602014,Flying J #3946,6776 I-40 Exit 51,Valley Stream,NY,345,3.007
602015,Pilot Travel Center #9640,9522 I-80 Exit 39,Brock,NE,303,3.518
602016,Road Ranger #4505,1065 I-40 Exit 305,Thousand Palms,CA,313,3.580
602017,AMBEST #8375,1972 I-80 Exit 369,New Grand Chain,IL,320,2.798
602018,Bosselman Travel Center #2323,3126 I-95 Exit 267,Lake Bluff,IL,230,3.183
602019,Petro Stopping Center #1359,5595 I-10 Exit 303,Amarillo,TX,132,3.007
602020,Petro Stopping Center #3241,4980 I-10 Exit 170,Euless,TX,23,2.855
602021,TA Travel Center #6738,7085 US-287 Exit 331,Owensville,MO,89,2.856
602022,Road Ranger #7202,9852 State Hwy 6 Exit 224,Kirkwood,MO,143,3.093
602023,Kwik Trip #1124,1460 I-40 Exit 172,Oak Ridge North,TX,36,3.094
602024,AMBEST #2322,7773 I-80 Exit 139,Andover,OH,97,3.065
602025,Pilot Travel Center #7080,8172 State Hwy 6 Exit 255,Brookston,TX,317,2.787
602026,QuikTrip #7616,8416 I-40 Exit 6,Liberty Hill,TX,253,3.043
602027,Pilot Travel Center #8466,2307 US-287 Exit 28,Richmond West,FL,258,2.843
602028,Sapp Bros #1463,3687 I-80 Exit 381,Painted Hills,IN,391,2.997
602029,Loves Travel Stop #5923,7544 I-95 Exit 92,Abita Springs,LA,29,2.750
602030,Roadys Truck Stop #6413,1474 I-10 Exit 199,Millstone,NJ,330,2.989
602031,TA Travel Center #364,1449 State Hwy 6 Exit 78,Zanesville,IN,302,3.146
602032,Loves Travel Stop #2400,6348 I-10 Exit 206,Bonham,TX,30,2.910
602033,AMBEST #9311,6956 I-95 Exit 217,Colt,AR,398,3.087
602034,Pilot Travel Center #9187,4537 I-40 Exit 345,Fishers,IN,123,3.126
602035,Bosselman Travel Center #541,9405 I-80 Exit 338,Huntsville,AR,336,2.731
602036,Roadys Truck Stop #8020,3644 State Hwy 6 Exit 11,Jasper,MI,397,2.520
602037,Kwik Trip #6939,3844 I-80 Exit 112,Ravensdale,WA,299,3.546
602038,Pilot Travel Center #6508,6506 I-10 Exit 208,Atlantic,IA,330,2.840
602039,QuikTrip #7115,240 I-10 Exit 175,Gum Springs,AR,182,3.264
602040,AMBEST #704,5666 I-40 Exit 348,La Platte,NE,312,3.147
602041,Pilot Travel Center #9084,3673 I-40 Exit 214,Berlin,IL,321,2.962
602042,Road Ranger #9775,8374 I-40 Exit 180,Goshen,AR,190,2.930
602043,Roadys Truck Stop #4933,5205 I-40 Exit 300,Hallandale Beach,FL,294,2.938
602044,TA Travel Center #4380,3560 State Hwy 6 Exit 34,Marcus,IA,201,2.838
602045,Pilot Travel Center #6191,310 I-10 Exit 93,Eagle Nest,NM,306,3.060
602046,Bosselman Travel Center #793,7312 State Hwy 6 Exit 48,Magee,MS,298,2.683
602047,Loves Travel Stop #8369,1895 I-10 Exit 159,Pine Lake,GA,313,3.102
602048,QuikTrip #8650,4417 I-95 Exit 8,Williams Creek,IN,122,2.998
602049,TA Travel Center #1634,7471 State Hwy 6 Exit 143,Okaton,SD,289,3.417
602050,Loves Travel Stop #7935,7234 State Hwy 6 Exit 171,Simonton Lake,IN,191,2.871
602051,Pilot Travel Center #765,4672 I-80 Exit 253,Carlock,IL,174,3.015
602052,Loves Travel Stop #5546,7403 US-287 Exit 331,Algona,WA,341,3.837
602053,TA Travel Center #3005,5379 I-40 Exit 367,Avondale,MO,276,3.075
602054,Pilot Travel Center #3341,9655 I-40 Exit 110,Van Buren,AR,218,3.252
602055,QuikTrip #4869,9196 State Hwy 6 Exit 227,Ronald,WA,185,4.032
602056,Sapp Bros #3432,5424 I-40 Exit 162,Port Orchard,WA,128,3.809
602057,Petro Stopping Center #8190,4760 I-80 Exit 307,Earlville,IA,70,2.899
602058,TA Travel Center #1029,7607 I-95 Exit 23,Hillburn,NY,391,3.096
602059,Road Ranger #522,3499 State Hwy 6 Exit 277,Jefferson City,MO,46,3.118
602060,Flying J #2447,190 I-95 Exit 78,Beattystown,NJ,123,3.022
602061,Petro Stopping Center #1686,6735 I-40 Exit 306,Watkins,CO,351,3.181
602062,Sapp Bros #8112,8623 I-95 Exit 182,Warden,WA,59,3.684
602063,Roadys Truck Stop #6630,1482 I-95 Exit 10,Bridgeview,IL,256,3.194
602064,Petro Stopping Center #9917,886 US-287 Exit 115,Burbank,IL,303,3.007
602065,Petro Stopping Center #6631,1327 State Hwy 6 Exit 332,Rich Square,NC,73,3.116
602066,QuikTrip #7373,2266 State Hwy 6 Exit 54,Friendship Heights Village,MD,10,3.143
602067,Sapp Bros #4500,716 I-80 Exit 371,Harrah,OK,196,3.425
602068,Kwik Trip #5052,6854 US-287 Exit 370,Freedom Acres,AZ,170,3.525
602069,Bosselman Travel Center #2428,1591 I-10 Exit 272,Readlyn,IA,301,3.020
602070,Roadys Truck Stop #4198,9539 I-80 Exit 99,New Hamburg,MO,343,3.245
602071,Bosselman Travel Center #7469,4596 US-287 Exit 98,Dobbs Ferry,NY,311,3.294
602072,TA Travel Center #3922,8965 US-287 Exit 285,Woodland Park,NJ,226,3.041
602073,Roadys Truck Stop #1480,5076 US-287 Exit 131,Mineola,TX,115,2.983
602074,AMBEST #7328,3898 State Hwy 6 Exit 395,Cottonwood Falls,KS,330,2.780
602075,AMBEST #706,1114 I-95 Exit 169,Richland Hills,TX,225,2.914
602076,QuikTrip #9977,5112 State Hwy 6 Exit 201,Wampum,PA,386,3.338
602077,Flying J #1815,8761 I-10 Exit 112,Mount Carmel,PA,335,3.080
602078,Pilot Travel Center #313,2696 US-287 Exit 304,Gasconade,MO,85,3.334
602079,AMBEST #8082,8901 US-287 Exit 81,Watha,NC,104,2.950
602080,AMBEST #1384,5299 I-40 Exit 82,Albion,WA,58,4.040
602081,Roadys Truck Stop #8159,6706 I-10 Exit 3,Continental Courts,PA,268,3.247
602082,Loves Travel Stop #423,6294 State Hwy 6 Exit 163,Casa Colorada,NM,259,3.285
602083,Bosselman Travel Center #7403,8325 I-10 Exit 82,Vaughn,NM,362,3.213
602084,Roadys Truck Stop #6006,9149 I-80 Exit 387,Sylacauga,AL,296,3.269
602085,Flying J #9222,5500 US-287 Exit 360,Chico,WA,327,4.149
602086,Petro Stopping Center #4926,5617 I-40 Exit 353,Galt,IA,120,2.987
602087,Bosselman Travel Center #9119,6643 I-80 Exit 270,Artesian,SD,102,3.199
602088,Roadys Truck Stop #9974,471 I-95 Exit 62,Pingree Grove,IL,132,2.936
602089,Petro Stopping Center #8800,6511 I-40 Exit 71,Wellston,MO,310,2.994
602090,Flying J #3103,9207 I-10 Exit 115,Moore Station,TX,40,2.725
602091,Sapp Bros #3399,463 State Hwy 6 Exit 9,Falmouth,VA,239,3.300
602092,Loves Travel Stop #795,4875 I-10 Exit 270,Carson,CA,357,3.486
602093,QuikTrip #8560,7060 I-40 Exit 39,West Fork,AR,184,3.287
602094,AMBEST #3801,4011 US-287 Exit 164,Corning,AR,37,3.146
602095,TA Travel Center #8747,2540 I-95 Exit 331,Marlow Heights,MD,381,3.067
602096,Loves Travel Stop #8422,3519 I-80 Exit 399,Rock Hill,MO,255,3.202
602097,Kwik Trip #8634,1870 US-287 Exit 334,North Adams,MI,252,3.104
602098,TA Travel Center #5835,487 State Hwy 6 Exit 158,Scott City,MO,114,2.785
602099,Kwik Trip #2277,850 I-80 Exit 305,Bude,MS,183,3.022
602100,Road Ranger #1009,7362 I-95 Exit 220,Ross Corner,NJ,229,3.038
602101,QuikTrip #5554,5573 I-40 Exit 18,Patmos,AR,398,2.820
602102,Sapp Bros #8032,6387 I-10 Exit 31,Dewart,PA,334,3.501
602103,Flying J #6530,7511 I-80 Exit 112,Poplar Grove,IL,200,3.201
602104,Petro Stopping Center #7829,4701 I-40 Exit 183,Newcastle,WA,392,3.969
602105,Loves Travel Stop #7219,3768 I-80 Exit 316,Doniphan,NE,162,2.937
602106,AMBEST #4609,8428 I-10 Exit 81,Coin,IA,359,3.197
602107,Petro Stopping Center #4066,6925 US-287 Exit 280,Weatherford,OK,176,3.325
602108,Road Ranger #7466,6025 I-10 Exit 254,Lochbuie,CO,243,3.450
602109,Flying J #1085,6437 I-40 Exit 134,Linesville,PA,201,3.291
602110,Petro Stopping Center #1508,9856 State Hwy 6 Exit 157,Welton,IA,14,3.136
602111,Road Ranger #1086,1106 I-10 Exit 302,Monroe,WA,80,3.804
602112,Flying J #5507,9938 I-10 Exit 219,Fay,OK,65,3.368
602113,QuikTrip #8624,4186 I-10 Exit 286,Poneto,IN,243,2.921
602114,Petro Stopping Center #102,2296 I-80 Exit 153,Mccook,IL,242,3.121
602115,Loves Travel Stop #4738,5745 I-40 Exit 99,New Melle,MO,232,3.018
602116,TA Travel Center #8811,2776 State Hwy 6 Exit 183,Hot Springs Village,AR,331,3.372
602117,Roadys Truck Stop #5700,3062 I-95 Exit 115,Ramah,NM,342,3.299
602118,TA Travel Center #7542,6159 US-287 Exit 175,Jonestown,TX,346,3.181
602119,Petro Stopping Center #327,3939 US-287 Exit 300,Atlanta,MO,325,3.359
602120,Bosselman Travel Center #4143,7455 US-287 Exit 318,Cedarville,MD,184,3.011
602121,Sapp Bros #3980,6642 I-10 Exit 153,Vanduser,MO,322,3.150
602122,Pilot Travel Center #9576,4392 State Hwy 6 Exit 18,Centerport,PA,170,3.045
602123,Petro Stopping Center #4359,8208 State Hwy 6 Exit 184,Kingfisher,OK,259,3.309
602124,Bosselman Travel Center #283,1215 I-95 Exit 374,Lake Barcroft,VA,336,2.884
602125,QuikTrip #6409,2793 State Hwy 6 Exit 32,Park City,IL,140,3.231
602126,Sapp Bros #2504,8610 State Hwy 6 Exit 33,Ruleville,MS,181,2.859
602127,Road Ranger #8582,3923 US-287 Exit 334,Lauderdale Lakes,FL,333,2.963
602128,TA Travel Center #9651,7737 I-10 Exit 123,Balltown,IA,282,2.987
602129,Sapp Bros #5191,4528 I-80 Exit 144,Morton Grove,IL,32,3.303
602130,Petro Stopping Center #8875,221 US-287 Exit 358,Carteret,NJ,218,3.387
602131,Kwik Trip #8704,6411 I-10 Exit 371,Morristown,IN,322,2.765
602132,AMBEST #866,8935 I-10 Exit 232,Waterloo,IN,206,2.801
602133,Flying J #4276,2952 State Hwy 6 Exit 85,Normandy,MO,158,2.891
602134,Loves Travel Stop #5850,7397 I-95 Exit 234,Toftrees,PA,100,3.159
602135,QuikTrip #8898,1493 US-287 Exit 209,Bowling Green,IN,63,3.165
602136,Loves Travel Stop #8108,3567 State Hwy 6 Exit 243,Great Meadows,NJ,44,2.942
602137,Flying J #8743,8214 I-80 Exit 33,German Valley,IL,150,3.343
602138,Flying J #1334,9425 I-10 Exit 61,Sutton,NE,204,3.198
602139,Roadys Truck Stop #6905,2070 State Hwy 6 Exit 87,Norcross,GA,160,3.014
602140,Bosselman Travel Center #9038,8664 I-10 Exit 296,Haverhill,IA,330,2.849
602141,Road Ranger #7171,7956 State Hwy 6 Exit 89,Marrero,LA,378,3.061
602142,Petro Stopping Center #7709,9430 I-10 Exit 323,Pine Forest,TX,93,3.024
602143,TA Travel Center #4321,8194 State Hwy 6 Exit 334,Upper Marlboro,MD,283,3.024
602144,AMBEST #7568,1779 State Hwy 6 Exit 227,Eastlawn Gardens,PA,48,3.111
602145,AMBEST #4485,8600 I-10 Exit 293,Grass Ranch Colony,SD,184,3.136
602146,QuikTrip #8894,6171 I-10 Exit 89,Waldorf,MD,99,3.089
602147,Sapp Bros #2579,9891 I-95 Exit 29,Oaktown,IN,14,3.093
602148,Loves Travel Stop #3748,7333 I-80 Exit 129,Indian Wells,AZ,175,3.355
602149,Petro Stopping Center #2206,4785 State Hwy 6 Exit 388,La Motte,IA,50,3.256
602150,Sapp Bros #8585,3142 I-80 Exit 34,Richfield,PA,286,3.052
602151,Loves Travel Stop #9369,5559 I-40 Exit 228,Larch Way,WA,48,4.020
602152,QuikTrip #526,7223 State Hwy 6 Exit 242,Palmyra,NE,335,2.690
602153,Roadys Truck Stop #3334,2016 I-80 Exit 50,Campbell Station,AR,201,3.153
602154,Flying J #9169,3318 I-80 Exit 205,Hot Springs,AR,152,2.942
602155,TA Travel Center #5814,5382 I-40 Exit 115,Unadilla,NE,185,3.131
602156,Road Ranger #2964,1550 I-40 Exit 52,Upper Montclair,NJ,83,3.350
602157,Sapp Bros #5013,6710 State Hwy 6 Exit 168,Chagrin Falls,OH,394,3.134
602158,Bosselman Travel Center #9746,5968 I-95 Exit 391,Glen Ridge,NJ,388,3.037
602159,QuikTrip #7820,792 I-80 Exit 49,Royal Lakes,IL,360,3.075
602160,Roadys Truck Stop #8830,2163 US-287 Exit 283,Tuskahoma,OK,101,3.025
602161,TA Travel Center #773,1197 US-287 Exit 111,Nicoma Park,OK,169,3.042
602162,Flying J #6588,7814 I-95 Exit 262,Troy,MO,264,3.228
602163,AMBEST #3875,7258 I-95 Exit 222,Dunkirk,MD,121,2.777
602164,Petro Stopping Center #5210,5169 I-95 Exit 260,Long Lake,MN,60,3.291
602165,Pilot Travel Center #6715,3278 I-80 Exit 212,Walnut Creek,AZ,230,3.589
602166,AMBEST #544,6276 I-10 Exit 12,Lorain,OH,141,2.876
602167,TA Travel Center #9611,4925 I-80 Exit 316,West Salem,OH,313,3.277
602168,Loves Travel Stop #2965,4463 State Hwy 6 Exit 135,Forsgate,NJ,109,2.868
602169,AMBEST #5690,921 State Hwy 6 Exit 309,Webb,IA,340,2.747
602170,Pilot Travel Center #9534,9586 I-10 Exit 107,Wilson City,MO,258,3.087
602171,QuikTrip #2301,2044 I-40 Exit 71,Greenville,TX,10,3.063
602172,Bosselman Travel Center #8378,3245 I-95 Exit 388,Duluth,GA,306,3.115
602173,Pilot Travel Center #1817,6147 I-40 Exit 342,Pine Ridge,PA,400,3.020
602174,Sapp Bros #4983,8129 State Hwy 6 Exit 41,Calamus,IA,223,2.952
602175,Kwik Trip #1097,6461 I-95 Exit 18,Otoe,NE,122,3.385
602176,Pilot Travel Center #200,5453 I-10 Exit 357,Hutchins,TX,139,3.120
602177,Roadys Truck Stop #8632,377 I-40 Exit 359,Edison,NE,394,3.314
602178,Petro Stopping Center #3560,4036 State Hwy 6 Exit 1,Town And Country,MO,184,3.366
602179,QuikTrip #4392,3311 I-80 Exit 53,West Easton,PA,377,3.150
602180,Sapp Bros #4459,9509 US-287 Exit 318,Holcomb,IL,324,3.043
602181,Road Ranger #2230,9568 I-40 Exit 389,Christopher,IL,350,2.786
602182,Loves Travel Stop #9870,6308 I-95 Exit 337,Uniontown,OH,25,3.135
602183,Bosselman Travel Center #1188,3949 State Hwy 6 Exit 150,Rockdale,TX,34,2.867
602184,Road Ranger #9422,2210 I-40 Exit 189,Miami Beach,FL,294,2.949
602185,Petro Stopping Center #8980,3442 State Hwy 6 Exit 13,Indian Creek,FL,292,3.295
602186,Loves Travel Stop #6990,8617 I-40 Exit 55,Paterson,NJ,388,3.067
602187,Loves Travel Stop #5675,3650 I-10 Exit 214,Lewis,KS,10,3.079
602188,Bosselman Travel Center #5005,6062 I-10 Exit 101,Annada,MO,336,2.973
602189,Petro Stopping Center #8175,3500 I-80 Exit 31,Miramiguoa Park,MO,2,3.166
602190,Loves Travel Stop #6188,3318 US-287 Exit 104,Beaumont,TX,323,2.839
602191,Pilot Travel Center #5978,3711 I-80 Exit 395,Wilton,AL,177,3.285
602192,Petro Stopping Center #9284,9058 I-10 Exit 288,Six Mile Run,NJ,332,3.024
602193,Road Ranger #8939,385 US-287 Exit 306,Quantico Base,VA,254,3.234
602194,Kwik Trip #5514,5387 US-287 Exit 50,Martinsville,IN,350,3.121
602195,Roadys Truck Stop #9441,3545 I-80 Exit 368,Leon,IA,145,3.237
602196,AMBEST #7480,4838 I-40 Exit 42,Clarkston,GA,328,3.048
602197,Bosselman Travel Center #3456,6155 I-80 Exit 291,Eau Claire,PA,51,3.004
602198,AMBEST #9588,1305 I-10 Exit 203,Erlands Point,WA,394,3.852
602199,Roadys Truck Stop #8252,7318 I-10 Exit 14,Selma,IN,320,3.411
602200,TA Travel Center #1287,8412 US-287 Exit 347,North Middletown,NJ,259,2.723
602201,Roadys Truck Stop #8794,801 US-287 Exit 356,Forest View,IL,97,3.023
602202,Pilot Travel Center #635,8534 I-10 Exit 339,Council Grove,KS,272,3.050
602203,Bosselman Travel Center #2441,5450 I-95 Exit 325,Morristown,MN,167,2.823
602204,Bosselman Travel Center #9018,838 I-80 Exit 245,Sheakleyville,PA,13,3.124
602205,Flying J #7508,7824 I-80 Exit 385,Frankton,IN,43,3.175
602206,Kwik Trip #9192,6809 I-95 Exit 329,Arcadia,IN,353,3.216
602207,Petro Stopping Center #8609,5912 I-80 Exit 355,Raubsville,PA,32,2.888
602208,Kwik Trip #1372,3194 US-287 Exit 12,Riley,IL,371,3.157
602209,Bosselman Travel Center #5819,2026 US-287 Exit 8,Richfield,MN,164,3.190
602210,Loves Travel Stop #4077,6428 I-40 Exit 254,Wylie,TX,18,3.077
602211,Pilot Travel Center #709,4624 I-95 Exit 184,Bellevue,IA,156,3.091
602212,Road Ranger #2314,3250 I-10 Exit 129,Hildreth,NE,260,3.117
602213,Loves Travel Stop #237,9646 US-287 Exit 348,Kansas,OH,167,3.169
602214,Flying J #9474,6410 I-80 Exit 166,Vermillion,MN,185,3.257
602215,Roadys Truck Stop #1383,4549 US-287 Exit 52,Layton,NJ,80,2.952
602216,Road Ranger #9340,8981 State Hwy 6 Exit 32,Houston,TX,33,2.758
602217,Pilot Travel Center #3225,2216 I-40 Exit 171,Wilber,NE,75,3.072
602218,Roadys Truck Stop #1895,1913 I-40 Exit 158,Hillview,IL,264,3.031
602219,Flying J #2681,4204 I-10 Exit 20,Fidelity,IL,307,2.942
602220,TA Travel Center #6839,1351 I-80 Exit 64,Robbins,IL,199,3.183
602221,Roadys Truck Stop #9333,4991 I-95 Exit 46,Milltown,SD,360,3.228
602222,Loves Travel Stop #1153,2798 I-10 Exit 107,Summerville,PA,113,3.042
602223,Road Ranger #475,2108 State Hwy 6 Exit 233,Hudson,KS,297,3.235
602224,Sapp Bros #6492,7713 I-80 Exit 96,Frederick,CO,114,3.227
602225,Kwik Trip #3248,6460 I-95 Exit 158,Spearville,KS,51,3.154
602226,Roadys Truck Stop #2883,2970 I-95 Exit 12,Berkley,CO,384,3.502
602227,QuikTrip #4422,9975 I-10 Exit 29,Lake Waccamaw,NC,161,3.226
602228,Road Ranger #9461,323 US-287 Exit 374,Bauxite,AR,315,3.002
602229,Sapp Bros #221,4529 I-80 Exit 269,New Columbus,PA,329,3.285
602230,Roadys Truck Stop #2596,5528 State Hwy 6 Exit 252,Harrells,NC,92,3.116
602231,Loves Travel Stop #530,8323 State Hwy 6 Exit 95,North Richland Hills,TX,240,2.983
602232,Pilot Travel Center #6206,9651 I-40 Exit 180,Kansas City,KS,380,3.447
602233,QuikTrip #9480,8438 I-10 Exit 384,Saint Elizabeth,MO,44,2.955
602234,Kwik Trip #5211,9814 US-287 Exit 368,Douglas,NE,189,3.235
602235,TA Travel Center #7049,4294 I-80 Exit 321,Bowdens,NC,163,3.079
602236,Flying J #2200,9138 US-287 Exit 73,Westwood,IN,136,3.138
602237,Kwik Trip #7956,2911 I-95 Exit 274,Mentone,CA,31,3.628
602238,TA Travel Center #1346,7619 I-80 Exit 197,Kachina Village,AZ,161,3.473
602239,Loves Travel Stop #4097,4404 I-80 Exit 17,Clarks Grove,MN,160,2.887
602240,Kwik Trip #1922,4101 I-40 Exit 149,Artondale,WA,186,3.706
602241,Roadys Truck Stop #2347,6209 I-80 Exit 32,Clarion,IA,112,3.194
602242,Loves Travel Stop #3698,356 I-40 Exit 60,Bryant,IN,58,3.120
602243,Flying J #1179,4715 State Hwy 6 Exit 155,Fort Lauderdale,FL,158,2.996
602244,QuikTrip #7933,8327 I-10 Exit 347,New Carrollton,MD,15,3.197
602245,Sapp Bros #5602,2362 I-10 Exit 69,Mcdonald,KS,245,3.295
602246,AMBEST #2178,7102 I-40 Exit 380,Norman,NE,157,3.184
602247,Bosselman Travel Center #7741,6645 I-95 Exit 334,Richmond Heights,MO,243,2.855
602248,Kwik Trip #7470,3111 US-287 Exit 207,Rose Bud,AR,344,2.853
602249,Bosselman Travel Center #7244,5108 I-40 Exit 33,Rosedale Colony,SD,109,3.006
602250,Road Ranger #7218,4850 I-95 Exit 319,Nineveh,IN,195,3.346
602251,QuikTrip #2850,7427 I-10 Exit 207,Ulysses,NE,98,3.188
602252,Pilot Travel Center #756,7356 I-40 Exit 55,Westlake,OH,316,3.266
602253,Petro Stopping Center #8277,5247 I-40 Exit 337,Hunter,AR,400,2.963
602254,Pilot Travel Center #1658,1182 I-80 Exit 248,Fredericksburg,IA,5,3.195
602255,Road Ranger #4719,2432 I-80 Exit 359,Kerrtown,PA,190,3.345
602256,Flying J #2365,3544 I-95 Exit 44,North Bethesda,MD,156,2.957
602257,Flying J #3576,1930 State Hwy 6 Exit 39,Frisco,PA,221,3.366
602258,Bosselman Travel Center #7827,5136 I-10 Exit 158,La Grange,IL,212,3.072
602259,Bosselman Travel Center #8071,749 State Hwy 6 Exit 59,Speed,NC,58,2.874
602260,Road Ranger #9603,5514 I-40 Exit 57,Joy,IL,61,2.966
602261,Sapp Bros #8195,9031 State Hwy 6 Exit 66,Cave,MO,123,2.744
602262,QuikTrip #2024,5375 I-10 Exit 189,Arlington,IA,265,2.920
602263,Roadys Truck Stop #271,3078 State Hwy 6 Exit 155,Blanchard,OK,67,3.192
602264,Road Ranger #5053,5652 I-95 Exit 276,Union,MO,370,3.397
602265,Petro Stopping Center #6265,9615 I-80 Exit 229,Franklin Square,NY,36,3.159
602266,Kwik Trip #8240,5775 I-40 Exit 266,Angustura,NM,344,3.238
602267,Pilot Travel Center #5948,7628 I-10 Exit 34,Baker,MO,35,3.289
602268,QuikTrip #8760,4329 I-10 Exit 158,Timberlake,OH,143,2.895
602269,Pilot Travel Center #1090,2658 I-10 Exit 250,Bone Gap,IL,134,3.099
602270,TA Travel Center #4624,5127 I-80 Exit 227,New Bedford,PA,312,2.863
602271,Flying J #6752,6485 State Hwy 6 Exit 27,Middleport,PA,147,2.983
602272,Road Ranger #7612,2012 I-40 Exit 276,Ashland,MO,269,3.334
602273,Loves Travel Stop #6770,1211 I-95 Exit 87,Frisbee,MO,379,2.861
602274,Flying J #4947,7397 State Hwy 6 Exit 148,Derwood,MD,302,3.083
602275,Roadys Truck Stop #7278,8584 I-10 Exit 150,Craig Beach,OH,192,3.033
602276,Flying J #4070,1776 I-10 Exit 265,Pennville,IN,267,2.905
602277,Loves Travel Stop #5304,6905 State Hwy 6 Exit 168,Menlo Park Terrace,NJ,146,3.171
602278,Sapp Bros #4643,5865 US-287 Exit 339,Rose Hill,VA,225,3.149
602279,Bosselman Travel Center #7583,589 I-10 Exit 236,Lorton,NE,308,3.128
602280,QuikTrip #1005,5158 I-10 Exit 328,Pinhook,MO,192,2.988
602281,Sapp Bros #3548,539 I-40 Exit 37,Monroe,OK,249,3.128
602282,Petro Stopping Center #1809,2579 State Hwy 6 Exit 89,Danvers,IL,180,3.363
602283,Bosselman Travel Center #2973,1876 I-10 Exit 94,Grangerland,TX,295,2.880
602284,QuikTrip #2183,4332 I-40 Exit 188,Roosevelt,NY,188,2.973
602285,Sapp Bros #2763,5449 I-40 Exit 256,Duncan,MS,241,2.970
602286,Roadys Truck Stop #5354,2656 I-10 Exit 207,Mound,MN,158,3.333
602287,TA Travel Center #4518,3639 State Hwy 6 Exit 158,West Perrine,FL,80,2.844
602288,TA Travel Center #487,3128 I-80 Exit 27,Westphalia,MD,141,3.065
602289,Loves Travel Stop #157,6954 US-287 Exit 293,Princeville,NC,208,3.136
602290,Sapp Bros #2662,1110 I-10 Exit 55,Silver City,IA,371,3.136
602291,Petro Stopping Center #8513,7658 State Hwy 6 Exit 25,Petersburg,VA,319,2.698
602292,QuikTrip #2889,6226 I-40 Exit 29,Gloria Glens Park,OH,294,3.311
602293,Flying J #2734,2020 I-10 Exit 294,Middlebush,NJ,176,2.835
602294,Bosselman Travel Center #3296,3038 I-40 Exit 192,Irwindale,CA,376,3.879
602295,Pilot Travel Center #7021,5791 I-40 Exit 204,Dash Point,WA,291,3.747
602296,AMBEST #5601,8963 I-95 Exit 130,Cherry Creek,CO,140,3.510
602297,AMBEST #5854,2174 I-80 Exit 204,South River,NJ,129,2.968
602298,Loves Travel Stop #546,644 I-10 Exit 88,Fruitdale,SD,17,3.309
602299,Kwik Trip #9434,6248 State Hwy 6 Exit 207,Encore At Monroe,NJ,383,3.141
602300,Roadys Truck Stop #2455,4113 I-80 Exit 50,Glendale,CA,186,3.693
602301,Loves Travel Stop #7739,5261 I-40 Exit 309,Cash,AR,193,2.741
602302,Bosselman Travel Center #6780,549 US-287 Exit 268,Millburg,MI,221,3.153
602303,Sapp Bros #3939,1420 US-287 Exit 348,Kramer,NE,109,3.125
602304,Pilot Travel Center #8214,864 US-287 Exit 112,Raymond,IL,41,3.179
602305,AMBEST #841,7561 State Hwy 6 Exit 87,Winchester,IN,85,3.200
602306,Bosselman Travel Center #9888,5547 I-95 Exit 291,Fate,TX,99,3.198
602307,Road Ranger #6657,8073 US-287 Exit 85,Reydon,OK,277,3.170
602308,QuikTrip #6520,7819 I-10 Exit 272,Whitesburg,GA,231,2.971
602309,Flying J #8335,8553 I-40 Exit 61,Maple Heights Lake Desire,WA,54,4.029
602310,AMBEST #5835,2920 I-10 Exit 298,San Leanna,TX,78,3.106
602311,Flying J #8777,3745 US-287 Exit 85,Little Canada,MN,76,3.179
602312,Pilot Travel Center #4519,4794 I-95 Exit 16,Union City,MI,204,3.293
602313,AMBEST #4067,3165 US-287 Exit 143,Rossmoor,NJ,282,3.012
602314,Petro Stopping Center #6813,667 US-287 Exit 57,South Whittier,CA,366,3.516
602315,TA Travel Center #6950,1817 State Hwy 6 Exit 371,Auburn,PA,381,2.926
602316,TA Travel Center #7752,9693 I-80 Exit 101,Paullina,IA,338,3.308
602317,Bosselman Travel Center #9452,7781 I-40 Exit 68,Mount Bethel,PA,62,3.198
602318,Roadys Truck Stop #1368,6416 I-95 Exit 382,Popejoy,IA,389,3.013
602319,Pilot Travel Center #5209,7859 I-10 Exit 195,Mallard,IA,38,3.528
602320,Roadys Truck Stop #6108,4417 US-287 Exit 43,Serena,IL,301,3.232
602321,Road Ranger #829,4444 I-80 Exit 251,Ullin,IL,239,3.122
602322,AMBEST #6890,7610 I-40 Exit 170,Percival,IA,6,3.034
602323,Flying J #5365,6875 I-80 Exit 122,Englewood,PA,231,3.284
602324,Petro Stopping Center #6604,4499 US-287 Exit 204,Willow Lake,IL,5,2.669
602325,Petro Stopping Center #8903,5953 I-40 Exit 44,Del Muerto,AZ,300,3.139
602326,Sapp Bros #6537,3955 I-80 Exit 96,Cowan,IN,345,2.874
602327,Roadys Truck Stop #8049,1267 I-40 Exit 40,Great Notch,NJ,252,3.005
602328,Sapp Bros #9975,2907 I-10 Exit 233,State College,PA,92,3.083
602329,Bosselman Travel Center #1364,6742 I-95 Exit 150,Bridgeport,KS,72,3.148
602330,Bosselman Travel Center #2427,5804 I-80 Exit 280,Hamburg,PA,132,2.996
602331,Loves Travel Stop #9143,7359 US-287 Exit 245,New Bethlehem,PA,200,3.238
602332,AMBEST #8039,2750 I-80 Exit 343,Garner,AR,133,3.121
602333,Sapp Bros #8632,8627 I-80 Exit 224,Frenchville,PA,222,3.316
602334,Flying J #3948,4730 I-40 Exit 264,Belvue,KS,103,3.125
602335,Road Ranger #3286,7831 I-95 Exit 112,South Haven,IN,201,3.144
602336,AMBEST #9542,3090 State Hwy 6 Exit 213,Weippe,ID,268,3.670
602337,Roadys Truck Stop #6367,8581 I-40 Exit 278,Black Diamond,WA,12,3.757
602338,Sapp Bros #4008,933 I-40 Exit 26,Garrettsville,OH,96,3.112
602339,TA Travel Center #8038,6073 I-40 Exit 316,Orrville,AL,104,2.914
602340,Pilot Travel Center #4702,7806 I-40 Exit 317,Nerstrand,MN,80,2.890
602341,Kwik Trip #684,3947 I-80 Exit 232,Sandy Creek,NC,45,2.999
602342,Flying J #7837,4829 State Hwy 6 Exit 91,Lakewood,CA,256,3.930
602343,Bosselman Travel Center #3830,9582 I-80 Exit 324,Lowellville,OH,74,2.888
602344,Road Ranger #8346,4660 I-95 Exit 168,Trout Valley,IL,134,2.631
602345,TA Travel Center #8271,6925 I-10 Exit 65,Windom,KS,313,3.153
602346,Flying J #6575,9506 I-95 Exit 110,Raton,NM,73,3.591
602347,Petro Stopping Center #587,7822 I-80 Exit 264,Danville,PA,44,3.137
602348,Sapp Bros #8330,1817 I-10 Exit 342,Belen,NM,214,3.131
602349,Loves Travel Stop #8311,517 I-95 Exit 260,Crosby,MS,385,3.199
602350,Road Ranger #1122,4405 I-40 Exit 320,Fountain,NC,107,3.077
602351,Flying J #6555,2999 State Hwy 6 Exit 76,Bethlehem,PA,138,3.113
602352,TA Travel Center #3142,8028 US-287 Exit 309,Cottage City,MD,133,2.920
602353,TA Travel Center #6484,8104 I-80 Exit 69,Red Oak,NC,354,2.964
602354,TA Travel Center #3137,2519 I-40 Exit 162,Indianola,NE,179,2.981
602355,Flying J #2492,5344 I-40 Exit 398,Wheatland,IN,50,2.801
602356,Flying J #3145,9384 State Hwy 6 Exit 130,Rhineland,MO,186,3.280
602357,Loves Travel Stop #1498,6565 US-287 Exit 360,Steger,IL,400,3.130
602358,Kwik Trip #6636,2942 US-287 Exit 304,Greenwood,IN,167,2.901
602359,Loves Travel Stop #3782,3365 I-95 Exit 218,Picnic Point,WA,219,3.939
602360,Road Ranger #5687,7706 US-287 Exit 77,Urbana,IA,329,3.087
602361,Bosselman Travel Center #6753,6573 I-10 Exit 157,Homestown,MO,246,3.278
602362,Kwik Trip #1504,3576 I-80 Exit 338,Reserve,LA,2,3.084
602363,QuikTrip #2640,3267 I-10 Exit 294,West Clarkston Highland,WA,61,3.706
602364,Petro Stopping Center #6647,5500 US-287 Exit 28,Three Forks,MT,397,3.572
602365,Roadys Truck Stop #3660,7188 I-95 Exit 356,Almyra,AR,341,3.121
602366,Loves Travel Stop #6296,7605 I-10 Exit 216,Calverton Park,MO,333,2.947
602367,Sapp Bros #5919,9610 I-40 Exit 306,Lone Tree,IA,195,3.270
602368,QuikTrip #6751,1106 I-10 Exit 95,Southport,IN,71,3.075
602369,Flying J #6297,4601 US-287 Exit 293,Ayrshire,IA,364,2.838
602370,AMBEST #1806,4840 I-80 Exit 231,Prattsville,AR,342,2.888
602371,Pilot Travel Center #4506,3329 I-10 Exit 129,Ashley,PA,80,3.069
602372,Roadys Truck Stop #2644,7142 I-80 Exit 62,White Lake,SD,255,3.299
602373,QuikTrip #7790,4549 I-10 Exit 140,Moscow,KS,76,3.262
602374,TA Travel Center #5040,2249 I-10 Exit 56,Virginville,PA,367,3.156
602375,Bosselman Travel Center #7957,3242 I-95 Exit 48,Wolverine Lake,MI,343,3.072
602376,Bosselman Travel Center #562,3910 US-287 Exit 228,Natchez,MS,105,2.691
602377,Loves Travel Stop #7533,5452 I-40 Exit 17,Saint Marys,KS,339,3.276
602378,Kwik Trip #3973,9267 US-287 Exit 8,Booneville,AR,260,3.381
602379,Road Ranger #3471,3952 I-80 Exit 243,Lawtell,LA,52,3.131
602380,Road Ranger #5385,1534 I-80 Exit 163,Monroe,SD,333,3.200
602381,Roadys Truck Stop #3405,4929 I-80 Exit 34,Lapwai,ID,357,3.698
602382,AMBEST #1156,6337 I-80 Exit 101,Kelayres,PA,389,3.114
602383,Sapp Bros #4379,7411 I-10 Exit 44,Silex,MO,360,2.988
602384,Flying J #4083,8388 I-80 Exit 166,West Union,IA,155,3.212
602385,Loves Travel Stop #8042,6820 I-95 Exit 293,Westmont,CA,73,3.644
602386,Roadys Truck Stop #8937,2278 I-95 Exit 331,Philipsburg,PA,304,3.000
602387,Road Ranger #4273,5686 I-95 Exit 353,Grubbs,AR,22,3.130
602388,Petro Stopping Center #5778,7650 I-40 Exit 346,Bunker Hill Village,TX,286,3.173
602389,Roadys Truck Stop #9486,1738 I-95 Exit 340,Big Beaver,PA,330,3.017
602390,Road Ranger #2983,6148 US-287 Exit 306,Talty,TX,310,3.040
602391,Flying J #1849,5055 US-287 Exit 128,Zionsville,IN,374,3.012
602392,Flying J #8575,7204 I-40 Exit 115,Echo Hills,CO,213,3.410
602393,QuikTrip #4864,6424 I-40 Exit 221,Cannelburg,IN,52,3.044
602394,Petro Stopping Center #4048,3811 State Hwy 6 Exit 350,Bellaire,TX,11,3.001
602395,QuikTrip #3981,6367 State Hwy 6 Exit 41,Highland,IN,66,2.964
602396,Pilot Travel Center #6942,6241 I-80 Exit 40,Indio,CA,90,3.621
602397,Loves Travel Stop #7528,8761 I-95 Exit 155,Frankfort Square,IL,1,3.008
602398,QuikTrip #2400,9833 State Hwy 6 Exit 229,Littlerock,CA,73,3.532
602399,Pilot Travel Center #4570,1559 I-95 Exit 221,Kilkenny,MN,87,3.076
602400,Loves Travel Stop #6277,7371 I-95 Exit 324,Whitecone,AZ,232,3.423
602401,Sapp Bros #9245,6409 I-10 Exit 133,Letona,AR,252,3.062
602402,Loves Travel Stop #2456,6057 US-287 Exit 127,Mckinley Heights,OH,62,3.086
602403,QuikTrip #5586,5444 I-40 Exit 134,Hatton,WA,201,3.918
602404,Petro Stopping Center #3933,8971 I-10 Exit 140,Newton Grove,NC,26,2.878
602405,Flying J #9979,7735 I-80 Exit 194,Dill City,OK,245,3.069
602406,Roadys Truck Stop #9749,1040 I-95 Exit 151,Nachusa,IL,46,3.232
602407,Petro Stopping Center #2222,5929 I-10 Exit 386,Valley Falls,KS,32,2.960
602408,Roadys Truck Stop #1021,3672 I-95 Exit 170,Dayton,TX,331,2.867
602409,Sapp Bros #2729,8408 I-95 Exit 96,East Side,PA,98,3.178
602410,Bosselman Travel Center #7104,8065 I-95 Exit 111,Oak Grove,VA,159,3.148
602411,Flying J #5980,8878 I-10 Exit 350,Ashton Sandy Spring,MD,344,2.924
602412,Bosselman Travel Center #7689,7737 State Hwy 6 Exit 127,Gibbon,NE,263,3.364
602413,Sapp Bros #8485,6519 I-10 Exit 337,Grandwood Park,IL,295,3.196
602414,AMBEST #4519,3812 State Hwy 6 Exit 355,Black Canyon City,AZ,209,3.629
602415,Flying J #6996,6739 I-80 Exit 258,Northlake,IL,255,3.254
602416,Loves Travel Stop #7263,6177 I-80 Exit 327,Martins Creek,PA,176,3.196
602417,Bosselman Travel Center #5553,5786 I-80 Exit 311,Emden,IL,138,3.358
602418,Roadys Truck Stop #9408,8642 I-95 Exit 173,Glen Echo Park,MO,258,2.927
602419,AMBEST #2204,4419 I-95 Exit 212,Lecompte,LA,121,3.003
602420,Bosselman Travel Center #7664,2565 I-95 Exit 171,Clear Lake Shores,TX,167,2.917
602421,Road Ranger #4633,2089 State Hwy 6 Exit 298,North Tustin,CA,105,3.575
602422,Petro Stopping Center #3693,1495 US-287 Exit 290,Hamburg,IL,361,2.795
602423,Loves Travel Stop #4414,2703 I-40 Exit 183,Daingerfield,TX,130,2.883
602424,Pilot Travel Center #9599,6676 State Hwy 6 Exit 200,Cobb Island,MD,76,3.384
602425,Petro Stopping Center #2436,9115 US-287 Exit 254,Winthrop,IA,134,3.140
602426,Sapp Bros #2703,8044 I-10 Exit 354,Buck Run,PA,239,3.095
602427,Pilot Travel Center #3394,6132 US-287 Exit 237,Belpre,KS,221,2.948
602428,Flying J #919,7518 I-10 Exit 227,Deering,MO,293,3.255
602429,Bosselman Travel Center #8103,5350 I-40 Exit 342,Norwood,NJ,331,3.131
602430,Road Ranger #5893,1713 I-95 Exit 145,Butler,OK,12,3.155
602431,QuikTrip #2878,3843 US-287 Exit 209,Brandon,IA,53,3.071
602432,Loves Travel Stop #1124,8276 I-40 Exit 263,Hermanville,MS,79,3.037
602433,Bosselman Travel Center #2582,2379 I-40 Exit 301,Morgantown,MS,74,3.028
602434,Road Ranger #3550,564 I-40 Exit 92,Hannasville,PA,300,3.029
602435,Road Ranger #5931,833 I-40 Exit 377,Nicut,OK,48,2.993
602436,AMBEST #7403,2991 I-95 Exit 293,Lewistown,PA,29,3.209
602437,Road Ranger #5792,6164 US-287 Exit 65,Toluca,IL,124,2.981
602438,Bosselman Travel Center #557,4236 I-95 Exit 254,Innsbrook,MO,177,3.080
602439,QuikTrip #4899,5233 State Hwy 6 Exit 279,Lone Jack,MO,145,3.002
602440,Flying J #3304,3552 I-80 Exit 398,Harrington Park,NJ,325,3.400
602441,Kwik Trip #9013,5138 I-10 Exit 213,Keasbey,NJ,176,3.434
602442,Flying J #4867,9298 I-80 Exit 28,Amherst,OH,287,3.248
602443,TA Travel Center #4926,1561 I-80 Exit 22,Upland,CA,61,3.616
602444,AMBEST #4272,4408 I-95 Exit 22,Washington,IL,104,3.112
602445,Sapp Bros #9372,4082 US-287 Exit 61,Grinnell,IA,249,2.983
602446,AMBEST #3285,3440 US-287 Exit 368,Braidwood,IL,352,2.838
602447,AMBEST #3929,795 I-10 Exit 233,San Bernardino,CA,57,3.353
602448,Loves Travel Stop #8805,2714 I-40 Exit 197,Innovation,VA,344,2.976
602449,Pilot Travel Center #7207,3185 I-95 Exit 85,Rye Brook,NY,113,3.447
602450,QuikTrip #8636,1959 I-10 Exit 44,Sulphur,LA,339,3.142
602451,Pilot Travel Center #9013,1095 I-80 Exit 121,Whitewright,TX,278,2.722
602452,Bosselman Travel Center #7958,202 I-10 Exit 72,Helmsburg,IN,344,2.948
602453,Sapp Bros #7468,5284 I-80 Exit 184,Pea Ridge,AL,217,2.920
602454,Loves Travel Stop #3200,5812 US-287 Exit 232,Pennsburg,PA,356,3.316
602455,TA Travel Center #8674,6501 I-80 Exit 304,Boonton,NJ,290,3.059
602456,Pilot Travel Center #2669,3893 I-95 Exit 360,Mcdonald,OH,135,2.995
602457,Bosselman Travel Center #2457,1043 I-80 Exit 37,Oakland Acres,IA,244,2.939
602458,Petro Stopping Center #5355,264 I-95 Exit 23,Summit View,WA,308,3.750
602459,AMBEST #486,3233 I-95 Exit 346,Thomasville,MO,187,3.058
602460,Roadys Truck Stop #4057,5670 I-80 Exit 296,Lily Lake,IL,328,3.007
602461,Loves Travel Stop #502,6374 I-10 Exit 247,Nora,IL,116,3.176
602462,TA Travel Center #7385,6391 US-287 Exit 111,Hardin,IL,390,3.447
602463,Petro Stopping Center #8951,959 I-80 Exit 355,Lovejoy,GA,154,2.864
602464,Bosselman Travel Center #9518,2906 I-80 Exit 286,Rockport,AR,186,2.946
602465,Kwik Trip #5753,5526 I-10 Exit 94,Brinkley,AR,14,3.259
602466,Loves Travel Stop #6066,5180 US-287 Exit 397,Bullard,TX,158,3.125
602467,Kwik Trip #5179,8149 I-95 Exit 73,Rodman,IA,3,3.055
602468,Loves Travel Stop #9100,7738 I-40 Exit 97,Startup,WA,348,3.936
602469,TA Travel Center #2886,1782 I-10 Exit 334,Argyle,IL,232,2.877
602470,Pilot Travel Center #2294,5742 US-287 Exit 384,Cloverly,MD,322,3.135
602471,Bosselman Travel Center #8777,4050 I-95 Exit 39,Adelphi,MD,14,3.183
602472,Pilot Travel Center #4594,1833 I-10 Exit 27,Gunbarrel,CO,118,3.341
602473,AMBEST #8075,2250 I-95 Exit 391,Pulaski,IL,35,3.144
602474,Bosselman Travel Center #7536,2923 I-95 Exit 175,Sehili,AZ,230,3.477
602475,Sapp Bros #5952,1974 I-80 Exit 221,Gann Valley,SD,110,2.996
602476,QuikTrip #7085,3566 I-80 Exit 360,Dilkon,AZ,12,3.523
602477,TA Travel Center #2694,5817 I-40 Exit 240,Crystal Lawns,IL,199,2.804
602478,Bosselman Travel Center #2955,2034 I-80 Exit 251,Monroeville,OH,147,3.231
602479,Roadys Truck Stop #2727,1716 I-80 Exit 110,Eliza,IL,156,2.857
602480,Sapp Bros #9303,3001 I-10 Exit 319,New Bloomfield,MO,189,3.336
602481,Roadys Truck Stop #5841,6616 I-80 Exit 33,Elkader,IA,297,3.329
602482,Road Ranger #5443,9901 I-40 Exit 299,Twin Oaks,MO,376,3.001
602483,Bosselman Travel Center #5079,4965 I-40 Exit 385,Kieler,WI,153,2.725
602484,QuikTrip #7105,3310 State Hwy 6 Exit 390,Malcom,IA,285,3.101
602485,Road Ranger #2973,5815 State Hwy 6 Exit 150,Hills,IA,395,2.883
602486,Petro Stopping Center #8254,7259 State Hwy 6 Exit 299,Edom,TX,184,3.010
602487,AMBEST #5396,8237 State Hwy 6 Exit 371,Burnside,PA,3,2.993
602488,Sapp Bros #956,6593 State Hwy 6 Exit 307,West Orange,TX,374,3.177
602489,Bosselman Travel Center #6875,4688 US-287 Exit 35,Westlake,FL,51,2.776
602490,Sapp Bros #2350,5529 State Hwy 6 Exit 258,Greenwater,WA,234,4.079
602491,Pilot Travel Center #5185,2814 State Hwy 6 Exit 135,Lebo,KS,194,3.282
602492,Sapp Bros #859,9036 I-40 Exit 398,Inland,NE,154,3.124
602493,Road Ranger #6611,6772 I-40 Exit 355,Borger,TX,322,3.062
602494,TA Travel Center #8366,6183 I-40 Exit 367,Holly Grove,AR,152,3.155
602495,Loves Travel Stop #6940,2430 State Hwy 6 Exit 170,Fowlerton,IN,1,3.236
602496,TA Travel Center #552,2687 I-80 Exit 172,Metairie,LA,90,2.794
602497,Loves Travel Stop #3121,3773 I-95 Exit 7,Princeton,IA,90,2.875
602498,Petro Stopping Center #4449,6362 I-80 Exit 253,Connoquenessing,PA,194,2.965
602499,Flying J #5411,1671 US-287 Exit 262,University Heights,OH,238,3.067
602500,AMBEST #1600,5262 I-10 Exit 50,Trumann,AR,68,3.368
602501,AMBEST #9887,5487 US-287 Exit 190,Indianola,WA,386,4.015
602502,Road Ranger #9048,5230 I-80 Exit 324,Hudson,PA,117,2.877
602503,Sapp Bros #8295,4905 I-95 Exit 312,Reynolds,IL,322,3.226
602504,Loves Travel Stop #7198,9772 US-287 Exit 115,Sedona,AZ,179,3.284
602505,AMBEST #9931,5666 I-80 Exit 69,West Carson,CA,282,3.625
602506,Sapp Bros #1397,2225 I-40 Exit 293,Beaver,KS,355,2.929
602507,Pilot Travel Center #1177,9081 I-40 Exit 255,Washington,AR,342,2.946
602508,Flying J #1136,2107 I-40 Exit 148,Gaston,IN,311,3.294
602509,Roadys Truck Stop #4012,3539 State Hwy 6 Exit 14,Tehuacana,TX,290,2.780
602510,Pilot Travel Center #5252,147 US-287 Exit 345,Cooper,TX,385,2.961
602511,Sapp Bros #6481,1771 I-95 Exit 336,Bell Arthur,NC,232,3.388
602512,Pilot Travel Center #558,6033 I-95 Exit 252,Concord,AR,188,2.781
602513,Kwik Trip #3506,4388 I-10 Exit 149,Summit Station,PA,184,2.976
602514,Loves Travel Stop #369,5010 I-80 Exit 9,Cimarron City,OK,347,3.033
602515,Kwik Trip #4923,1571 I-95 Exit 96,Midlothian,IL,280,2.807
602516,Sapp Bros #4547,9443 I-40 Exit 239,Rehrersburg,PA,281,2.787
602517,QuikTrip #2951,5415 US-287 Exit 18,Watsessing,NJ,362,3.028
602518,Loves Travel Stop #888,9500 I-80 Exit 235,El Morro Valley,NM,190,3.469
602519,QuikTrip #7732,136 State Hwy 6 Exit 297,Prairie Village,KS,195,3.047
602520,AMBEST #6685,1618 I-10 Exit 217,Washington,MO,301,3.031
602521,Petro Stopping Center #1947,3561 US-287 Exit 52,South Renovo,PA,88,3.148
602522,Kwik Trip #3458,6323 I-95 Exit 161,Lakemore,OH,398,2.969
602523,Sapp Bros #9733,6071 I-95 Exit 82,Gilmer,TX,249,2.948
602524,Roadys Truck Stop #9652,2252 I-80 Exit 213,Colonia,NJ,307,3.100
602525,AMBEST #1909,6237 State Hwy 6 Exit 289,El Sobrante,CA,345,3.594
602526,Pilot Travel Center #7226,441 I-95 Exit 331,Peosta,IA,92,2.990
602527,QuikTrip #7058,2138 I-40 Exit 6,Erie,IL,87,3.059
602528,Loves Travel Stop #2352,544 I-95 Exit 391,Bellerose,NY,133,2.933
602529,Sapp Bros #9706,6387 I-95 Exit 57,Lake Marcel Stillwater,WA,172,4.102
602530,Road Ranger #4374,9945 US-287 Exit 100,Harvey,LA,288,2.921
602531,Sapp Bros #7032,3383 I-80 Exit 245,Spring Lake Park,MN,184,2.945
602532,Road Ranger #4500,9803 I-10 Exit 44,Girard,OH,125,3.008
602533,Road Ranger #8957,7858 I-10 Exit 271,Enders,NE,255,3.327
602534,Kwik Trip #1551,1532 I-40 Exit 370,Lodge Grass,MT,119,3.423
602535,Flying J #7853,5437 I-10 Exit 82,Duneland Beach,IN,107,3.137
602536,TA Travel Center #4613,1435 I-10 Exit 227,Meadowbrook,AL,7,3.142
602537,AMBEST #7723,1710 I-80 Exit 251,Woodstock,GA,258,2.791
602538,Flying J #4125,8454 State Hwy 6 Exit 389,Benoit,MS,316,3.038
602539,AMBEST #770,8499 I-10 Exit 36,Coral Hills,MD,99,3.021
602540,Road Ranger #927,8414 I-80 Exit 93,Shambaugh,IA,28,2.994
602541,Petro Stopping Center #4719,8604 US-287 Exit 338,Bloomdale,OH,367,3.102
602542,Bosselman Travel Center #8141,8536 I-95 Exit 51,Dell Rapids,SD,213,3.315
602543,Petro Stopping Center #9703,5887 State Hwy 6 Exit 58,Smicksburg,PA,389,3.226
602544,TA Travel Center #5682,9786 I-40 Exit 8,Walnut Ridge,AR,361,3.071
602545,AMBEST #3153,8475 US-287 Exit 85,Pulaski,PA,69,3.079
602546,Pilot Travel Center #2138,8933 I-10 Exit 115,Davis,SD,321,3.245
602547,Loves Travel Stop #4008,8200 State Hwy 6 Exit 347,Kellerton,IA,142,3.098
602548,Pilot Travel Center #5693,7849 I-95 Exit 88,Pymatuning Central,PA,171,3.140
602549,Road Ranger #1588,8259 I-80 Exit 115,Allenwood,PA,126,3.273
602550,Flying J #6792,8305 I-80 Exit 390,Great Falls Crossing,VA,84,2.972
602551,Pilot Travel Center #1438,5583 I-80 Exit 314,Hobart,OK,353,2.970
602552,Sapp Bros #4814,6719 I-80 Exit 42,Humboldt,SD,48,3.190
602553,Roadys Truck Stop #7500,242 I-10 Exit 28,Barberton,OH,214,3.195
602554,Loves Travel Stop #2274,4488 I-40 Exit 235,Bobo,MS,397,3.197
602555,AMBEST #6284,7189 US-287 Exit 369,Edgewood,NM,326,3.184
602556,Flying J #6471,2596 I-95 Exit 66,Lockhart,TX,60,2.864
602557,Road Ranger #4117,5550 I-40 Exit 325,Glen Campbell,PA,52,3.195
602558,Bosselman Travel Center #6276,8976 I-10 Exit 297,Woodmore,MD,168,3.152
602559,Pilot Travel Center #9764,2272 I-95 Exit 43,Moline Acres,MO,270,2.979
602560,Bosselman Travel Center #4303,5932 US-287 Exit 343,Dysart,IA,370,3.496
602561,Bosselman Travel Center #4654,9828 State Hwy 6 Exit 73,Sumrall,MS,181,2.903
602562,AMBEST #1002,4832 State Hwy 6 Exit 129,Glen Gardner,NJ,157,3.401
602563,TA Travel Center #1865,7436 US-287 Exit 211,Roxobel,NC,119,2.837
602564,Petro Stopping Center #6395,5434 I-40 Exit 146,Brookhaven,MS,155,2.901
602565,Petro Stopping Center #5099,6991 I-10 Exit 186,Crownsville,MD,249,3.047
602566,Petro Stopping Center #5313,2722 US-287 Exit 69,Lake Dallas,TX,361,3.128
602567,Kwik Trip #8469,8851 I-10 Exit 202,Lone Star,TX,153,2.763
602568,Kwik Trip #3857,507 US-287 Exit 122,Aubrey,AR,43,3.262
602569,QuikTrip #9243,4912 I-80 Exit 40,Charlottesville,IN,122,3.150
602570,Roadys Truck Stop #8279,5674 US-287 Exit 270,Jonesville,MI,113,3.071
602571,Bosselman Travel Center #3616,8090 State Hwy 6 Exit 248,Clarendon,AR,68,3.021
602572,Road Ranger #2098,6031 US-287 Exit 78,New Hope,MN,84,2.559
602573,Petro Stopping Center #1993,2789 US-287 Exit 391,Applewood,CO,1,3.296
602574,AMBEST #3549,4606 I-40 Exit 96,Sun Valley,AZ,148,3.131
602575,QuikTrip #2351,3056 I-80 Exit 234,Chelsea,IA,75,3.237
602576,Loves Travel Stop #9917,8013 US-287 Exit 111,Portage Des Sioux,MO,245,3.108
602577,Pilot Travel Center #951,7138 I-80 Exit 83,Cedar Lake,OK,121,2.806
602578,Kwik Trip #9201,8120 State Hwy 6 Exit 108,Bailey South Crossroads,VA,116,2.850
602579,Sapp Bros #2709,1688 I-40 Exit 272,Hobgood,NC,175,3.135
602580,AMBEST #7637,6091 US-287 Exit 350,Bardwell,KY,280,2.993
602581,TA Travel Center #6900,3808 I-80 Exit 45,Hobbs,IN,271,2.840
602582,Sapp Bros #1739,1098 I-95 Exit 268,Pindall,AR,178,2.856
602583,Kwik Trip #9339,9576 I-95 Exit 364,Summit,NJ,343,3.160
602584,Loves Travel Stop #9957,4528 I-80 Exit 288,Edwardsville,KS,62,3.119
602585,QuikTrip #9279,3952 US-287 Exit 70,Burtonsville,MD,400,2.962
602586,Flying J #3384,9737 I-10 Exit 336,Maynard,IA,164,2.971
602587,Sapp Bros #3181,5157 I-80 Exit 97,Dougherty,IA,146,2.937
602588,Loves Travel Stop #9861,7387 I-80 Exit 321,Waukee,IA,7,3.023
602589,Petro Stopping Center #927,9358 I-10 Exit 111,Stickney,SD,95,3.178
602590,Flying J #623,500 I-95 Exit 331,Oklahoma City,OK,42,3.238
602591,AMBEST #7629,3785 I-40 Exit 193,Bryans Road,MD,99,3.091
602592,Flying J #162,8550 I-10 Exit 341,Nashoba,OK,255,3.170
602593,TA Travel Center #5109,4269 State Hwy 6 Exit 258,Paradise,MO,123,3.222
602594,QuikTrip #2046,2317 I-40 Exit 86,Mount Hermon,NJ,188,2.854
602595,QuikTrip #8942,9734 State Hwy 6 Exit 308,One Loudoun,VA,40,3.208
602596,Loves Travel Stop #9420,8343 I-10 Exit 92,Mountainhome,PA,242,3.136
602597,TA Travel Center #4703,4865 I-10 Exit 320,The Woodlands,TX,185,3.017
602598,Roadys Truck Stop #9447,9650 I-10 Exit 40,Westwood Hills,KS,183,3.112
602599,TA Travel Center #8954,3548 I-40 Exit 47,Cloverland,IN,397,2.893
602600,Bosselman Travel Center #5946,1848 State Hwy 6 Exit 208,Orchard,IA,184,3.033
602601,Pilot Travel Center #1846,8863 I-40 Exit 27,Royse City,TX,191,2.972
602602,TA Travel Center #7747,7269 State Hwy 6 Exit 31,Lone Tree,CO,60,3.807
602603,AMBEST #2171,3741 I-40 Exit 200,Kendrick,ID,71,3.658
602604,Loves Travel Stop #501,650 I-40 Exit 111,Windfall City,IN,198,3.246
602605,Roadys Truck Stop #8905,5814 State Hwy 6 Exit 160,Northmoor,MO,123,2.734
602606,QuikTrip #3979,9089 US-287 Exit 231,Woodland,NC,328,2.842
602607,Loves Travel Stop #9058,4515 US-287 Exit 258,Laurel,VA,39,3.137
602608,Pilot Travel Center #2989,1855 I-80 Exit 304,Soper,OK,40,2.949
602609,Kwik Trip #2704,3245 State Hwy 6 Exit 100,Fort Wayne,IN,243,3.241
602610,Loves Travel Stop #1629,2383 I-95 Exit 340,Biscayne Park,FL,267,2.912
602611,Pilot Travel Center #3468,1516 I-40 Exit 79,Orient,IA,195,3.197
602612,Sapp Bros #707,6384 State Hwy 6 Exit 345,Lakin,KS,151,3.387
602613,Kwik Trip #2957,5841 I-80 Exit 79,Colesville,MD,295,3.145
602614,Roadys Truck Stop #5615,4664 State Hwy 6 Exit 193,Cecil,OH,114,3.209
602615,Loves Travel Stop #7186,9961 I-40 Exit 153,Hialeah,FL,190,2.800
602616,Pilot Travel Center #3480,6405 US-287 Exit 116,Miramar,FL,182,3.121
602617,Road Ranger #4722,2697 I-80 Exit 226,Malinta,OH,82,3.223
602618,Roadys Truck Stop #7503,6391 I-10 Exit 65,Dearborn,MO,86,3.066
602619,Roadys Truck Stop #7994,6487 I-40 Exit 253,Salem,AR,156,2.904
602620,Petro Stopping Center #5927,5594 I-80 Exit 388,Gladewater,TX,74,2.827
602621,Petro Stopping Center #2896,808 US-287 Exit 306,Rittman,OH,219,3.056
602622,Sapp Bros #4834,7471 I-95 Exit 27,Chester,AR,193,3.539
602623,Petro Stopping Center #3858,8001 I-40 Exit 317,Willow,OK,336,3.202
602624,AMBEST #3197,4852 I-95 Exit 319,New City,NY,249,3.070
602625,Flying J #1232,1878 State Hwy 6 Exit 24,Soso,MS,63,2.808
602626,Flying J #9375,9979 US-287 Exit 95,Emmetsburg,IA,48,3.380
602627,Loves Travel Stop #5309,4686 I-80 Exit 131,Marietta,IN,3,3.105
602628,Road Ranger #4378,3600 I-10 Exit 239,Rossville,KS,313,3.119
602629,Pilot Travel Center #8696,6913 I-95 Exit 14,Somerville,IN,272,3.105
602630,Kwik Trip #6149,5871 I-95 Exit 331,Saint Marys,PA,115,2.976
602631,Roadys Truck Stop #4373,5354 US-287 Exit 325,Sundown,MO,288,2.771
602632,QuikTrip #9511,9359 I-10 Exit 248,Canjilon,NM,134,3.461
602633,TA Travel Center #5825,4891 I-80 Exit 324,Allport,AR,298,2.990
602634,Petro Stopping Center #3589,6401 I-95 Exit 86,Defiance,OH,245,3.046
602635,Sapp Bros #6712,8539 US-287 Exit 300,Eastvale,PA,254,3.245
602636,Pilot Travel Center #7523,8660 I-10 Exit 221,Coyne Center,IL,247,2.957
602637,TA Travel Center #5300,3910 I-40 Exit 389,Gladstone,MO,262,3.236
602638,Kwik Trip #6720,7293 I-95 Exit 346,Earlham,IA,399,3.225
602639,Bosselman Travel Center #4385,6213 I-40 Exit 56,Golden,OK,309,3.231
602640,TA Travel Center #4743,6862 State Hwy 6 Exit 37,Parkston,SD,331,3.052
602641,Road Ranger #9319,9822 I-80 Exit 238,Hanna,IN,173,3.181
602642,Loves Travel Stop #432,238 I-10 Exit 76,Columbus Grove,OH,373,3.250
602643,Bosselman Travel Center #6131,6418 I-80 Exit 163,Woodinville,WA,38,3.996
602644,QuikTrip #5848,7512 I-40 Exit 188,Cherokee,IA,105,2.917
602645,TA Travel Center #780,9319 I-10 Exit 126,Sheffield,OH,193,3.324
602646,Pilot Travel Center #1166,4826 US-287 Exit 209,Le Claire,IA,141,3.215
602647,Loves Travel Stop #8003,2683 I-10 Exit 289,Orland Park,IL,337,3.036
602648,Flying J #7102,8178 US-287 Exit 272,Albany,IN,8,3.325
602649,Roadys Truck Stop #9410,3739 I-80 Exit 364,Thebes,IL,374,3.090
602650,Bosselman Travel Center #4460,752 I-40 Exit 47,Venus,TX,234,2.794
602651,Loves Travel Stop #3206,654 I-80 Exit 362,Slatedale,PA,249,3.273
602652,Kwik Trip #4433,6851 State Hwy 6 Exit 303,Newburg,PA,30,3.121
602653,Kwik Trip #7722,7900 I-10 Exit 120,Eskridge,KS,244,3.151
602654,Roadys Truck Stop #9457,2446 State Hwy 6 Exit 177,Burdett,KS,313,3.427
602655,TA Travel Center #8133,5171 State Hwy 6 Exit 25,Wilsey,KS,44,3.547
602656,AMBEST #7350,7811 US-287 Exit 27,Winchester,MO,1,3.186
602657,Bosselman Travel Center #7668,1001 I-40 Exit 263,Twin Lakes,MN,111,3.277
602658,Road Ranger #6624,6346 I-10 Exit 37,Landover,MD,279,3.246
602659,Pilot Travel Center #6291,1636 I-40 Exit 270,Ringwood,IL,174,3.174
602660,Pilot Travel Center #206,8285 I-40 Exit 11,Acton,CA,52,3.380
602661,Pilot Travel Center #2552,2401 I-80 Exit 372,Farmington,MI,60,3.188
602662,Flying J #785,5320 I-40 Exit 382,Charlos Heights,MT,19,3.834
602663,Loves Travel Stop #1355,9046 I-40 Exit 376,Hardin,TX,194,2.707
602664,Road Ranger #9734,1933 I-40 Exit 196,Craigmont,ID,238,3.629
602665,Roadys Truck Stop #8589,7912 I-40 Exit 21,Steward,IL,57,3.070
602666,Loves Travel Stop #7072,3858 I-80 Exit 287,Chippewa Lake,OH,77,3.233
602667,Road Ranger #2587,6044 I-40 Exit 291,Goodell,IA,196,3.105
602668,Bosselman Travel Center #5496,8404 I-10 Exit 198,Beavertown,PA,63,3.179
602669,Roadys Truck Stop #7408,2489 I-40 Exit 33,Skokie,IL,249,3.395
602670,Sapp Bros #4248,5038 I-95 Exit 200,Edgewood,IN,162,3.118
602671,Sapp Bros #690,2673 I-10 Exit 142,Hasson Heights,PA,379,3.244
602672,Kwik Trip #2425,5434 US-287 Exit 326,Avinger,TX,269,3.234
602673,Pilot Travel Center #5528,7744 US-287 Exit 317,Houston,MO,169,3.403
602674,Petro Stopping Center #2420,4226 I-10 Exit 393,Riverview,MO,71,3.072
602675,Roadys Truck Stop #3626,4115 US-287 Exit 92,White Pigeon,MI,117,3.240
602676,Sapp Bros #4810,8344 State Hwy 6 Exit 255,Pierpont,MO,64,3.194
602677,AMBEST #3283,2617 I-40 Exit 80,Liverpool,TX,9,2.770
602678,Bosselman Travel Center #2234,335 I-80 Exit 55,Short,OK,399,3.188
602679,Kwik Trip #6904,7466 State Hwy 6 Exit 375,Highland,MD,237,3.033
602680,TA Travel Center #3014,8460 I-10 Exit 251,Heritage Lake,IL,284,3.287
602681,Pilot Travel Center #8275,3299 I-95 Exit 32,Nora Springs,IA,23,3.431
602682,Bosselman Travel Center #7184,3874 I-40 Exit 358,Andover,MN,297,2.960
602683,Roadys Truck Stop #6938,6512 State Hwy 6 Exit 388,Cooksville,IL,224,3.161
602684,AMBEST #2666,7213 I-10 Exit 160,Strong City,KS,313,3.255
602685,Bosselman Travel Center #1248,780 US-287 Exit 366,Greenwood,AR,253,3.158
602686,Bosselman Travel Center #5468,4311 US-287 Exit 327,Mill Creek,IL,258,3.176
602687,Petro Stopping Center #5091,6768 US-287 Exit 240,Momeyer,NC,237,3.022
602688,Road Ranger #7476,1922 US-287 Exit 102,Polkville,MS,131,2.919
602689,TA Travel Center #7728,8324 I-10 Exit 298,Claycomo,MO,109,3.003
602690,QuikTrip #3622,2492 I-80 Exit 240,Hewlett Bay Park,NY,393,3.007
602691,Roadys Truck Stop #7083,5349 US-287 Exit 388,San Rafael,NM,376,3.259
602692,QuikTrip #5099,9832 US-287 Exit 220,Ferriday,LA,353,2.966
602693,Petro Stopping Center #5715,4607 I-10 Exit 31,Dorchester,NE,97,3.179
602694,Pilot Travel Center #2644,1740 US-287 Exit 120,Ensenada,NM,197,3.348
602695,Roadys Truck Stop #5447,9331 US-287 Exit 184,Walnut,CA,104,3.465
602696,Flying J #2335,4176 US-287 Exit 171,Fox River Grove,IL,371,3.030
602697,Flying J #3677,5819 State Hwy 6 Exit 214,Spencerville,MD,264,3.251
602698,Kwik Trip #9908,6905 US-287 Exit 395,Sheep Springs,NM,248,2.967
602699,AMBEST #6138,5068 I-95 Exit 325,Sprague,NE,77,2.902
602700,Flying J #9064,111 I-40 Exit 104,Santa Ana,CA,120,3.273
602701,AMBEST #7746,6599 I-40 Exit 314,Freemansburg,PA,40,3.292
602702,QuikTrip #231,1726 US-287 Exit 46,Hayfield,MN,59,2.970
602703,Loves Travel Stop #5934,8756 I-40 Exit 326,Missouri City,TX,195,3.052
602704,Sapp Bros #4087,4578 I-80 Exit 281,Nokesville,VA,38,2.967
602705,Loves Travel Stop #5968,9035 State Hwy 6 Exit 370,Eldridge,IA,208,2.979
602706,Loves Travel Stop #6266,3409 I-95 Exit 230,Meadow View Addition,SD,327,3.354
602707,Sapp Bros #471,6147 State Hwy 6 Exit 381,White Lake,NC,311,3.032
602708,Loves Travel Stop #6172,1154 I-40 Exit 336,Decatur,IA,310,2.800
602709,Kwik Trip #1615,1117 I-40 Exit 330,Beulah Beach,OH,297,3.181
602710,Pilot Travel Center #681,2379 State Hwy 6 Exit 250,Belmore,OH,116,2.979
602711,TA Travel Center #331,6245 US-287 Exit 204,Watchung,NJ,290,3.041
602712,Roadys Truck Stop #3191,9170 I-40 Exit 325,Conchas Dam,NM,270,3.473
602713,TA Travel Center #6369,3338 I-80 Exit 202,Chama,NM,228,3.271
602714,AMBEST #1745,1537 US-287 Exit 127,Rock Rapids,IA,41,3.208
602715,Road Ranger #1106,7616 US-287 Exit 118,Vowinckel,PA,306,2.761
602716,QuikTrip #1384,4627 I-40 Exit 137,Snydertown,PA,96,3.083
602717,Roadys Truck Stop #4881,2295 I-95 Exit 114,Epes,AL,16,3.076
602718,Petro Stopping Center #6349,1935 US-287 Exit 102,Ozark,MO,260,2.807
602719,Road Ranger #3405,8394 I-10 Exit 33,West Farmington,OH,212,2.827
602720,TA Travel Center #8950,9849 US-287 Exit 160,Plum Grove,TX,27,2.989
602721,Sapp Bros #8821,4759 I-10 Exit 243,Campus,IL,133,3.098
602722,Petro Stopping Center #8104,5605 I-80 Exit 261,Valencia,NM,302,3.660
602723,QuikTrip #2753,5100 US-287 Exit 311,Alderton,WA,235,4.108
602724,Bosselman Travel Center #8999,3024 I-80 Exit 148,Naples,TX,175,2.899
602725,Sapp Bros #4934,532 I-10 Exit 334,Osseo,MN,144,3.152
602726,Loves Travel Stop #5018,9791 I-95 Exit 205,Carnegie,OK,61,3.162
602727,Loves Travel Stop #7853,7399 I-95 Exit 165,Firestone,CO,144,3.211
602728,AMBEST #613,5775 State Hwy 6 Exit 361,Hazen,AR,318,3.186
602729,Kwik Trip #6330,6396 I-80 Exit 381,Tucker,AR,221,2.750
602730,Flying J #3981,9381 US-287 Exit 124,Highgrove,CA,375,3.467
602731,Pilot Travel Center #632,2194 I-10 Exit 178,Clifton,IL,378,3.023
602732,Sapp Bros #3103,6149 State Hwy 6 Exit 355,Sherwood,OH,106,3.183
602733,QuikTrip #8087,3674 I-40 Exit 90,Thornton,CO,184,3.449
602734,Road Ranger #8119,623 I-40 Exit 114,Toledo,OH,49,3.232
602735,Road Ranger #2016,1124 State Hwy 6 Exit 180,Pearland,TX,63,2.733
602736,Sapp Bros #9228,3313 State Hwy 6 Exit 73,Castalia,OH,151,3.109
602737,Bosselman Travel Center #2989,2137 US-287 Exit 45,Topeka,IN,174,2.964
602738,Flying J #9163,8217 I-95 Exit 244,Adrian,TX,36,3.313
602739,QuikTrip #1221,3884 US-287 Exit 351,Burchinal,IA,312,3.188
602740,AMBEST #8513,9676 I-40 Exit 29,Vadnais Heights,MN,180,3.484
602741,Petro Stopping Center #8923,2952 US-287 Exit 222,Melrose,OH,82,3.056
602742,Bosselman Travel Center #7055,4697 I-80 Exit 345,Kenmore,WA,399,3.737
602743,Flying J #2142,7152 I-40 Exit 393,Vann Crossroads,NC,79,3.262
602744,TA Travel Center #9101,6992 I-10 Exit 274,Hosston,LA,339,3.009
602745,Road Ranger #7892,9248 US-287 Exit 79,Lovelaceville,KY,342,2.983
602746,Loves Travel Stop #5252,3741 State Hwy 6 Exit 337,Carter Lake,IA,226,2.936
602747,TA Travel Center #872,9765 State Hwy 6 Exit 384,Hicksville,NY,182,3.251
602748,Bosselman Travel Center #9812,1801 I-10 Exit 329,Kendallville,IN,66,3.132
602749,Road Ranger #9054,5240 I-10 Exit 203,Summit,MS,266,2.831
602750,Petro Stopping Center #1389,6987 US-287 Exit 293,Amboy,IN,122,3.382
602751,Flying J #1727,1472 I-40 Exit 164,Morrison,IL,196,3.109
602752,Sapp Bros #5214,566 I-80 Exit 199,Cementon,PA,384,2.821
602753,TA Travel Center #1728,8585 I-40 Exit 202,Hickory,MS,367,2.899
602754,Road Ranger #4122,6798 I-80 Exit 87,Blakeslee,OH,119,2.816
602755,AMBEST #6151,2105 I-95 Exit 167,North Myrtle Beach,SC,88,3.172
602756,Roadys Truck Stop #5901,6636 I-40 Exit 103,Morristown,NJ,356,3.285
602757,Pilot Travel Center #7312,4039 I-95 Exit 264,Crown College,MN,225,3.352
602758,Kwik Trip #4837,5364 US-287 Exit 158,Martin Lake,MN,102,3.254
602759,Pilot Travel Center #165,7705 I-10 Exit 150,Dupont,PA,173,3.208
602760,QuikTrip #8106,7782 US-287 Exit 63,Bridgewater Center,NJ,332,2.821
602761,Petro Stopping Center #6983,5774 I-40 Exit 257,Bussey,IA,108,3.196
602762,TA Travel Center #6111,3732 I-80 Exit 362,Gibson,AR,222,3.102
602763,Flying J #751,5547 State Hwy 6 Exit 377,Paynesville,MO,181,2.876
602764,Roadys Truck Stop #6716,1013 State Hwy 6 Exit 30,Columbine,CO,96,3.407
602765,Sapp Bros #480,7579 I-10 Exit 196,Plainview,IA,219,2.739
602766,Bosselman Travel Center #5951,415 I-95 Exit 185,Lane,IL,365,3.258
602767,TA Travel Center #7088,1441 I-40 Exit 216,Atlanta,IN,263,2.960
602768,Road Ranger #3527,2327 State Hwy 6 Exit 391,Batesville,AR,131,2.928
602769,QuikTrip #4542,1857 I-10 Exit 364,Arcola,TX,133,3.222
602770,Pilot Travel Center #4359,3302 I-95 Exit 224,Utica,NE,267,3.255
602771,Petro Stopping Center #8534,3546 US-287 Exit 299,Varnamtown,NC,396,3.004
602772,Loves Travel Stop #9146,2645 I-40 Exit 263,Colmar Manor,MD,250,3.082
602773,Loves Travel Stop #6448,3650 I-95 Exit 283,West Haverstraw,NY,63,2.868
602774,Bosselman Travel Center #2477,7911 I-40 Exit 290,Daleville,IN,49,2.934
602775,Kwik Trip #9806,9532 I-80 Exit 287,Lake Telemark,NJ,55,3.291
602776,Bosselman Travel Center #2206,1678 State Hwy 6 Exit 171,Canova,SD,2,3.129
602777,Loves Travel Stop #8697,1312 State Hwy 6 Exit 378,Wayne,IL,186,2.829
602778,Loves Travel Stop #8479,624 I-95 Exit 221,Enfield,NC,365,3.117
602779,QuikTrip #5333,2150 I-80 Exit 211,Calumet,IA,68,3.022
602780,Sapp Bros #2208,8592 I-95 Exit 116,Jones Mills,AR,87,3.303
602781,Kwik Trip #1858,6714 State Hwy 6 Exit 173,Barbee,IN,384,3.455
602782,Flying J #1372,3478 I-40 Exit 315,Lavelle,PA,394,3.288
602783,QuikTrip #4845,9428 I-80 Exit 60,Kankakee,IL,123,2.967
602784,Road Ranger #8110,7091 I-80 Exit 177,Mettawa,IL,176,3.341
602785,Bosselman Travel Center #4147,8158 State Hwy 6 Exit 338,Alpharetta,GA,190,3.333
602786,TA Travel Center #5350,7264 State Hwy 6 Exit 321,Lake,MS,397,3.133
602787,Sapp Bros #1906,6381 I-80 Exit 306,Industry,CA,57,3.486
602788,Sapp Bros #4226,8862 I-10 Exit 100,Port Arthur,TX,212,3.031
602789,TA Travel Center #8865,1623 I-10 Exit 100,Vincennes,IN,148,3.282
602790,Pilot Travel Center #3177,3404 US-287 Exit 206,Roopville,GA,7,3.220
602791,Road Ranger #7856,5198 I-95 Exit 213,Port Clinton,PA,325,3.264
602792,QuikTrip #5040,4945 State Hwy 6 Exit 359,La Grange,NC,162,2.989
602793,Petro Stopping Center #4244,8928 I-80 Exit 59,Albany,OK,264,3.243
602794,QuikTrip #3666,9237 I-10 Exit 91,Delta,MO,55,2.778
602795,TA Travel Center #5505,5440 I-95 Exit 279,Cleveland,IL,251,3.228
602796,Pilot Travel Center #5856,1051 I-80 Exit 394,Liscomb,IA,34,3.066
602797,Sapp Bros #1186,3507 US-287 Exit 392,Lakeside,OH,341,3.054
602798,Road Ranger #6912,5395 I-10 Exit 215,Fisher,AR,318,3.074
602799,Bosselman Travel Center #7125,3690 I-95 Exit 252,Portage,MI,137,3.007
602800,Loves Travel Stop #3843,5145 I-40 Exit 85,Downey,IA,174,3.436
602801,Road Ranger #4005,8597 I-10 Exit 398,Montclair State University,NJ,328,3.091
602802,Loves Travel Stop #517,7045 US-287 Exit 398,Greeley,IA,235,3.445
602803,TA Travel Center #7399,7007 State Hwy 6 Exit 188,Coachella,CA,216,3.654
602804,Pilot Travel Center #6997,8272 I-10 Exit 26,East Port Orchard,WA,121,3.524
602805,Bosselman Travel Center #3919,3606 State Hwy 6 Exit 226,Boulevard Park,WA,349,3.799
602806,Loves Travel Stop #648,9253 US-287 Exit 104,Enterprise,KS,300,3.140
602807,QuikTrip #2098,1934 I-95 Exit 96,Guthrie,OK,361,3.132
602808,AMBEST #4611,676 I-95 Exit 377,Enetai,WA,126,3.947
602809,Sapp Bros #8474,3101 State Hwy 6 Exit 377,Copeland,KS,351,3.481
602810,Flying J #2315,968 I-80 Exit 41,Asotin,WA,341,3.998
602811,Pilot Travel Center #7262,6610 State Hwy 6 Exit 145,Vinton,IA,224,3.079
602812,Kwik Trip #4470,7880 I-95 Exit 261,Bird City,KS,256,3.189
602813,Road Ranger #7751,8717 I-95 Exit 263,Manchester,VA,156,2.937
602814,Road Ranger #8154,5924 State Hwy 6 Exit 359,Guttenberg,NJ,298,3.250
602815,QuikTrip #1497,1721 US-287 Exit 307,Pueblitos,NM,45,2.940
602816,Petro Stopping Center #6927,1198 I-10 Exit 314,Rolling Hills,CA,28,3.792
602817,Roadys Truck Stop #9748,2998 I-80 Exit 327,Mullinville,KS,368,3.039
602818,Pilot Travel Center #8929,3445 I-80 Exit 391,Marshallton,PA,253,3.019
602819,AMBEST #8566,6616 State Hwy 6 Exit 267,Perry,KS,218,2.841
602820,Bosselman Travel Center #9460,8704 US-287 Exit 75,Sully Square,VA,10,3.004
602821,Pilot Travel Center #3851,3168 State Hwy 6 Exit 170,Durant,IA,31,2.740
602822,Sapp Bros #2390,4384 I-40 Exit 50,Woodson,AR,140,2.586
602823,TA Travel Center #744,7357 State Hwy 6 Exit 192,Pukwana,SD,49,3.357
602824,Sapp Bros #3012,9321 US-287 Exit 308,Jeddito,AZ,192,3.465
602825,QuikTrip #7263,969 I-80 Exit 365,Oxford,AR,323,3.046
602826,Road Ranger #1257,596 I-95 Exit 139,Silvis,IL,324,2.918
602827,AMBEST #9393,2796 I-10 Exit 303,Everett,WA,245,4.206
602828,Flying J #8644,7049 I-95 Exit 228,Blandburg,PA,204,3.184
602829,Loves Travel Stop #2450,9402 State Hwy 6 Exit 211,Clearfield,PA,252,3.031
602830,AMBEST #3313,5593 US-287 Exit 324,Dongola,IL,165,3.112
602831,Roadys Truck Stop #1218,4699 I-10 Exit 117,Brandon,SD,62,3.098
602832,AMBEST #8490,3232 I-10 Exit 156,Green Valley,SD,286,3.444
602833,AMBEST #9543,9701 I-10 Exit 186,Big Timber,MT,126,3.624
602834,Pilot Travel Center #622,8616 US-287 Exit 296,Columbia,NJ,22,3.081
602835,Petro Stopping Center #882,583 I-80 Exit 144,East Newark,NJ,54,3.272
602836,Flying J #6726,4221 I-80 Exit 125,Lovilia,IA,252,3.065
602837,Road Ranger #4167,3667 I-40 Exit 105,Oakland,IA,154,3.144
602838,Loves Travel Stop #4889,7306 I-40 Exit 263,Sierra Madre,CA,294,3.587
602839,QuikTrip #6547,2761 I-40 Exit 389,Meadowbrook,CA,246,3.689
602840,AMBEST #4922,2411 I-10 Exit 313,Palmdale,CA,91,3.494
602841,Loves Travel Stop #674,1797 State Hwy 6 Exit 70,Collinsville,MS,254,3.171
602842,TA Travel Center #1425,5681 I-40 Exit 246,Nebraska City,NE,393,2.978
602843,Sapp Bros #424,8133 I-10 Exit 291,Tuckahoe,NY,216,3.100
602844,Petro Stopping Center #1089,4596 I-95 Exit 200,Watsontown,PA,42,3.212
602845,Bosselman Travel Center #6977,5326 I-40 Exit 313,Oakwood,OH,203,2.942
602846,Petro Stopping Center #5849,8033 I-40 Exit 218,Pomona,KS,163,3.201
602847,Road Ranger #8804,7202 I-95 Exit 224,Northwoods,MO,84,3.265
602848,Flying J #7336,8480 US-287 Exit 357,Otranto,IA,385,2.784
602849,QuikTrip #7677,1681 I-10 Exit 238,Margate,FL,63,3.040
602850,Bosselman Travel Center #3294,1515 State Hwy 6 Exit 195,Red Lick,TX,370,3.215
602851,Road Ranger #7936,117 I-10 Exit 386,Harvel,IL,251,3.068
602852,TA Travel Center #7285,9560 State Hwy 6 Exit 397,Douglasville,GA,83,3.010
602853,Road Ranger #4632,5114 US-287 Exit 94,Kitsap Lake,WA,227,3.611
602854,Flying J #101,274 I-80 Exit 311,Scaggsville,MD,280,3.059
602855,QuikTrip #8303,755 State Hwy 6 Exit 147,Montebello,CA,217,3.799
602856,Bosselman Travel Center #5138,9878 I-40 Exit 338,Bratenahl,OH,391,3.003
602857,Kwik Trip #6892,8993 I-10 Exit 376,Mountain Park,GA,156,2.857
602858,Road Ranger #4552,9966 I-10 Exit 100,Amity,IN,358,2.954
602859,TA Travel Center #226,3532 I-10 Exit 298,Gig Harbor,WA,73,4.043
602860,Roadys Truck Stop #8311,7813 I-40 Exit 332,Cinnamon Lake,OH,351,3.277
602861,Flying J #7807,6113 US-287 Exit 378,Mendon,MI,252,2.807
602862,Petro Stopping Center #5468,8031 I-10 Exit 356,Riverbend,WA,198,3.854
602863,Sapp Bros #3612,169 I-95 Exit 74,Friona,TX,134,3.242
602864,Flying J #395,8378 I-40 Exit 114,Richfield,NE,67,2.945
602865,TA Travel Center #2939,5769 State Hwy 6 Exit 190,Chino Hills,CA,10,3.658
602866,Roadys Truck Stop #6542,5112 I-80 Exit 355,Florence Graham,CA,192,3.771
602867,Road Ranger #149,9471 US-287 Exit 162,Crenshaw,PA,190,3.333
602868,QuikTrip #3907,1706 US-287 Exit 395,Wellington,FL,292,2.897
602869,TA Travel Center #7045,7012 I-80 Exit 75,Bolton,NC,337,3.019
602870,Pilot Travel Center #3400,9200 I-80 Exit 349,Swea City,IA,258,3.296
602871,Pilot Travel Center #7985,1251 I-40 Exit 26,Hopkins,MN,74,3.123
602872,Road Ranger #8753,7121 US-287 Exit 58,Eckley,CO,323,3.501
602873,QuikTrip #9726,4020 I-95 Exit 309,Cottage Grove,MN,200,2.953
602874,AMBEST #3767,3427 I-80 Exit 259,Forest Glen,MD,101,2.920
602875,Road Ranger #3309,8734 State Hwy 6 Exit 220,Kane,IL,284,2.857
602876,Roadys Truck Stop #8652,9616 I-95 Exit 77,Mccurtain,OK,177,3.015
602877,Kwik Trip #2111,7430 I-80 Exit 286,Donahue,IA,369,2.904
602878,Roadys Truck Stop #5811,3057 I-10 Exit 73,Bradner,OH,128,3.179
602879,Sapp Bros #708,8147 I-10 Exit 309,Oakland,NJ,364,3.006
602880,Kwik Trip #8136,3914 I-10 Exit 324,Lowes Island,VA,185,2.979
602881,TA Travel Center #1967,9598 I-95 Exit 268,Turon,KS,13,3.009
602882,Bosselman Travel Center #6717,599 I-10 Exit 101,Orwin,PA,107,3.229
602883,Petro Stopping Center #2991,9836 I-95 Exit 372,West Hempstead,NY,180,3.246
602884,TA Travel Center #2627,6790 I-10 Exit 324,Herndon,PA,223,3.147
602885,TA Travel Center #8858,1544 I-40 Exit 231,Roachdale,IN,207,2.818
602886,QuikTrip #8919,6871 State Hwy 6 Exit 344,Stone Park,IL,365,3.201
602887,Flying J #9959,7999 I-40 Exit 273,Benson,IL,35,3.140
602888,AMBEST #9540,7273 US-287 Exit 221,Manson,IA,257,3.100
602889,Bosselman Travel Center #9414,3830 I-80 Exit 17,Delano,PA,186,3.131
602890,Pilot Travel Center #7054,2685 US-287 Exit 72,Summerset,SD,199,3.550
602891,Loves Travel Stop #1006,3956 I-80 Exit 78,Heathcote,NJ,144,3.344
602892,QuikTrip #3177,6482 US-287 Exit 56,Otwell,IN,271,3.038
602893,Kwik Trip #4585,1919 I-95 Exit 275,Lake View,AL,210,3.015
602894,TA Travel Center #9607,5033 I-40 Exit 205,Rossmoor,CA,122,3.602
602895,Sapp Bros #7842,3089 US-287 Exit 240,Mulkeytown,IL,207,3.193
602896,Sapp Bros #7895,2515 State Hwy 6 Exit 339,Elwood,NE,359,3.036
602897,Kwik Trip #5388,665 I-40 Exit 239,Kingstowne,VA,72,2.826
602898,Petro Stopping Center #3812,8425 I-10 Exit 365,Madison,MO,356,2.992
602899,Sapp Bros #8696,235 I-40 Exit 297,Garwin,IA,319,3.243
602900,Roadys Truck Stop #7205,9413 I-80 Exit 358,Woonsocket,SD,138,2.866
602901,AMBEST #5228,368 US-287 Exit 34,Forest Park,OK,137,2.995
602902,QuikTrip #3761,5748 I-10 Exit 311,Galatia,KS,250,3.081
602903,Sapp Bros #4576,3797 US-287 Exit 165,Spanish Lake,MO,121,3.393
602904,Bosselman Travel Center #9362,6518 I-40 Exit 367,Struthers,OH,32,3.073
602905,QuikTrip #8283,9502 I-95 Exit 326,Sumner,WA,228,3.831
602906,TA Travel Center #7133,5137 State Hwy 6 Exit 374,Lake Hamilton,AR,346,3.050
602907,Loves Travel Stop #5404,4064 I-80 Exit 18,Chevy Chase Heights,PA,6,3.102
602908,QuikTrip #6052,1081 State Hwy 6 Exit 215,Dowagiac,MI,314,3.120
602909,QuikTrip #7258,9324 I-80 Exit 276,Sunset,FL,355,3.082
602910,Petro Stopping Center #5971,4037 I-95 Exit 194,Kykotsmovi Village,AZ,333,3.518
602911,Bosselman Travel Center #260,2017 State Hwy 6 Exit 265,Fontana,CA,37,3.897
602912,Pilot Travel Center #8258,5703 I-40 Exit 28,Granville,IL,13,3.445
602913,Roadys Truck Stop #1425,5801 US-287 Exit 272,Lime Ridge,PA,178,3.198
602914,Bosselman Travel Center #2668,2453 US-287 Exit 132,Newfoundland,NJ,164,3.038
602915,Sapp Bros #7245,5649 I-80 Exit 109,Tallula,IL,93,3.180
602916,Kwik Trip #5164,4681 I-40 Exit 98,Congers,NY,319,3.195
602917,Bosselman Travel Center #9514,6221 I-10 Exit 44,Ackley,IA,229,2.918
602918,Flying J #948,4007 I-95 Exit 41,Cowlington,OK,163,3.166
602919,Roadys Truck Stop #9664,5459 I-95 Exit 22,Chain Lake,WA,247,4.201
602920,AMBEST #7232,9893 US-287 Exit 363,Garden View,PA,34,3.116
602921,Pilot Travel Center #7167,3518 State Hwy 6 Exit 58,Banning,CA,334,3.708
602922,Kwik Trip #8041,4872 I-40 Exit 361,Three Lakes,FL,258,2.635
602923,AMBEST #1952,1146 State Hwy 6 Exit 98,Chickasha,OK,13,3.028
602924,Bosselman Travel Center #3855,8789 I-80 Exit 36,Vernon,CA,142,3.472
602925,Sapp Bros #2268,9032 State Hwy 6 Exit 266,Oak Grove,AL,299,2.833
602926,Bosselman Travel Center #6596,2311 I-95 Exit 296,Platte Woods,MO,121,2.938
602927,Pilot Travel Center #3165,9152 US-287 Exit 29,Syracuse,NE,185,3.244
602928,Pilot Travel Center #5349,6380 I-40 Exit 287,Barling,AR,98,3.192
602929,Road Ranger #1850,9454 I-40 Exit 77,Flower Mound,TX,335,2.959
602930,Road Ranger #9050,5898 I-10 Exit 271,Athens,TX,291,3.098
602931,Roadys Truck Stop #5440,4416 I-95 Exit 283,Ford Heights,IL,35,2.966
602932,Pilot Travel Center #9835,4061 I-95 Exit 220,Waterman,IL,181,3.057
602933,Petro Stopping Center #7621,1236 I-95 Exit 395,Byrnes Mill,MO,96,3.265
602934,Pilot Travel Center #6207,4253 I-95 Exit 235,Villa Park,IL,157,2.961
602935,Kwik Trip #7832,705 US-287 Exit 205,Rest Haven,IL,195,3.116
602936,Road Ranger #874,6187 State Hwy 6 Exit 4,Graceville Colony,SD,300,3.217
602937,AMBEST #5158,4559 I-10 Exit 201,Deans,NJ,56,2.868
602938,TA Travel Center #3723,5580 I-40 Exit 214,Central Gardens,TX,203,3.238
602939,AMBEST #6243,6262 State Hwy 6 Exit 29,Timberlake,NM,185,3.569
602940,Pilot Travel Center #8477,6010 I-10 Exit 191,Burtons Bridge,IL,357,3.131
602941,QuikTrip #7115,5503 State Hwy 6 Exit 276,Montezuma,OH,295,3.156
602942,Bosselman Travel Center #4173,9662 I-40 Exit 309,Little River Academy,TX,158,3.355
602943,QuikTrip #4467,3798 State Hwy 6 Exit 78,Goldfield,IA,291,3.135
602944,Flying J #5434,2597 I-40 Exit 356,Downers Grove,IL,393,3.057
602945,Bosselman Travel Center #6450,399 I-95 Exit 64,Montandon,PA,14,3.205
602946,Petro Stopping Center #8244,1267 US-287 Exit 96,Muscatine,IA,129,3.230
602947,AMBEST #3833,2858 I-40 Exit 52,Sun Village,CA,39,3.763
602948,TA Travel Center #7257,6924 I-10 Exit 69,Clinton,IA,121,2.892
602949,QuikTrip #7473,3248 I-10 Exit 283,Penns Creek,PA,56,3.173
602950,Flying J #221,8902 I-80 Exit 51,Grand Rapids,OH,135,2.689
602951,Sapp Bros #2762,4194 State Hwy 6 Exit 274,Hillside,IL,394,3.131
602952,Roadys Truck Stop #3653,3312 I-10 Exit 93,Darlington,WI,264,2.996
602953,QuikTrip #4429,2613 US-287 Exit 214,Frytown,IA,164,2.797
602954,Kwik Trip #6533,6881 I-95 Exit 18,Harrisburg,MO,383,3.279
602955,AMBEST #5566,9173 I-40 Exit 17,Lake Park,FL,26,2.868
602956,Bosselman Travel Center #5829,3626 I-95 Exit 60,Shirley,IL,168,2.722
602957,QuikTrip #6202,970 I-40 Exit 161,Villisca,IA,139,3.128
602958,Road Ranger #5556,7539 I-95 Exit 55,Falkland,NC,287,3.246
602959,AMBEST #908,7978 State Hwy 6 Exit 318,Chestnut Hill,PA,365,3.161
602960,Road Ranger #1846,4721 I-95 Exit 267,Buncombe,IL,59,2.830
602961,Sapp Bros #1970,4932 US-287 Exit 219,Panama,OK,209,3.223
602962,Bosselman Travel Center #5688,4237 I-40 Exit 233,Carlisle,AR,48,3.154
602963,Pilot Travel Center #161,6762 US-287 Exit 213,Adams,MN,73,3.259
602964,Kwik Trip #9165,6031 US-287 Exit 161,Goodenow,IL,342,3.004
602965,Sapp Bros #3949,6637 I-80 Exit 255,Hedley,TX,255,3.046
602966,Bosselman Travel Center #5870,9922 I-40 Exit 87,Texola,OK,340,3.246
602967,Flying J #4614,4713 I-80 Exit 120,Rodessa,LA,288,3.154
602968,TA Travel Center #6345,7129 US-287 Exit 262,Minturn,AR,159,3.147
602969,Bosselman Travel Center #1864,8726 I-10 Exit 201,Thayer,MO,50,2.910
602970,Kwik Trip #8566,3928 State Hwy 6 Exit 112,Green Acres,CA,365,3.971
602971,Sapp Bros #8906,1079 I-10 Exit 192,Newcomb,NM,385,3.451
602972,Sapp Bros #1444,3371 I-40 Exit 347,Diaz,AR,101,3.106
602973,Sapp Bros #7161,1962 I-40 Exit 228,Seymour,MO,3,3.156
602974,QuikTrip #3174,4967 US-287 Exit 234,Mcneil,AR,296,3.187
602975,Flying J #7400,2898 I-10 Exit 90,Orange,TX,117,3.025
602976,Road Ranger #1906,8006 State Hwy 6 Exit 39,North Newton,KS,313,2.774
602977,Road Ranger #6773,9235 I-80 Exit 88,Hills And Dales,OH,178,2.935
602978,Kwik Trip #4578,3328 I-40 Exit 111,Lisbon,IL,325,3.073
602979,Road Ranger #5246,8219 US-287 Exit 8,Aurora,CO,271,3.177
602980,Pilot Travel Center #7499,3299 I-95 Exit 245,Cheneyville,LA,78,3.050
602981,Bosselman Travel Center #6979,1809 I-10 Exit 250,Brook Highland,AL,178,2.862
602982,Bosselman Travel Center #9467,1010 State Hwy 6 Exit 64,Oakford,IL,260,3.182
602983,Flying J #4837,4401 I-80 Exit 169,La Rose,IL,64,3.130
602984,Sapp Bros #4371,5568 US-287 Exit 40,Athens,IL,300,3.104
602985,AMBEST #2165,4841 I-40 Exit 189,Baring,MO,67,2.902
602986,Petro Stopping Center #9064,4214 I-40 Exit 35,Bovina,MS,219,2.988
602987,Loves Travel Stop #7496,885 I-10 Exit 342,Renfrew,PA,195,3.084
602988,Petro Stopping Center #5112,5431 I-80 Exit 126,Koontz Lake,IN,253,3.467
602989,Road Ranger #5826,3036 I-40 Exit 50,Cade Lakes,TX,185,2.979
602990,Roadys Truck Stop #1888,6319 I-10 Exit 153,Edgewood,WA,40,3.977
602991,Sapp Bros #7866,3833 I-80 Exit 244,Thorsby,AL,218,3.172
602992,Pilot Travel Center #1552,3403 US-287 Exit 37,Seal Beach,CA,323,3.546
602993,QuikTrip #8403,1227 I-40 Exit 317,Crown,PA,3,2.873
602994,QuikTrip #1773,5000 US-287 Exit 53,Slippery Rock,PA,160,3.109
602995,Bosselman Travel Center #5972,1716 US-287 Exit 299,Eastpointe,MI,354,3.017
602996,Flying J #8990,8068 I-80 Exit 197,Sun Valley Lake,IA,282,2.965
602997,Pilot Travel Center #7751,2964 I-95 Exit 202,Arden On The Severn,MD,219,3.022
602998,Kwik Trip #912,8867 US-287 Exit 124,Eau Claire,MI,267,2.775
602999,Kwik Trip #1223,6368 I-95 Exit 160,Saint Petersburg,PA,272,3.213
603000,TA Travel Center #3301,480 I-95 Exit 310,Cavalero,WA,17,4.074
603001,QuikTrip #386,5207 I-10 Exit 198,Princeton,KS,142,3.072
603002,Pilot Travel Center #212,6287 I-10 Exit 2,Bear Flat,AZ,134,3.492
603003,Sapp Bros #2137,879 I-95 Exit 43,Lake Of The Woods,AZ,263,3.330
603004,Pilot Travel Center #3005,8176 I-10 Exit 194,Loves Park,IL,123,3.118
603005,Road Ranger #2372,7587 I-80 Exit 86,Meservey,IA,106,3.133
603006,Roadys Truck Stop #5408,1070 US-287 Exit 107,Poolesville,MD,75,2.953
603007,AMBEST #6421,834 US-287 Exit 300,Jones,OK,25,3.092
603008,Flying J #5463,2407 I-80 Exit 215,Upper Brookville,NY,388,3.212
603009,AMBEST #6097,4362 I-95 Exit 106,Wilburton,OK,27,3.343
603010,Sapp Bros #3527,9329 State Hwy 6 Exit 98,Shadow Lake,WA,394,3.854
603011,Petro Stopping Center #6148,1681 I-80 Exit 347,Rochester,IL,338,2.943
603012,Roadys Truck Stop #4949,2476 State Hwy 6 Exit 31,North Bend,WA,325,4.106
603013,Roadys Truck Stop #1114,517 I-95 Exit 288,Mount Vernon,NY,319,3.062
603014,Petro Stopping Center #281,5248 I-40 Exit 133,Buckholts,TX,336,2.954
603015,Road Ranger #4070,1975 State Hwy 6 Exit 149,Van,TX,47,3.083
603016,Loves Travel Stop #3378,7214 US-287 Exit 215,Kettering,MD,159,2.844
603017,Road Ranger #909,2662 I-10 Exit 185,Satartia,MS,148,3.085
603018,Pilot Travel Center #790,6862 I-80 Exit 277,Kingsford Heights,IN,386,3.026
603019,AMBEST #9523,3100 I-80 Exit 97,College Station,AR,267,3.017
603020,QuikTrip #3174,8910 I-10 Exit 306,Hayti,MO,164,3.203
603021,Bosselman Travel Center #5025,6117 I-95 Exit 290,Big Bow,KS,86,3.276
603022,QuikTrip #4666,8064 US-287 Exit 91,Woodburn,IA,306,3.141
603023,Petro Stopping Center #7394,7610 US-287 Exit 204,West Unity,OH,188,3.056
603024,Kwik Trip #5557,7237 I-80 Exit 275,Diamond,IL,97,3.186
603025,Roadys Truck Stop #8135,6782 State Hwy 6 Exit 178,Elizaville,IN,396,2.969
603026,Road Ranger #153,1382 I-80 Exit 66,Gordon,PA,322,3.121
603027,Loves Travel Stop #4120,3778 I-10 Exit 390,New Haven,MO,359,3.260
603028,Flying J #4388,3025 I-40 Exit 155,Rio Lucio,NM,148,3.303
603029,Road Ranger #8477,3614 US-287 Exit 148,Dexter,IA,347,3.120
603030,QuikTrip #4827,9338 I-95 Exit 270,New Square,NY,365,2.941
603031,AMBEST #3885,7062 I-95 Exit 103,Traskwood,AR,288,2.968
603032,Sapp Bros #4791,3624 I-40 Exit 320,Brandonville,PA,99,2.938
603033,Sapp Bros #4177,5664 I-80 Exit 33,Somonauk,IL,181,3.200
603034,Petro Stopping Center #6322,6980 I-40 Exit 222,Cuyahoga Falls,OH,273,3.135
603035,Road Ranger #9504,9358 I-10 Exit 377,Opelousas,LA,78,3.114
603036,Loves Travel Stop #5964,7895 US-287 Exit 213,Peru,PA,54,3.066
603037,Pilot Travel Center #9038,860 I-10 Exit 40,Streamwood,IL,20,3.199
603038,TA Travel Center #3041,1780 I-10 Exit 72,Iowa,LA,108,2.684
603039,Bosselman Travel Center #5641,6053 I-40 Exit 92,Fort Belvoir,VA,50,3.180
603040,Kwik Trip #3777,2334 I-80 Exit 79,Taopi,MN,285,2.980
603041,Sapp Bros #4349,1717 US-287 Exit 65,Rowena,SD,85,3.056
603042,TA Travel Center #6857,2190 I-40 Exit 152,Dora,AR,136,3.101
603043,Sapp Bros #3424,7879 I-40 Exit 173,Rosebud,PA,331,3.233
603044,Bosselman Travel Center #6535,8103 I-95 Exit 226,Spaulding,IL,253,3.113
603045,Kwik Trip #8292,628 I-40 Exit 348,Jupiter Farms,FL,64,2.764
603046,Loves Travel Stop #3508,3026 State Hwy 6 Exit 275,Negley,OH,153,2.867
603047,TA Travel Center #3306,2965 I-10 Exit 352,Plandome Manor,NY,202,3.147
603048,Petro Stopping Center #6891,765 I-80 Exit 99,Hurst,TX,368,3.218
603049,Roadys Truck Stop #9318,3184 I-40 Exit 18,Charleston,MO,175,2.842
603050,Flying J #2983,3380 I-10 Exit 281,Farmington,WA,52,3.851
603051,Sapp Bros #4905,5682 US-287 Exit 71,South San Gabriel,CA,233,4.069
603052,Road Ranger #7788,7260 I-10 Exit 399,Picayune,MS,83,2.903
603053,AMBEST #6341,208 I-80 Exit 111,Allenville,MO,169,3.020
603054,AMBEST #9656,3912 I-40 Exit 319,Pluckemin,NJ,314,3.102
603055,Bosselman Travel Center #8850,7203 I-95 Exit 311,Jeffersonville,IL,41,2.931
603056,QuikTrip #9286,7253 State Hwy 6 Exit 292,South Philipsburg,PA,201,2.993
603057,Bosselman Travel Center #9462,9376 I-80 Exit 342,Summitville,IN,269,3.670
603058,AMBEST #2120,9408 US-287 Exit 288,Linden,NJ,350,2.899
603059,QuikTrip #4570,6469 I-40 Exit 89,Kamrar,IA,121,3.173
603060,Road Ranger #243,691 I-80 Exit 149,Thornton,TX,47,3.022
603061,Sapp Bros #5618,1952 State Hwy 6 Exit 168,Kingston,WA,267,3.962
603062,QuikTrip #3552,5559 I-80 Exit 104,Dana,IL,85,2.721
603063,QuikTrip #661,2239 I-95 Exit 397,Baldwin,NY,304,2.949
603064,Roadys Truck Stop #8318,7190 I-95 Exit 189,Big Bass Lake,PA,277,2.986
603065,Road Ranger #4500,3582 I-40 Exit 46,Jerome,IN,198,3.118
603066,Road Ranger #6737,5908 I-40 Exit 157,Mcnair,VA,359,3.123
603067,Bosselman Travel Center #4246,7663 I-80 Exit 315,Melmore,OH,207,3.064
603068,Petro Stopping Center #3392,1380 I-40 Exit 175,Leando,IA,182,2.831
603069,QuikTrip #8214,1187 I-10 Exit 24,Crestwood,MO,105,2.808
603070,TA Travel Center #7652,5515 I-95 Exit 213,Crook City,SD,22,2.820
603071,Kwik Trip #9042,9573 US-287 Exit 281,Orland Colony,SD,197,3.001
603072,Sapp Bros #8642,5005 I-80 Exit 131,Belknap,IL,83,2.905
603073,Flying J #1735,4388 I-95 Exit 142,Brush,CO,394,3.187
603074,TA Travel Center #5762,9081 State Hwy 6 Exit 24,Raglesville,IN,218,3.310
603075,TA Travel Center #180,8491 I-40 Exit 283,Seven Hills,OH,23,3.072
603076,Bosselman Travel Center #9680,1991 US-287 Exit 64,Ainsworth,IA,155,3.044
603077,Road Ranger #1801,4881 I-40 Exit 184,Sunset Hills,MO,31,3.038
603078,Loves Travel Stop #4067,4462 State Hwy 6 Exit 323,Shady Point,OK,140,3.021
603079,Road Ranger #2746,9953 I-10 Exit 206,Burlington,TX,113,3.074
603080,TA Travel Center #2914,6849 US-287 Exit 232,Opdyke,IL,70,2.935
603081,Sapp Bros #4473,3691 I-10 Exit 295,Dalzell,IL,379,3.185
603082,Flying J #9925,6618 I-40 Exit 149,Sandyville,IA,65,2.988
603083,Petro Stopping Center #528,8896 I-40 Exit 233,Campbell,OH,145,3.055
603084,Sapp Bros #3987,9458 I-10 Exit 360,Thor,IA,375,2.975
603085,Roadys Truck Stop #8749,5628 I-10 Exit 96,Clintondale,PA,232,3.201
603086,Roadys Truck Stop #8343,2998 I-40 Exit 292,Holcomb,MO,51,2.647
603087,Kwik Trip #9093,1772 I-80 Exit 79,Andrews,IN,158,3.149
603088,Roadys Truck Stop #2114,4354 I-80 Exit 393,Miller,NE,275,2.929
603089,Pilot Travel Center #8098,126 I-80 Exit 5,Rose Hills,CA,312,3.687
603090,Road Ranger #350,7232 I-10 Exit 127,Argo,IA,184,2.906
603091,Loves Travel Stop #5312,1368 I-40 Exit 241,Moscow Mills,MO,175,2.996
603092,QuikTrip #999,2316 I-10 Exit 180,Montross,VA,105,2.960
603093,Flying J #8273,9906 State Hwy 6 Exit 1,Alex,OK,273,2.996
603094,AMBEST #3961,7762 State Hwy 6 Exit 177,Reston,VA,282,3.163
603095,QuikTrip #3050,6125 I-80 Exit 240,Deep River,IA,45,3.050
603096,Loves Travel Stop #5397,3875 I-80 Exit 117,Sussex,VA,13,3.051
603097,Pilot Travel Center #3371,3153 US-287 Exit 196,Mentor On The Lake,OH,295,3.248
603098,QuikTrip #4219,1200 I-80 Exit 121,West Falls Church,VA,36,2.977
603099,Loves Travel Stop #5945,1598 I-95 Exit 213,Pompton Lakes,NJ,258,3.110
603100,Kwik Trip #5033,2686 I-80 Exit 212,Reinbeck,IA,336,3.243
603101,Roadys Truck Stop #3335,1523 US-287 Exit 155,Brooklyn,IN,109,3.424
603102,Bosselman Travel Center #580,3480 I-10 Exit 335,Budd Lake,NJ,160,3.127
603103,Road Ranger #9412,2025 I-80 Exit 39,Warren City,TX,183,3.110
603104,Flying J #6312,7179 State Hwy 6 Exit 46,Kempton,IN,107,2.863
603105,Roadys Truck Stop #5115,6960 I-10 Exit 101,Renningers,PA,169,3.424
603106,Sapp Bros #2865,3110 I-95 Exit 387,Goldville,AL,328,3.206
603107,TA Travel Center #3582,2380 US-287 Exit 352,Dallas,TX,111,3.157
603108,Sapp Bros #3163,9858 State Hwy 6 Exit 391,Saint Paul,AR,314,2.860
603109,Bosselman Travel Center #3568,4288 I-95 Exit 209,Ravenna,TX,182,3.237
603110,Kwik Trip #4030,3724 US-287 Exit 91,Pasadena Park,MO,62,3.036
603111,AMBEST #8229,102 I-10 Exit 199,West Hill,OH,151,3.273
603112,Loves Travel Stop #2453,3315 I-10 Exit 378,Cloud Lake,FL,329,2.954
603113,Loves Travel Stop #5399,4702 I-40 Exit 80,Manchaca,TX,158,3.048
603114,Flying J #236,7514 US-287 Exit 8,Allport,PA,55,3.278
603115,Roadys Truck Stop #3324,2422 State Hwy 6 Exit 325,Totowa,NJ,11,3.327
603116,Bosselman Travel Center #1984,4240 I-40 Exit 9,Elgin,OH,346,3.024
603117,Sapp Bros #2154,6332 I-95 Exit 322,Butler,AL,204,3.119
603118,Petro Stopping Center #2838,7709 I-80 Exit 374,Hialeah Gardens,FL,38,3.311
603119,TA Travel Center #6755,4384 I-10 Exit 161,Delight,AR,146,3.078
603120,Kwik Trip #7981,7202 State Hwy 6 Exit 338,Neponset,IL,157,3.281
603121,Roadys Truck Stop #7953,3146 State Hwy 6 Exit 306,Kenney,IL,264,2.987
603122,Loves Travel Stop #3908,3477 I-80 Exit 68,Indian Creek,IL,250,3.163
603123,Bosselman Travel Center #9290,9113 I-80 Exit 49,Big Bear City,CA,232,3.883
603124,Roadys Truck Stop #8029,2076 I-95 Exit 291,Shelby,MS,198,3.021
603125,Loves Travel Stop #4959,9978 US-287 Exit 320,Arizona Village,AZ,49,3.682
603126,Petro Stopping Center #7631,5911 State Hwy 6 Exit 64,West Plains,MO,213,2.924
603127,Road Ranger #781,3521 I-95 Exit 145,Centre Hall,PA,299,3.526
603128,TA Travel Center #6626,579 State Hwy 6 Exit 264,Miller City,OH,95,2.945
603129,TA Travel Center #8320,7610 I-95 Exit 161,Moshannon,PA,364,2.970
603130,Loves Travel Stop #276,9366 State Hwy 6 Exit 196,Heartwell,NE,36,3.276
603131,AMBEST #6139,2880 I-95 Exit 98,Caldwell,AR,81,2.983
603132,QuikTrip #8747,9915 I-40 Exit 281,Chatsworth,IL,259,2.669
603133,Sapp Bros #809,7039 I-95 Exit 8,Washington Grove,MD,98,3.321
603134,Flying J #4779,8007 I-10 Exit 374,Shanor Northvue,PA,390,3.179
603135,Road Ranger #1266,1383 I-80 Exit 26,Hawthorne,NY,71,3.054
603136,AMBEST #2376,3939 I-95 Exit 321,Oneida,AR,186,3.032
603137,AMBEST #9492,5515 I-10 Exit 50,Lakeland Village,CA,356,3.562
603138,TA Travel Center #676,7713 I-80 Exit 76,Dahlgren Center,VA,101,2.853
603139,Pilot Travel Center #3453,4073 US-287 Exit 377,Greenville,IA,284,3.185
603140,Kwik Trip #5987,1207 I-40 Exit 358,Fort Towson,OK,62,3.126
603141,Flying J #9644,8244 I-10 Exit 241,Sugar Hill,GA,125,2.779
603142,Bosselman Travel Center #2677,7292 I-95 Exit 240,Bloomingdale,IL,200,3.036
603143,QuikTrip #8840,2662 I-80 Exit 201,Belle Chasse,LA,4,2.800
603144,TA Travel Center #2233,9818 State Hwy 6 Exit 389,Jasper,MN,209,2.957
603145,Sapp Bros #1804,5090 US-287 Exit 352,Platte Colony,SD,134,3.279
603146,QuikTrip #4536,3343 I-40 Exit 207,Seagoville,TX,80,2.892
603147,Pilot Travel Center #6360,8748 I-40 Exit 159,Lindrith,NM,347,3.238
603148,AMBEST #4994,9373 I-95 Exit 321,West Miami,FL,64,2.644
603149,Bosselman Travel Center #8386,7293 I-80 Exit 26,Lorena,TX,89,3.169
603150,Loves Travel Stop #3515,265 I-40 Exit 266,Goldsboro,NC,140,2.863
603151,Flying J #3679,9684 I-40 Exit 149,Sandy Point,TX,44,2.799
603152,Loves Travel Stop #7276,9781 State Hwy 6 Exit 128,New Weston,OH,100,2.981
603153,Pilot Travel Center #5631,121 State Hwy 6 Exit 386,Lyndon,IL,144,2.958
603154,Petro Stopping Center #4734,4016 I-80 Exit 226,Elizabethtown,IL,50,2.987
603155,Bosselman Travel Center #2821,9445 I-95 Exit 333,Fayetteville,AL,4,3.141
603156,AMBEST #4420,1926 State Hwy 6 Exit 45,Belleville,PA,346,3.246
603157,Roadys Truck Stop #9797,3591 I-10 Exit 210,Burns Harbor,IN,92,3.088
603158,Road Ranger #8721,5514 I-40 Exit 336,Menifee,AR,334,3.090
603159,Roadys Truck Stop #3911,2274 I-80 Exit 260,Metropolis,IL,54,3.061
603160,Road Ranger #5345,8009 I-10 Exit 341,Lakota,IA,151,3.141
603161,Loves Travel Stop #717,4079 State Hwy 6 Exit 211,Lakeside,CO,82,3.514
603162,Sapp Bros #9946,4486 I-40 Exit 368,Champion,NE,168,3.573
603163,TA Travel Center #6000,8850 I-80 Exit 270,Mercer Island,WA,180,4.084
603164,Sapp Bros #8178,8570 I-40 Exit 61,Mobeetie,TX,211,3.280
603165,Petro Stopping Center #4655,7206 State Hwy 6 Exit 257,North Lima,OH,141,3.117
603166,Flying J #2895,1061 I-40 Exit 398,Sheridan,MO,31,3.009
603167,TA Travel Center #9994,1754 US-287 Exit 267,Lithonia,GA,396,3.229
603168,Sapp Bros #2078,1712 I-95 Exit 189,Cedar Park,TX,270,2.805
603169,Loves Travel Stop #2078,971 I-40 Exit 147,Ferndale,MI,197,3.211
603170,Road Ranger #6173,4195 US-287 Exit 325,Vance,AL,304,3.043
603171,Roadys Truck Stop #8445,2770 I-95 Exit 304,Sellersville,PA,8,3.194
603172,Pilot Travel Center #8912,1962 I-80 Exit 355,Roxton,TX,125,3.114
603173,Sapp Bros #7125,3832 I-40 Exit 205,Chamisal,NM,254,3.416
603174,TA Travel Center #7521,1657 State Hwy 6 Exit 288,Bladen,NE,299,3.029
603175,TA Travel Center #7688,8761 I-10 Exit 285,Beech Grove,IN,285,3.048
603176,AMBEST #7634,1568 I-95 Exit 40,Ridgway,IL,316,3.247
603177,Flying J #8812,3860 US-287 Exit 256,Lexington,OK,343,3.322
603178,Sapp Bros #1553,306 I-10 Exit 391,Santa Monica,CA,380,3.518
603179,Road Ranger #4286,7871 I-80 Exit 1,West Palm Beach,FL,322,2.845
603180,Kwik Trip #2796,1646 I-80 Exit 59,Breckenridge Hills,MO,361,3.031
603181,Loves Travel Stop #4983,8475 I-80 Exit 160,Boulder,CO,323,3.427
603182,Road Ranger #5029,3934 I-40 Exit 141,Coal City,IL,390,3.044
603183,Petro Stopping Center #5164,6355 I-95 Exit 238,Larchmont,NY,273,2.990
603184,Sapp Bros #9317,6861 I-80 Exit 154,Cumby,TX,297,2.933
603185,Pilot Travel Center #448,1598 I-95 Exit 232,Lynnville,IN,215,2.790
603186,Flying J #4142,4634 US-287 Exit 4,Burns Flat,OK,32,3.107
603187,Petro Stopping Center #1803,6064 I-40 Exit 342,Country Life Acres,MO,45,3.083
603188,Pilot Travel Center #7362,6472 State Hwy 6 Exit 37,Stout,IA,245,3.153
603189,Pilot Travel Center #6442,1841 State Hwy 6 Exit 351,Loudoun Valley Estates,VA,371,2.844
603190,Roadys Truck Stop #5192,8922 I-10 Exit 70,Elburn,IL,329,3.259
603191,Pilot Travel Center #9919,8655 State Hwy 6 Exit 65,Duvall,WA,272,3.846
603192,Loves Travel Stop #8486,1830 I-95 Exit 200,Oregon,IL,294,3.293
603193,Roadys Truck Stop #2388,3808 US-287 Exit 131,Cimarron,NM,132,3.479
603194,TA Travel Center #5164,8266 State Hwy 6 Exit 88,Wheatley,AR,43,3.085
603195,Flying J #9450,6816 I-80 Exit 333,Sandy Ridge,PA,207,3.241
603196,Bosselman Travel Center #1318,6787 I-40 Exit 339,Dauberville,PA,140,3.303
603197,Bosselman Travel Center #4925,1894 State Hwy 6 Exit 377,Millwood,NY,359,3.153
603198,Bosselman Travel Center #568,1124 State Hwy 6 Exit 29,Rock Creek,OH,358,3.190
603199,Roadys Truck Stop #7038,8734 State Hwy 6 Exit 125,Konterra,MD,225,3.246
603200,Sapp Bros #9189,9536 I-80 Exit 178,South Saint Paul,MN,263,3.325
603201,Petro Stopping Center #935,5092 State Hwy 6 Exit 21,Flagtown,NJ,399,3.192
603202,QuikTrip #1547,2703 State Hwy 6 Exit 163,Philipsburg,MT,199,3.540
603203,Sapp Bros #6393,4659 I-40 Exit 349,Thornwood,NY,220,3.024
603204,QuikTrip #1658,5591 State Hwy 6 Exit 396,Saint Francis,AR,58,3.199
603205,Loves Travel Stop #2047,2399 I-40 Exit 254,Riverpoint,WA,10,4.117
603206,Pilot Travel Center #5631,8725 I-95 Exit 99,Berne,IN,392,3.245
603207,Sapp Bros #9433,7026 State Hwy 6 Exit 324,Black Oak,AR,302,3.148
603208,Roadys Truck Stop #3088,6023 I-10 Exit 174,Mountainair,NM,71,3.057
603209,Sapp Bros #7643,6998 I-40 Exit 179,Hicksville,OH,15,3.002
603210,Flying J #3172,5788 I-95 Exit 322,Maumee,OH,263,2.729
603211,AMBEST #4329,8873 I-40 Exit 265,Pine Grove Mills,PA,214,3.253
603212,AMBEST #8562,3232 I-40 Exit 130,Swink,OK,105,3.098
603213,Petro Stopping Center #2476,2738 I-95 Exit 309,Westminster,TX,341,3.170
603214,Flying J #2242,2129 I-10 Exit 354,Hanover,IL,2,2.924
603215,Loves Travel Stop #4039,3688 I-95 Exit 279,Baroda,MI,290,3.110
603216,Pilot Travel Center #4696,220 I-40 Exit 127,Amsterdam,MT,251,3.579
603217,Roadys Truck Stop #5747,9179 US-287 Exit 377,Highland Heights,OH,337,2.802
603218,Loves Travel Stop #5081,794 US-287 Exit 222,Pinecroft,PA,171,2.954
603219,Road Ranger #106,2525 US-287 Exit 231,Hartsburg,IL,281,2.829
603220,Bosselman Travel Center #860,5423 I-95 Exit 29,Noble,IL,74,3.085
603221,AMBEST #7652,9960 I-95 Exit 4,Croton On Hudson,NY,139,2.960
603222,Loves Travel Stop #9846,9526 I-40 Exit 265,Aroma Park,IL,392,3.199
603223,Flying J #8647,6980 US-287 Exit 272,Garyville,LA,387,2.820
603224,Roadys Truck Stop #9713,6893 I-40 Exit 212,Sanford,TX,359,3.180
603225,Flying J #6470,7392 I-10 Exit 244,Groveland,IN,35,2.821
603226,Sapp Bros #3134,9893 State Hwy 6 Exit 367,West Alton,MO,349,3.143
603227,Bosselman Travel Center #5001,3047 I-10 Exit 197,North Olmsted,OH,319,3.365
603228,Road Ranger #8951,7671 I-95 Exit 279,Britton,MI,374,3.295
603229,Loves Travel Stop #4438,1677 I-10 Exit 71,Stanton,CA,133,3.622
603230,QuikTrip #7838,680 US-287 Exit 20,Warrenton,NC,274,3.134
603231,QuikTrip #5635,5637 I-40 Exit 165,Brookville,KS,221,3.223
603232,Kwik Trip #1416,9004 I-10 Exit 382,Nimmons,AR,370,3.165
603233,Kwik Trip #8830,6415 State Hwy 6 Exit 265,Van Alstyne,TX,303,2.986
603234,Loves Travel Stop #3798,9504 I-40 Exit 296,Streetsboro,OH,103,2.761
603235,Kwik Trip #7657,1119 State Hwy 6 Exit 143,Rosanky,TX,367,3.349
603236,Pilot Travel Center #1758,4044 US-287 Exit 320,What Cheer,IA,337,3.263
603237,Kwik Trip #5173,3570 I-95 Exit 383,Highland Park,IL,90,2.825
603238,Loves Travel Stop #5189,372 US-287 Exit 200,Alsace Manor,PA,91,3.002
603239,Petro Stopping Center #7878,8831 State Hwy 6 Exit 352,New Cordell,OK,373,3.199
603240,QuikTrip #3130,3633 State Hwy 6 Exit 340,Fountain Lake,AR,84,3.177
603241,QuikTrip #3823,3910 I-40 Exit 257,Cottonwood,TX,339,2.930
603242,Sapp Bros #4961,5177 State Hwy 6 Exit 336,Utting,AZ,257,3.500
603243,Petro Stopping Center #4179,3026 I-40 Exit 383,Krotz Springs,LA,22,3.137
603244,Petro Stopping Center #9951,6441 I-95 Exit 215,Kings Park West,VA,53,2.897
603245,QuikTrip #7644,3183 I-40 Exit 242,Watauga,TX,290,3.274
603246,Loves Travel Stop #9457,8307 US-287 Exit 204,Holly Ridge,NC,229,2.933
603247,Roadys Truck Stop #1216,7724 I-40 Exit 306,Marathon,IA,295,3.057
603248,Pilot Travel Center #3628,5852 State Hwy 6 Exit 374,Silas,AL,84,3.052
603249,Sapp Bros #8004,6618 I-80 Exit 36,Loomis,NE,30,3.484
603250,Bosselman Travel Center #651,2434 I-95 Exit 14,Deshler,NE,178,3.123
603251,QuikTrip #9772,5726 US-287 Exit 12,Dayton Lakes,TX,13,3.078
603252,Petro Stopping Center #4592,1307 US-287 Exit 219,Chino Valley,AZ,394,3.248
603253,Roadys Truck Stop #4003,776 US-287 Exit 373,Federal Heights,CO,230,3.521
603254,Roadys Truck Stop #2635,3170 I-40 Exit 84,Manitou Beach Devils Lake,MI,59,2.979
603255,QuikTrip #5331,8958 I-95 Exit 92,Desales University,PA,288,3.148
603256,Sapp Bros #3276,7628 I-40 Exit 61,Homeacre Lyndora,PA,382,3.345
603257,Flying J #7933,6529 I-10 Exit 380,Germantown Hills,IL,15,3.334
603258,TA Travel Center #178,3647 I-80 Exit 375,South New Castle,PA,143,3.037
603259,Kwik Trip #3266,2406 I-80 Exit 332,Fernville,PA,239,3.241
603260,Sapp Bros #6988,8153 State Hwy 6 Exit 314,Lake Eliza,IN,139,2.971
603261,Roadys Truck Stop #6456,9034 US-287 Exit 105,Marksville,LA,96,2.915
603262,Petro Stopping Center #8379,4735 I-80 Exit 215,Metuchen,NJ,333,3.524
603263,Kwik Trip #8427,9116 I-10 Exit 19,Gardner,IL,250,2.912
603264,AMBEST #4782,7263 US-287 Exit 272,Fairview,PA,174,3.160
603265,AMBEST #7292,9097 US-287 Exit 202,Rosedale,MS,154,2.822
603266,Bosselman Travel Center #3040,4638 I-80 Exit 230,Leland,IA,291,3.332
603267,Flying J #4447,6422 I-95 Exit 349,Chester Hill,PA,66,3.224
603268,Kwik Trip #6050,1594 State Hwy 6 Exit 178,Tacoma,WA,74,3.738
603269,TA Travel Center #8642,8136 I-80 Exit 168,Wauna,WA,56,4.101
603270,Kwik Trip #6543,4040 US-287 Exit 322,Lafe,AR,35,3.141
603271,Petro Stopping Center #4763,9271 State Hwy 6 Exit 341,Coalville,IA,249,2.932
603272,Roadys Truck Stop #3324,9671 State Hwy 6 Exit 338,Rowan,IA,370,3.174
603273,Loves Travel Stop #398,3266 I-40 Exit 269,Silver Lake,OH,275,2.819
603274,TA Travel Center #8247,8070 I-95 Exit 215,Port Washington North,NY,29,3.199
603275,Roadys Truck Stop #8936,8382 I-95 Exit 343,Keo,AR,196,2.777
603276,Petro Stopping Center #2962,250 US-287 Exit 352,Ogdensburg,NJ,360,3.193
603277,Pilot Travel Center #5415,7811 I-95 Exit 152,Rattan,OK,207,3.176
603278,Roadys Truck Stop #3528,4390 State Hwy 6 Exit 170,Sibley,IA,48,3.417
603279,Kwik Trip #6730,5309 I-40 Exit 178,Charlottsville,PA,120,3.139
603280,Loves Travel Stop #3924,8640 I-80 Exit 322,Humeston,IA,316,3.120
603281,Kwik Trip #8034,868 I-95 Exit 384,Wyndham,VA,375,2.873
603282,Sapp Bros #1870,4252 State Hwy 6 Exit 210,Gotebo,OK,28,3.227
603283,Loves Travel Stop #8196,330 I-10 Exit 180,Opa Locka,FL,291,2.953
603284,Pilot Travel Center #1853,5584 US-287 Exit 355,Caldwell,NJ,85,3.264
603285,TA Travel Center #6451,5150 I-40 Exit 378,New Whiteland,IN,69,3.062
603286,Sapp Bros #5586,2626 I-10 Exit 337,Ralston,NE,377,3.289
603287,Bosselman Travel Center #6019,8067 I-95 Exit 232,Landover Hills,MD,101,3.143
603288,Kwik Trip #4007,2386 I-40 Exit 93,Picuris Pueblo,NM,82,3.305
603289,QuikTrip #2137,1452 I-80 Exit 335,Williams,AZ,42,3.460
603290,Loves Travel Stop #4655,9942 I-95 Exit 27,Bayou Gauche,LA,17,2.978
603291,Road Ranger #8842,4261 State Hwy 6 Exit 352,Alton,MO,162,3.108
603292,QuikTrip #8060,4140 US-287 Exit 352,Lake Roesiger,WA,331,3.782
603293,Flying J #2552,9281 I-80 Exit 118,Mexico,MO,311,3.152
603294,AMBEST #1186,9107 I-10 Exit 124,Fontanet,IN,213,3.113
603295,Roadys Truck Stop #9605,4403 I-95 Exit 265,Hordville,NE,128,3.044
603296,Pilot Travel Center #8691,4548 State Hwy 6 Exit 308,Seis Lagos,TX,265,3.214
603297,QuikTrip #3480,2364 I-95 Exit 233,Peotone,IL,162,2.808
603298,Roadys Truck Stop #2421,7869 I-40 Exit 332,Warrenton,MO,98,3.049
603299,QuikTrip #973,2453 US-287 Exit 154,Ellsworth,KS,201,3.280
603300,Sapp Bros #9339,8976 I-95 Exit 372,Hebron,NE,15,2.987
603301,Bosselman Travel Center #1104,6319 State Hwy 6 Exit 15,Bunker Hill,IL,294,3.010
603302,Pilot Travel Center #6926,2509 State Hwy 6 Exit 149,Monmouth Beach,NJ,208,3.282
603303,Road Ranger #5532,8325 I-95 Exit 290,Autaugaville,AL,303,2.904
603304,Petro Stopping Center #4489,5023 State Hwy 6 Exit 125,Bigler,PA,43,3.055
603305,TA Travel Center #8782,4689 I-80 Exit 352,Williamsport,PA,22,3.000
603306,Petro Stopping Center #9699,4125 I-10 Exit 291,Bunn,NC,23,2.990
603307,Bosselman Travel Center #8548,1608 I-10 Exit 41,Lodi,NJ,74,3.158
603308,Loves Travel Stop #5690,1678 I-80 Exit 331,Garnavillo,IA,351,3.191
603309,Kwik Trip #5899,1382 I-80 Exit 197,Barlow,KY,261,3.023
603310,Loves Travel Stop #6452,5538 I-80 Exit 118,Meta,MO,251,3.211
603311,Pilot Travel Center #120,8905 State Hwy 6 Exit 256,Mead,NE,244,2.972
603312,Pilot Travel Center #3469,2982 I-80 Exit 372,Round Lake Beach,IL,221,3.273
603313,Pilot Travel Center #7895,4063 US-287 Exit 390,Whites Landing,OH,238,2.955
603314,TA Travel Center #7082,7762 US-287 Exit 273,Lake Elsinore,CA,159,3.641
603315,Roadys Truck Stop #4559,3691 I-40 Exit 398,Eldon,IA,32,3.298
603316,TA Travel Center #3676,3900 I-95 Exit 340,Zebulon,NC,182,2.571
603317,Petro Stopping Center #4076,7416 I-10 Exit 223,Effort,PA,247,3.114
603318,Kwik Trip #5717,8915 I-80 Exit 40,Helmetta,NJ,318,3.365
603319,Roadys Truck Stop #4648,5691 I-95 Exit 314,Bradford,AR,215,2.945
603320,Flying J #1626,2331 I-10 Exit 341,Brandermill,VA,41,3.028
603321,TA Travel Center #5928,6091 I-95 Exit 257,Beverly Hills,MI,315,2.830
603322,TA Travel Center #3475,443 State Hwy 6 Exit 279,Ida,LA,62,2.976
603323,Petro Stopping Center #1919,2190 US-287 Exit 240,Odell,IL,11,2.993
603324,Pilot Travel Center #7591,8262 I-95 Exit 361,Barstow,IL,346,2.936
603325,Road Ranger #3154,5017 US-287 Exit 365,Strasburg,MO,176,2.969
603326,QuikTrip #5439,9971 State Hwy 6 Exit 36,Washington,IN,53,3.369
603327,Flying J #1905,6225 I-10 Exit 213,Chewton,PA,270,3.148
603328,AMBEST #779,2238 US-287 Exit 81,Arbela,MO,199,2.983
603329,Petro Stopping Center #5298,9953 I-10 Exit 220,Toronto,IA,119,2.975
603330,Roadys Truck Stop #8756,4797 US-287 Exit 263,Park View,IA,110,3.037
603331,Road Ranger #1730,305 I-95 Exit 8,Wren,OH,99,3.223
603332,Sapp Bros #8348,7902 I-80 Exit 194,Van Wert,OH,98,2.919
603333,AMBEST #3171,7858 US-287 Exit 18,Gillette,WY,96,3.355
603334,TA Travel Center #6471,5108 I-80 Exit 57,Paw Paw,IL,382,3.101
603335,Pilot Travel Center #2934,3955 I-95 Exit 225,Clearmont,MO,84,3.271
603336,Kwik Trip #608,8105 I-80 Exit 223,White Plains,NY,213,3.002
603337,Road Ranger #5139,9424 State Hwy 6 Exit 22,Liverpool,PA,194,2.897
603338,Bosselman Travel Center #143,2016 I-95 Exit 208,Middleburg Heights,OH,340,2.839
603339,AMBEST #4476,3714 I-10 Exit 339,Denver,CO,365,3.369
603340,Flying J #9621,5560 I-40 Exit 89,Plankinton,SD,38,3.391
603341,Loves Travel Stop #2078,8435 State Hwy 6 Exit 3,Frontenac,MO,352,3.081
603342,Kwik Trip #2393,3029 I-80 Exit 29,Englewood,CO,184,3.364
603343,Flying J #2250,2833 I-40 Exit 278,Claflin,KS,301,3.191
603344,Roadys Truck Stop #907,8769 I-95 Exit 271,Newsoms,VA,16,3.316
603345,Petro Stopping Center #7057,6374 I-40 Exit 229,Itasca,IL,60,3.115
603346,Loves Travel Stop #4785,7803 I-95 Exit 93,Boutte,LA,135,2.953
603347,QuikTrip #5874,9361 I-95 Exit 370,Riverside,MO,52,3.116
603348,Flying J #9401,820 State Hwy 6 Exit 215,Closter,NJ,166,2.724
603349,Pilot Travel Center #6700,8536 I-95 Exit 323,Hanover,AL,373,2.821
603350,Roadys Truck Stop #734,3095 State Hwy 6 Exit 101,Riverwood,IN,63,3.078
603351,Roadys Truck Stop #425,4009 US-287 Exit 28,Lake Ridge,VA,79,2.930
603352,Sapp Bros #355,6553 I-80 Exit 65,Shell Rock,IA,380,2.769
603353,QuikTrip #1096,5825 I-80 Exit 141,Pratt,KS,46,2.947
603354,Bosselman Travel Center #4313,5243 State Hwy 6 Exit 154,Leipsic,OH,196,2.745
603355,Kwik Trip #6910,6307 State Hwy 6 Exit 204,Vantage,WA,396,3.693
603356,Road Ranger #4267,6845 I-95 Exit 62,Blandon,PA,143,2.897
603357,TA Travel Center #8374,5097 I-40 Exit 9,Succasunna,NJ,3,3.385
603358,Road Ranger #1897,3568 State Hwy 6 Exit 135,Glassmanor,MD,98,2.939
603359,QuikTrip #8465,4543 State Hwy 6 Exit 375,Juniata Gap,PA,50,3.277
603360,Kwik Trip #3021,3220 I-80 Exit 76,Huntington Park,CA,167,3.698
603361,Road Ranger #8983,3753 I-80 Exit 247,Saint Michael,MN,219,3.202
603362,AMBEST #2414,3525 I-10 Exit 121,Round Lake,IL,138,2.742
603363,Sapp Bros #827,1994 US-287 Exit 142,Ulysses,KS,61,3.066
603364,QuikTrip #8931,7006 State Hwy 6 Exit 41,Payneway,AR,22,3.067
603365,Road Ranger #926,685 I-40 Exit 180,Foristell,MO,307,3.498
603366,Kwik Trip #6345,2765 I-10 Exit 375,Lake Saint Croix Beach,MN,138,3.388
603367,QuikTrip #4011,3626 I-10 Exit 106,State Center,IA,155,2.877
603368,Petro Stopping Center #1019,2203 State Hwy 6 Exit 302,Stirling,NJ,329,3.075
603369,AMBEST #6471,3791 I-40 Exit 164,Elmdale,KS,359,3.019
603370,Kwik Trip #883,409 I-95 Exit 247,Monrovia,CA,190,3.802
603371,QuikTrip #5645,7651 US-287 Exit 51,Ponca,AR,354,3.088
603372,Flying J #9136,2325 I-80 Exit 252,Lake Villa,IL,28,3.301
603373,AMBEST #8906,4701 US-287 Exit 132,Macungie,PA,199,2.849
603374,Pilot Travel Center #1826,3344 I-10 Exit 278,Dexter,MI,45,3.049
603375,Flying J #8399,6110 I-10 Exit 347,Gallup,NM,153,3.554
603376,Petro Stopping Center #2999,3799 I-80 Exit 207,Tenafly,NJ,379,2.918
603377,Petro Stopping Center #5394,7531 I-40 Exit 34,Mount Carmel,IL,241,3.342
603378,QuikTrip #4189,3844 State Hwy 6 Exit 339,Nittany,PA,20,2.762
603379,Loves Travel Stop #873,7017 US-287 Exit 99,Onsted,MI,206,3.237
603380,Road Ranger #9356,8069 I-40 Exit 95,Garysburg,NC,243,3.083
603381,Bosselman Travel Center #3916,1394 I-10 Exit 20,South Lyon,MI,274,3.199
603382,AMBEST #7972,7765 US-287 Exit 215,Woodland,AL,397,3.154
603383,Road Ranger #9895,104 State Hwy 6 Exit 356,Briar Creek,PA,12,3.027
603384,Bosselman Travel Center #6460,275 I-95 Exit 185,Topeka,KS,197,3.282
603385,Roadys Truck Stop #1743,1491 I-10 Exit 285,Ellicott City,MD,96,2.988
603386,Loves Travel Stop #385,7977 US-287 Exit 258,South Jacksonville,IL,221,3.049
603387,Petro Stopping Center #3694,6015 I-95 Exit 122,West Puente Valley,CA,12,3.542
603388,Flying J #6283,3347 I-40 Exit 135,Wyoming,PA,297,3.017
603389,TA Travel Center #8318,9795 State Hwy 6 Exit 297,Bettsville,OH,49,2.920
603390,AMBEST #7880,5339 I-10 Exit 203,Bracey,VA,280,3.028
603391,Roadys Truck Stop #3670,4201 US-287 Exit 338,Kirksville,MO,141,3.211
603392,Petro Stopping Center #2878,2926 I-40 Exit 214,Culp,PA,394,2.675
603393,Bosselman Travel Center #9494,2609 US-287 Exit 397,Wyandotte,MI,176,2.978
603394,Pilot Travel Center #3346,5829 I-95 Exit 31,Binger,OK,340,3.105
603395,Road Ranger #9140,7636 US-287 Exit 208,South Riding,VA,321,3.196
603396,Road Ranger #4848,1687 I-10 Exit 21,Sycamore,OH,260,3.078
603397,Kwik Trip #5801,3909 US-287 Exit 286,Hillsborough,NJ,280,3.090
603398,Bosselman Travel Center #3154,7319 I-10 Exit 84,Rancho Cucamonga,CA,232,3.732
603399,QuikTrip #8391,3535 US-287 Exit 25,Ozone,AR,255,2.812
603400,Flying J #2355,8323 I-40 Exit 286,Elkville,IL,46,2.930
603401,Roadys Truck Stop #7863,1509 State Hwy 6 Exit 232,Bloomingville,OH,341,3.110
603402,Petro Stopping Center #812,2959 I-40 Exit 252,Bella Villa,MO,113,3.076
603403,Roadys Truck Stop #1182,8260 US-287 Exit 164,Acomita Lake,NM,233,3.394
603404,QuikTrip #1187,8324 US-287 Exit 328,Leesburg,IN,271,2.961
603405,Pilot Travel Center #394,1118 I-40 Exit 385,Regency At Monroe,NJ,8,3.136
603406,Flying J #1066,2860 I-10 Exit 61,Moorefield,NE,142,3.188
603407,Kwik Trip #9746,401 US-287 Exit 5,Perrysburg,OH,41,3.358
603408,Flying J #9450,2748 I-40 Exit 182,Bloomfield,NM,339,3.590
603409,AMBEST #9251,1378 I-95 Exit 77,Callery,PA,239,3.132
603410,Petro Stopping Center #4828,4192 I-10 Exit 230,Zwingle,IA,364,2.703
603411,Roadys Truck Stop #4834,5380 State Hwy 6 Exit 39,Landfall,MN,266,3.097
603412,Petro Stopping Center #7084,9289 I-95 Exit 51,Williamson,IA,192,2.813
603413,Road Ranger #9034,3312 I-80 Exit 204,Oregon,OH,169,2.963
603414,QuikTrip #829,9775 I-40 Exit 150,Irvington,NY,264,2.964
603415,QuikTrip #2044,9983 I-80 Exit 358,Clymer,PA,345,3.064
603416,Kwik Trip #3773,3750 I-95 Exit 68,Warrensburg,IL,382,3.061
603417,Roadys Truck Stop #5794,7015 I-40 Exit 291,Holbrook,AZ,241,3.159
603418,Bosselman Travel Center #6302,9003 I-40 Exit 70,Lawrence,IN,194,3.012
603419,Roadys Truck Stop #6840,9607 I-40 Exit 198,Redmond,WA,374,4.111
603420,TA Travel Center #7596,7522 I-10 Exit 14,Peachtree Corners,GA,346,2.750
603421,Kwik Trip #7052,6273 US-287 Exit 234,Egan,LA,152,3.230
603422,Sapp Bros #9883,7471 State Hwy 6 Exit 340,Sioux Rapids,IA,164,2.990
603423,Bosselman Travel Center #7701,8135 State Hwy 6 Exit 247,Fairfax,VA,110,2.961
603424,AMBEST #8406,356 I-40 Exit 237,Plymouth,IN,163,2.812
603425,Pilot Travel Center #6841,8693 I-80 Exit 99,Yorkville,IL,336,3.061
603426,Flying J #3769,9372 I-80 Exit 143,Smithville,OH,240,2.795
603427,Petro Stopping Center #1629,2978 State Hwy 6 Exit 256,Bethpage,NY,288,2.775
603428,QuikTrip #955,7419 I-80 Exit 331,Plano,IL,279,3.097
603429,Sapp Bros #4384,6696 I-40 Exit 381,Tekoa,WA,381,3.781
603430,QuikTrip #3542,2316 I-40 Exit 128,New Richland,MN,112,3.020
603431,Pilot Travel Center #5543,8520 State Hwy 6 Exit 349,Roman Forest,TX,287,2.723
603432,Kwik Trip #8706,346 I-80 Exit 366,Skelp,PA,398,2.933
603433,AMBEST #2662,9740 I-10 Exit 178,Beverly Hills,MO,171,3.125
603434,QuikTrip #6626,3671 I-40 Exit 263,Granville,PA,268,2.747
603435,Kwik Trip #3627,8261 I-10 Exit 17,Freedom,PA,225,2.904
603436,Loves Travel Stop #9950,266 State Hwy 6 Exit 66,Navajo Dam,NM,97,3.276
603437,AMBEST #1461,5765 I-10 Exit 145,Lakeview,CA,116,3.665
603438,Loves Travel Stop #9323,8161 US-287 Exit 233,Vibbard,MO,2,2.934
603439,AMBEST #9044,4773 I-95 Exit 381,Dudley,MO,204,2.965
603440,QuikTrip #2694,4902 I-95 Exit 271,Temple,PA,324,3.090
603441,Sapp Bros #9696,6278 I-80 Exit 132,Inwood,NY,104,2.803
603442,Road Ranger #870,4206 I-40 Exit 214,Fort Polk North,LA,73,3.141
603443,AMBEST #6519,7557 I-80 Exit 137,Pocono Pines,PA,6,2.925
603444,Kwik Trip #8168,1030 I-40 Exit 366,Taylorsville,MS,127,2.993
603445,TA Travel Center #1755,6197 State Hwy 6 Exit 218,Stanton,IA,230,3.329
603446,Bosselman Travel Center #1355,8469 State Hwy 6 Exit 61,Cle Elum,WA,238,3.984
603447,Loves Travel Stop #218,4487 US-287 Exit 367,Sagamore,PA,313,2.881
603448,Road Ranger #838,7904 I-40 Exit 265,Sayre,OK,312,3.063
603449,Kwik Trip #466,2555 I-80 Exit 41,Stockton,NJ,125,3.255
603450,AMBEST #6614,630 US-287 Exit 18,Bentley,OK,98,3.185
603451,Petro Stopping Center #6404,1885 I-10 Exit 47,Floyd,IA,243,3.117
603452,QuikTrip #4306,1541 US-287 Exit 209,Meadville,PA,177,3.170
603453,Sapp Bros #5015,5468 I-40 Exit 94,Staunton,IL,127,3.321
603454,Sapp Bros #6066,9717 I-40 Exit 213,Waltham,MN,387,2.812
603455,Petro Stopping Center #1527,5817 I-10 Exit 211,Shoreline,WA,208,4.023
603456,Roadys Truck Stop #3373,3912 I-95 Exit 211,Lucama,NC,367,3.280
603457,Petro Stopping Center #8438,6647 US-287 Exit 10,Snow Lake,IN,28,2.963
603458,Flying J #5434,3038 US-287 Exit 334,Jasper,AR,1,3.087
603459,Loves Travel Stop #9384,1535 State Hwy 6 Exit 188,Virginia,IL,119,2.928
603460,Roadys Truck Stop #7229,7096 I-10 Exit 348,Lawrenceville,NJ,246,3.196
603461,QuikTrip #8411,1723 I-80 Exit 136,Kensett,IA,34,3.057
603462,Petro Stopping Center #4613,9071 State Hwy 6 Exit 141,Widener,AR,395,3.175
603463,Bosselman Travel Center #1162,5283 I-80 Exit 178,Oil City,LA,13,2.779
603464,Flying J #5853,1343 I-95 Exit 142,Waldo,AR,21,2.905
603465,Roadys Truck Stop #3518,9907 I-80 Exit 308,Edgewater,NJ,365,3.075
603466,Sapp Bros #1710,3449 I-80 Exit 234,Teegarden,IN,44,3.370
603467,Pilot Travel Center #665,5002 I-95 Exit 336,Silver Lakes,CA,299,3.744
603468,Petro Stopping Center #3958,8561 US-287 Exit 388,Estherville,IA,242,3.178
603469,Road Ranger #523,9290 I-40 Exit 295,Victorville,CA,82,3.561
603470,Bosselman Travel Center #1657,6378 I-80 Exit 123,Atlantic Beach,SC,291,2.889
603471,AMBEST #2580,4095 State Hwy 6 Exit 66,Wiota,WI,163,3.002
603472,Kwik Trip #7120,6019 State Hwy 6 Exit 383,Wurtemburg,PA,62,3.029
603473,Loves Travel Stop #2866,4901 I-95 Exit 381,Red River,NM,56,3.528
603474,Flying J #142,535 State Hwy 6 Exit 89,Norco,CA,123,3.883
603475,Kwik Trip #1946,8494 I-80 Exit 336,Edinburg,IL,319,3.155
603476,Roadys Truck Stop #8191,9447 I-40 Exit 253,Mount Auburn,IL,231,3.219
603477,Roadys Truck Stop #2104,9489 State Hwy 6 Exit 5,New Lebanon,PA,252,3.042
603478,QuikTrip #2404,2546 I-80 Exit 117,Daisy,AR,361,2.973
603479,Sapp Bros #9356,2113 I-80 Exit 375,Trophy Club,TX,108,3.026
603480,Sapp Bros #4150,5870 State Hwy 6 Exit 86,Searsboro,IA,365,3.150
603481,Kwik Trip #7643,2349 I-10 Exit 160,Brighton,CO,182,3.280
603482,Petro Stopping Center #559,9512 US-287 Exit 54,Mccomb,OH,137,2.863
603483,QuikTrip #8233,1575 State Hwy 6 Exit 282,Beverly Hills,CA,85,3.455
603484,TA Travel Center #1370,8884 I-10 Exit 66,Archer Lodge,NC,149,2.990
603485,Petro Stopping Center #6426,9068 I-80 Exit 50,Farmersburg,IA,205,3.140
603486,QuikTrip #164,3572 I-95 Exit 221,Sugarloaf,CO,329,3.459
603487,Petro Stopping Center #7295,3879 I-80 Exit 367,Washington,DC,84,3.088
603488,TA Travel Center #4232,2700 State Hwy 6 Exit 103,Menlo,IA,232,3.186
603489,Kwik Trip #3619,6534 I-95 Exit 383,Alvo,NE,41,3.198
603490,Petro Stopping Center #5709,2334 I-95 Exit 399,Bosque Farms,NM,249,3.469
603491,Kwik Trip #4689,7912 US-287 Exit 313,Hawarden,IA,4,3.119
603492,Road Ranger #1579,7354 State Hwy 6 Exit 160,Bunkie,LA,110,3.177
603493,Petro Stopping Center #4504,1377 I-40 Exit 177,Streator,IL,235,2.875
603494,Pilot Travel Center #6435,5371 I-80 Exit 387,Pueblo Of Sandia Village,NM,180,3.230
603495,Flying J #2993,9586 I-80 Exit 324,Maysville,IA,66,3.060
603496,AMBEST #8908,3900 US-287 Exit 373,Navesink,NJ,192,3.405
603497,Loves Travel Stop #9549,9721 US-287 Exit 164,Naschitti,NM,3,3.434
603498,Bosselman Travel Center #7465,8010 US-287 Exit 136,Deerfield,KS,253,2.987
603499,TA Travel Center #9008,2080 I-10 Exit 165,Troy Grove,IL,343,2.738
603500,Roadys Truck Stop #3015,5773 I-10 Exit 1,Numa,IA,54,3.202
603501,Road Ranger #7125,2939 I-80 Exit 14,Maple Grove,MN,154,3.240
603502,QuikTrip #2146,4344 I-95 Exit 147,Antwerp,OH,281,3.394
603503,QuikTrip #2803,4716 I-95 Exit 129,Carrollton,IL,300,3.249
603504,Sapp Bros #2916,8600 I-10 Exit 348,Maywood,NE,122,3.208
603505,Pilot Travel Center #5387,7062 I-95 Exit 69,Steamboat Rock,IA,373,3.559
603506,Pilot Travel Center #8434,2976 I-40 Exit 371,Fort Pierce South,FL,243,3.106
603507,AMBEST #8328,170 I-95 Exit 257,Jacksons Gap,AL,264,3.092
603508,Pilot Travel Center #9607,2219 US-287 Exit 91,Rockvale,MT,321,3.466
603509,Loves Travel Stop #164,9821 US-287 Exit 393,Punta De Agua,NM,74,3.398
603510,Petro Stopping Center #8146,9355 I-40 Exit 109,Argyle,MO,26,3.210
603511,Road Ranger #2669,8126 I-95 Exit 67,Golconda,IL,301,3.181
603512,TA Travel Center #5263,1523 I-40 Exit 8,Bolivar Peninsula,TX,345,2.790
603513,TA Travel Center #2875,7951 I-95 Exit 288,Calvert,TX,70,3.218
603514,Bosselman Travel Center #9449,8496 I-95 Exit 127,Sylvania,OH,171,2.828
603515,Bosselman Travel Center #4206,3568 I-80 Exit 221,Kennedale,TX,18,3.106
603516,Petro Stopping Center #905,9126 I-40 Exit 333,Cambria,IL,240,3.382
603517,QuikTrip #626,305 I-80 Exit 247,Centropolis,KS,396,2.884
603518,Sapp Bros #906,6322 I-95 Exit 168,Saint Donatus,IA,76,3.062
603519,Petro Stopping Center #6346,321 I-95 Exit 262,Harleigh,PA,288,3.137
603520,Bosselman Travel Center #2748,918 I-95 Exit 168,Evergreen Park,IL,60,2.941
603521,Sapp Bros #1480,3160 I-80 Exit 331,Big Sky,MT,262,3.451
603522,Pilot Travel Center #452,9480 I-95 Exit 320,Las Maravillas,NM,368,3.441
603523,QuikTrip #4847,9567 US-287 Exit 57,Wilsonville,IL,53,3.086
603524,Bosselman Travel Center #1123,3945 State Hwy 6 Exit 152,Broadview,NM,257,3.316
603525,Road Ranger #8101,4164 State Hwy 6 Exit 65,Lelia Lake,TX,357,3.051
603526,AMBEST #450,1831 I-80 Exit 162,Lincoln Park,PA,309,3.294
603527,Bosselman Travel Center #7080,8392 US-287 Exit 267,West Chicago,IL,354,3.181
603528,Road Ranger #2316,9346 I-10 Exit 353,Downey,CA,227,3.950
603529,Kwik Trip #7085,8132 I-40 Exit 172,Westlake,TX,160,3.618
603530,TA Travel Center #9389,5666 I-10 Exit 318,Homestead,MO,305,2.997
603531,Sapp Bros #8044,1438 I-95 Exit 155,Hewlett Harbor,NY,225,2.969
603532,Pilot Travel Center #828,7763 I-40 Exit 308,Brimfield,IN,43,2.876
603533,Road Ranger #871,3904 US-287 Exit 97,Treynor,IA,113,3.011
603534,Sapp Bros #2533,1974 I-10 Exit 241,Allentown,PA,92,3.156
603535,Flying J #4453,280 US-287 Exit 386,Huron,IN,324,3.195
603536,Road Ranger #9001,7208 State Hwy 6 Exit 127,Lehigh,KS,57,3.206
603537,AMBEST #4557,3724 I-95 Exit 239,Huntsville,MO,29,3.030
603538,Petro Stopping Center #2488,1998 I-40 Exit 357,Wilton,IA,268,3.140
603539,Kwik Trip #5637,4307 I-95 Exit 364,Benton Heights,MI,59,2.907
603540,Roadys Truck Stop #5428,9613 US-287 Exit 61,Volant,PA,244,2.899
603541,Flying J #3913,6553 I-10 Exit 200,Ashland,VA,217,3.028
603542,Flying J #1544,3671 State Hwy 6 Exit 136,Haworth,NJ,12,3.170
603543,Road Ranger #110,1621 I-95 Exit 280,Mineral Springs,PA,30,3.336
603544,Pilot Travel Center #6815,4163 I-95 Exit 85,Overton,TX,93,2.801
603545,Petro Stopping Center #4546,3953 I-80 Exit 197,Lawton,MI,178,3.165
603546,Bosselman Travel Center #5248,1415 I-10 Exit 264,Chicora,PA,312,2.653
603547,AMBEST #8309,2074 I-10 Exit 297,Cuba,MO,250,2.810
603548,Sapp Bros #1165,7474 I-95 Exit 58,Pattison,MS,178,2.998
603549,Petro Stopping Center #4006,6665 I-95 Exit 286,Arvada,WY,21,3.726
603550,Petro Stopping Center #6115,9970 I-10 Exit 132,Radersburg,MT,274,3.386
603551,Bosselman Travel Center #3457,568 US-287 Exit 316,Bernville,PA,140,3.134
603552,Loves Travel Stop #648,194 State Hwy 6 Exit 301,Saint Francis,MN,167,3.150
603553,Roadys Truck Stop #8962,1630 I-95 Exit 275,Woodson,IL,360,3.161
603554,Flying J #1505,6613 State Hwy 6 Exit 302,Hazen,PA,389,3.476
603555,TA Travel Center #6479,6404 US-287 Exit 9,Maroa,IL,391,3.308
603556,Road Ranger #889,7422 US-287 Exit 2,Berwyn Heights,MD,173,2.936
603557,Bosselman Travel Center #9514,9387 I-40 Exit 336,South Miami,FL,221,2.901
603558,Pilot Travel Center #6252,7430 I-40 Exit 30,Sunny Side,GA,295,3.215
603559,Loves Travel Stop #7335,6257 US-287 Exit 51,Russell Gardens,NY,10,3.267
603560,Bosselman Travel Center #2757,517 I-95 Exit 196,La Salle,CO,169,2.856
603561,Flying J #8272,4839 I-95 Exit 140,Mount Summit,IN,182,2.982
603562,Flying J #9831,3183 I-40 Exit 269,Foxfield,CO,187,3.103
603563,Road Ranger #7220,6411 I-10 Exit 368,Concord,MI,171,3.093
603564,Flying J #4290,7673 I-95 Exit 55,Red Oak,TX,76,3.275
603565,Roadys Truck Stop #8573,9083 I-95 Exit 375,Mission Viejo,CA,64,3.897
603566,AMBEST #9240,6258 I-10 Exit 322,Fort Smith,AR,344,3.044
603567,Flying J #2980,1065 I-40 Exit 307,Lucas,IA,238,3.393
603568,Pilot Travel Center #8136,8705 I-40 Exit 238,Blue Sky,CO,379,3.410
603569,Roadys Truck Stop #2206,4189 I-10 Exit 89,Miesville,MN,168,3.019
603570,Loves Travel Stop #1490,2005 I-80 Exit 378,Bailey Lakes,OH,226,3.269
603571,QuikTrip #6958,1713 US-287 Exit 49,Norwood Court,MO,280,3.645
603572,Petro Stopping Center #5196,2177 US-287 Exit 200,Tysons,VA,240,3.178
603573,Roadys Truck Stop #418,1101 US-287 Exit 338,Delta City,MS,72,3.063
603574,QuikTrip #6838,5270 State Hwy 6 Exit 48,Lostant,IL,95,2.944
603575,Sapp Bros #4304,4986 US-287 Exit 280,Washita,OK,155,3.179
603576,AMBEST #5881,1537 I-95 Exit 201,Owensburg,IN,33,2.894
603577,Petro Stopping Center #9498,392 I-40 Exit 338,Lewistown,MO,361,3.057
603578,Bosselman Travel Center #451,5584 US-287 Exit 331,Laird,CO,154,3.542
603579,Petro Stopping Center #9462,7026 I-80 Exit 333,Henderson,NE,381,3.252
603580,Loves Travel Stop #6997,5823 I-80 Exit 283,Everman,TX,315,3.027
603581,QuikTrip #3656,9636 I-10 Exit 25,Evergreen,CO,235,3.507
603582,Roadys Truck Stop #8063,5942 I-10 Exit 78,Lane,OK,132,2.952
603583,AMBEST #4974,3077 I-40 Exit 124,Spurgeon,IN,54,3.214
603584,QuikTrip #9753,9827 State Hwy 6 Exit 5,Spring Hill,IA,208,2.847
603585,Sapp Bros #9232,1176 I-40 Exit 68,Burns City,IN,143,3.028
603586,QuikTrip #7270,9122 I-80 Exit 224,Patton Village,TX,115,3.030
603587,Sapp Bros #798,7006 I-10 Exit 262,Dimock,SD,25,3.355
603588,TA Travel Center #7628,2062 State Hwy 6 Exit 213,Gwynneville,IN,88,2.920
603589,Flying J #3850,5967 I-80 Exit 215,Ford Cliff,PA,1,3.593
603590,QuikTrip #2940,6926 US-287 Exit 172,South Wenatchee,WA,259,4.169
603591,Loves Travel Stop #3442,2183 State Hwy 6 Exit 51,Garden City,NY,98,2.933
603592,TA Travel Center #7512,189 I-40 Exit 344,Blevins,AR,283,3.278
603593,TA Travel Center #3603,3413 I-10 Exit 397,Sharon,MS,68,2.768
603594,Pilot Travel Center #2820,5413 I-10 Exit 115,Carey,OH,23,2.799
603595,Petro Stopping Center #6638,7817 I-10 Exit 159,North Liberty,IA,9,3.112
603596,Road Ranger #6198,3705 I-80 Exit 58,Bolingbrook,IL,390,3.023
603597,Loves Travel Stop #5672,6712 US-287 Exit 357,Keego Harbor,MI,260,3.168
603598,TA Travel Center #9202,7648 US-287 Exit 99,Hamilton,NC,352,3.365
603599,Loves Travel Stop #8440,4337 I-95 Exit 122,Hurst,IL,122,2.900
603600,Loves Travel Stop #5746,2559 I-10 Exit 301,Lake Lotawana,MO,213,3.220
603601,Petro Stopping Center #6061,8634 State Hwy 6 Exit 385,South Hempstead,NY,33,3.006
603602,Bosselman Travel Center #3528,872 I-80 Exit 68,Mitchellville,IA,83,3.174
603603,Loves Travel Stop #7211,9145 I-10 Exit 263,Continental,OH,24,3.016
603604,TA Travel Center #1471,5578 US-287 Exit 251,Livonia,MO,135,3.101
603605,AMBEST #1535,2292 US-287 Exit 52,Loomis,SD,92,3.376
603606,Road Ranger #3295,4857 I-40 Exit 334,Elmwood Park,IL,40,3.229
603607,QuikTrip #9521,1285 I-95 Exit 156,Oakdale,MN,137,3.397
603608,AMBEST #6091,7857 State Hwy 6 Exit 378,Port Carbon,PA,199,3.077
603609,Bosselman Travel Center #6273,2566 US-287 Exit 104,Blanchard,PA,211,3.015
603610,QuikTrip #2112,2333 I-40 Exit 117,Burdick,KS,157,3.142
603611,Sapp Bros #7957,4497 I-40 Exit 324,Carrier Mills,IL,228,2.973
603612,Bosselman Travel Center #2929,3510 I-40 Exit 25,Rosebud,MO,67,3.195
603613,TA Travel Center #4893,3020 I-80 Exit 119,Tresckow,PA,231,3.529
603614,Petro Stopping Center #3835,3658 I-10 Exit 374,Marne,IA,99,3.383
603615,Road Ranger #5926,1484 I-95 Exit 319,Deanville,TX,318,2.766
603616,Loves Travel Stop #1182,1225 US-287 Exit 69,Richmond Heights,FL,315,3.020
603617,TA Travel Center #7340,242 I-95 Exit 349,Latty,OH,297,3.104
603618,QuikTrip #7128,4305 I-80 Exit 25,Somerset,MD,325,3.126
603619,Road Ranger #2010,1630 State Hwy 6 Exit 389,Manhasset Hills,NY,356,3.171
603620,Pilot Travel Center #1374,757 I-95 Exit 59,Gibsonburg,OH,16,2.997
603621,AMBEST #4399,6528 I-40 Exit 25,Kirbyville,TX,170,3.138
603622,Petro Stopping Center #9691,5677 State Hwy 6 Exit 214,Camano,WA,274,4.294
603623,Roadys Truck Stop #5775,1557 I-40 Exit 103,Hastings,IA,281,3.192
603624,QuikTrip #3075,2319 State Hwy 6 Exit 396,Kingston,IL,362,2.967
603625,Kwik Trip #3869,9499 I-80 Exit 378,Jennings,MO,308,3.222
603626,Flying J #3071,5138 US-287 Exit 271,Rancho Santa Margarita,CA,279,3.665
603627,Kwik Trip #464,8156 State Hwy 6 Exit 307,South Hill,VA,372,3.008
603628,QuikTrip #6635,5252 US-287 Exit 110,Fountain North Lakes,MO,293,2.915
603629,Sapp Bros #9866,2790 I-95 Exit 291,Newbury,KS,52,3.099
603630,Loves Travel Stop #2822,4940 US-287 Exit 351,Virginia Gardens,FL,122,3.063
603631,Petro Stopping Center #7531,4386 I-95 Exit 361,Sun Valley,PA,349,3.426
603632,Loves Travel Stop #6755,658 I-10 Exit 261,East Riverdale,MD,136,3.007
603633,AMBEST #7726,9015 I-10 Exit 62,Mentor,KS,286,3.196
603634,AMBEST #4467,4540 I-10 Exit 294,Millersburg,IL,149,3.177
603635,Petro Stopping Center #7539,5049 I-95 Exit 156,Briarcliff,TX,269,2.916
603636,Bosselman Travel Center #5185,5035 US-287 Exit 42,Roseville,MI,359,3.304
603637,Petro Stopping Center #3001,2034 I-10 Exit 189,View Park Windsor Hills,CA,238,3.859
603638,Loves Travel Stop #4306,2270 State Hwy 6 Exit 368,Whiteland,IN,29,3.292
603639,QuikTrip #1152,3694 I-80 Exit 297,Indio Hills,CA,44,3.575
603640,TA Travel Center #7320,6706 US-287 Exit 340,Livingston,AL,204,3.371
603641,Loves Travel Stop #2267,3566 I-10 Exit 308,Oxon Hill,MD,181,2.996
603642,AMBEST #2513,5589 I-10 Exit 293,Three Oaks,MI,399,3.244
603643,Loves Travel Stop #3507,7333 I-80 Exit 6,Bay Harbor Islands,FL,212,2.989
603644,AMBEST #3667,1087 I-95 Exit 347,Whitewater,CA,236,3.457
603645,Kwik Trip #532,4051 I-95 Exit 314,Greenwood,NE,372,3.169
603646,Roadys Truck Stop #2736,933 I-10 Exit 246,Grapevine,TX,176,3.236
603647,Flying J #9326,1996 I-95 Exit 45,De Witt,IL,390,2.951
603648,Flying J #9094,2691 I-95 Exit 351,Venice,IL,289,2.862
603649,Loves Travel Stop #8457,3553 I-10 Exit 165,Bagdad,AZ,7,3.319
603650,Petro Stopping Center #8819,5373 US-287 Exit 6,North Philipsburg,PA,186,3.173
603651,Pilot Travel Center #6509,8446 I-40 Exit 178,East Saint Louis,IL,49,3.013
603652,TA Travel Center #7646,8328 US-287 Exit 203,Pitkin,LA,395,2.867
603653,AMBEST #6767,2738 I-40 Exit 241,South Roxana,IL,362,3.077
603654,AMBEST #7670,3002 US-287 Exit 118,Fox Lake Hills,IL,259,2.716
603655,Loves Travel Stop #5097,4509 US-287 Exit 210,Jersey Village,TX,180,3.280
603656,Petro Stopping Center #9811,9971 State Hwy 6 Exit 176,Dekalb,IL,105,3.264
603657,AMBEST #673,1241 US-287 Exit 133,Egypt,AR,198,3.038
603658,Petro Stopping Center #5366,5413 US-287 Exit 171,Port Reading,NJ,2,2.958
603659,Loves Travel Stop #2149,2431 I-80 Exit 38,Dolton,SD,316,3.483
603660,AMBEST #8337,4964 I-95 Exit 52,North Pekin,IL,105,3.037
603661,Loves Travel Stop #2199,979 US-287 Exit 311,Skyline Ganipa,NM,126,3.596
603662,Bosselman Travel Center #3937,489 I-95 Exit 360,Jackson Lake,CO,78,3.417
603663,AMBEST #3136,2582 I-10 Exit 21,Abilene,KS,85,3.054
603664,Loves Travel Stop #8288,7091 State Hwy 6 Exit 304,New Chapel Hill,TX,225,2.631
603665,Pilot Travel Center #6716,8791 I-80 Exit 357,Hortonville,IN,281,3.136
603666,Road Ranger #6797,7446 US-287 Exit 31,Vinings,GA,351,3.104
603667,Pilot Travel Center #217,9903 I-10 Exit 247,Aurora,NE,250,3.220
603668,Petro Stopping Center #9608,6809 I-80 Exit 188,Marshalltown,IA,341,3.357
603669,Bosselman Travel Center #5835,9786 I-40 Exit 375,Emelle,AL,60,3.083
603670,Sapp Bros #3194,948 I-40 Exit 83,Morrisdale,PA,174,3.182
603671,Flying J #4236,3352 State Hwy 6 Exit 374,Brookside Village,TX,133,2.813
603672,QuikTrip #1108,7082 State Hwy 6 Exit 325,Malden,IN,169,3.238
603673,Roadys Truck Stop #4989,4859 I-40 Exit 108,Oxford,IA,323,3.272
603674,TA Travel Center #2058,1313 I-95 Exit 373,Tyrone Forge,PA,134,3.192
603675,Sapp Bros #8190,3058 I-40 Exit 178,Oakland Park,FL,192,2.890
603676,Loves Travel Stop #6598,9137 US-287 Exit 181,Garrett Park,MD,163,3.181
603677,Pilot Travel Center #2625,6448 I-95 Exit 146,Seat Pleasant,MD,189,3.511
603678,Flying J #6519,981 State Hwy 6 Exit 82,Seabrook,TX,77,3.014
603679,Kwik Trip #8339,4719 I-95 Exit 296,Marion Center,PA,103,3.305
603680,Road Ranger #8817,9259 I-10 Exit 365,Greenwood,MN,365,3.075
603681,Roadys Truck Stop #6459,8381 I-95 Exit 271,Dale City,VA,8,3.207
603682,AMBEST #5679,3049 I-95 Exit 177,Ashland,IL,146,3.178
603683,Petro Stopping Center #3305,624 US-287 Exit 90,Sleepy Hollow,IL,339,3.236
603684,Loves Travel Stop #4271,1666 State Hwy 6 Exit 120,Stinesville,IN,335,3.619
603685,QuikTrip #392,7644 I-10 Exit 83,Isleta,NM,255,3.587
603686,Pilot Travel Center #838,5826 I-40 Exit 94,Sour Lake,TX,333,2.842
603687,Bosselman Travel Center #4913,176 State Hwy 6 Exit 292,Orient,IL,315,3.290
603688,QuikTrip #7860,9290 I-95 Exit 43,Hat Island,WA,25,3.928
603689,Petro Stopping Center #8420,6152 I-95 Exit 52,Manchester,IA,179,3.110
603690,Sapp Bros #4445,2896 US-287 Exit 285,Menno,SD,388,3.148
603691,QuikTrip #8664,4729 I-10 Exit 23,Vinton,LA,158,3.097
603692,Loves Travel Stop #4364,203 I-10 Exit 263,Buckner,MO,388,3.160
603693,Kwik Trip #7684,8094 I-95 Exit 389,Holland,AR,179,3.071
603694,Road Ranger #6663,9746 I-80 Exit 69,Lowell,IN,303,3.037
603695,Loves Travel Stop #3369,7572 I-10 Exit 394,Gillett,AR,299,3.081
603696,Kwik Trip #8677,4719 I-10 Exit 8,University Gardens,NY,158,3.101
603697,Road Ranger #7926,6715 I-10 Exit 121,West City,IL,118,3.297
603698,Bosselman Travel Center #5176,7815 I-10 Exit 306,New Underwood,SD,52,3.360
603699,Petro Stopping Center #1778,5251 I-10 Exit 296,Mckeansburg,PA,96,3.125
603700,Petro Stopping Center #2370,7755 State Hwy 6 Exit 252,Canyon,TX,234,2.871
603701,Petro Stopping Center #1778,7201 US-287 Exit 124,Lake Caroline,VA,399,2.703
603702,Road Ranger #6245,7321 I-95 Exit 176,Spotswood,NJ,215,3.213
603703,Flying J #7362,1760 State Hwy 6 Exit 152,North Vandergrift,PA,122,2.889
603704,Road Ranger #1960,1646 State Hwy 6 Exit 266,Mineola,NY,189,3.237
603705,Bosselman Travel Center #6187,2365 US-287 Exit 37,Linton,IN,254,3.223
603706,Petro Stopping Center #8139,9072 I-80 Exit 162,Rondo,AR,209,3.166
603707,AMBEST #4163,4570 I-10 Exit 379,Franklin,MI,105,3.139
603708,Loves Travel Stop #1441,543 I-80 Exit 337,Lake Land Or,VA,286,3.125
603709,Kwik Trip #3427,2020 US-287 Exit 293,Coburn,PA,342,3.108
603710,Pilot Travel Center #1489,1570 I-10 Exit 67,Petersburg,OH,24,2.956
603711,Loves Travel Stop #7527,5105 State Hwy 6 Exit 133,Cleona,PA,359,2.567
603712,AMBEST #7883,9416 State Hwy 6 Exit 50,Parkers Settlement,IN,302,2.855
603713,Petro Stopping Center #2221,3193 I-95 Exit 29,Sheffield Lake,OH,96,3.088
603714,Sapp Bros #8931,2624 US-287 Exit 245,Talpa,NM,384,3.239
603715,Pilot Travel Center #8438,510 I-10 Exit 256,Spring Mount,PA,23,2.920
603716,AMBEST #6047,7450 US-287 Exit 375,West Blocton,AL,99,2.915
603717,Roadys Truck Stop #4820,2780 US-287 Exit 141,Spanaway,WA,92,3.814
603718,Pilot Travel Center #2921,6427 I-95 Exit 56,Novi,MI,323,2.875
603719,Sapp Bros #4887,6628 State Hwy 6 Exit 224,Tutwiler,MS,311,2.750
603720,Pilot Travel Center #8026,2955 I-95 Exit 236,Cameron,TX,77,2.772
603721,TA Travel Center #3958,2002 I-10 Exit 268,Avilla,IN,332,3.058
603722,Roadys Truck Stop #4045,3509 US-287 Exit 387,Alta,IA,376,3.130
603723,Petro Stopping Center #5841,3877 I-95 Exit 226,Mountainaire,AZ,185,3.540
603724,TA Travel Center #9431,433 I-10 Exit 103,Bennington,NE,263,3.089
603725,Road Ranger #5378,6479 I-10 Exit 305,New Carlisle,IN,257,3.186
603726,Petro Stopping Center #4662,131 I-80 Exit 231,Maryd,PA,265,3.114
603727,Flying J #6979,2260 I-10 Exit 194,Holly Lake Ranch,TX,283,3.278
603728,Petro Stopping Center #4950,1882 I-10 Exit 348,Twin Lakes,IA,151,3.053
603729,QuikTrip #9921,1004 US-287 Exit 147,Olathe,KS,234,2.997
603730,QuikTrip #2831,6666 I-10 Exit 10,Stanley,NM,389,3.482
603731,Roadys Truck Stop #445,8945 I-80 Exit 128,New Lebanon,IN,350,3.045
603732,AMBEST #366,325 I-10 Exit 326,North Puyallup,WA,89,3.922
603733,Bosselman Travel Center #7842,8887 I-40 Exit 216,Odon,IN,327,2.769
603734,TA Travel Center #4492,7012 US-287 Exit 324,Yarnell,AZ,161,3.560
603735,Flying J #178,2515 I-80 Exit 93,Starbuck,WA,88,3.949
603736,Loves Travel Stop #6632,442 I-80 Exit 164,Ihlen,MN,275,3.299
603737,Flying J #2959,2549 I-80 Exit 86,Retreat,TX,254,3.132
603738,TA Travel Center #4489,1269 State Hwy 6 Exit 30,Preston,KS,265,3.272
603739,Flying J #9212,8702 I-10 Exit 342,Green Oaks,IL,42,3.097
603740,AMBEST #9846,4540 I-95 Exit 343,Providence Village,TX,86,3.281
603741,AMBEST #2788,3616 I-10 Exit 99,Sedgwick,AR,65,3.219
603742,Petro Stopping Center #7062,6574 I-40 Exit 309,Grand Saline,TX,299,3.387
603743,Bosselman Travel Center #7386,1428 I-40 Exit 261,Essex Fells,NJ,363,3.257
603744,Flying J #2503,1917 I-80 Exit 330,Oakland,AR,117,3.157
603745,QuikTrip #5310,3025 I-40 Exit 399,West Leechburg,PA,134,2.997
603746,Petro Stopping Center #4316,7417 I-80 Exit 80,Randolph,MN,245,3.258
603747,Pilot Travel Center #940,4427 I-95 Exit 313,Coffee City,TX,349,2.675
603748,Petro Stopping Center #4265,2808 I-80 Exit 337,Star Valley,AZ,176,3.087
603749,Bosselman Travel Center #7512,3387 I-40 Exit 112,Learned,MS,252,2.995
603750,Sapp Bros #955,8696 I-80 Exit 225,Meadville,MS,138,3.332
603751,Flying J #2476,925 I-40 Exit 205,Elberta,PA,338,3.331
603752,Kwik Trip #4139,132 I-10 Exit 233,Lagrange,IN,250,3.103
603753,Flying J #7222,6355 State Hwy 6 Exit 390,Frederick,KS,187,3.311
603754,Kwik Trip #7337,8071 I-40 Exit 373,Tallapoosa,GA,376,2.972
603755,Road Ranger #5296,7764 I-80 Exit 116,Burbank,CA,120,3.623
603756,Flying J #8272,9763 I-40 Exit 95,Athelstan,IA,127,3.190
603757,Kwik Trip #9801,4868 I-10 Exit 29,Lynn,CO,168,3.073
603758,AMBEST #7612,6322 I-40 Exit 314,Wright City,MO,87,3.175
603759,QuikTrip #8693,2062 I-80 Exit 381,Emmons,MN,347,3.269
603760,AMBEST #6666,2635 US-287 Exit 277,Lanse,PA,19,2.980
603761,Bosselman Travel Center #5886,2693 I-80 Exit 135,Redlands,CA,337,3.774
603762,Roadys Truck Stop #1997,7470 I-10 Exit 126,Uplands Park,MO,229,3.206
603763,TA Travel Center #990,1392 State Hwy 6 Exit 373,Ossining,NY,355,3.109
603764,Loves Travel Stop #7410,5362 I-10 Exit 170,Kenmar,PA,171,3.061
603765,Road Ranger #6513,7549 State Hwy 6 Exit 151,Country Club Hills,IL,246,3.097
603766,Roadys Truck Stop #7526,5075 US-287 Exit 134,Oakwood,OK,355,3.227
603767,Bosselman Travel Center #8424,9334 I-40 Exit 364,Koshkonong,MO,252,3.297
603768,QuikTrip #8155,8609 I-10 Exit 365,Mound,LA,264,2.920
603769,Pilot Travel Center #3950,397 I-80 Exit 147,Clay Springs,AZ,385,3.376
603770,AMBEST #131,259 I-95 Exit 110,Upper Greenwood Lake,NJ,115,3.050
603771,Petro Stopping Center #2076,8839 State Hwy 6 Exit 62,Fort Valley,AZ,400,3.445
603772,AMBEST #399,3310 I-95 Exit 321,Hayes,LA,100,3.114
603773,Pilot Travel Center #3865,8448 I-40 Exit 98,Neosho Rapids,KS,385,3.013
603774,Flying J #7325,3705 I-40 Exit 78,Ettrick,VA,365,3.137
603775,Bosselman Travel Center #6148,572 US-287 Exit 283,Needham,AL,264,2.679
603776,Road Ranger #9036,1874 I-95 Exit 278,Bear Creek,TX,256,2.736
603777,Road Ranger #6079,9359 I-95 Exit 237,Dexter,MN,117,3.186
603778,Bosselman Travel Center #2281,7980 I-95 Exit 20,Thorndale,TX,319,3.130
603779,Bosselman Travel Center #2447,8651 I-80 Exit 359,New Ross,IN,340,2.891
603780,Flying J #9569,1642 I-10 Exit 20,Rosenberg,TX,215,2.903
603781,TA Travel Center #611,4629 State Hwy 6 Exit 236,Devers,TX,288,2.884
603782,Pilot Travel Center #3746,8993 I-40 Exit 199,Haven,KS,297,3.195
603783,Loves Travel Stop #9462,4317 I-95 Exit 202,Bay Village,OH,246,3.334
603784,Road Ranger #8911,6767 US-287 Exit 140,Olmitz,KS,141,3.236
603785,Bosselman Travel Center #1152,2066 I-95 Exit 180,Rupert,PA,42,3.240
603786,AMBEST #2827,7314 I-80 Exit 166,Mckinney,TX,172,3.100
603787,QuikTrip #3844,341 I-10 Exit 53,Black Creek,NC,259,3.032
603788,TA Travel Center #5628,8343 US-287 Exit 90,Waverly,VA,115,2.843
603789,Pilot Travel Center #2249,2743 I-10 Exit 375,Gages Lake,IL,244,3.451
603790,TA Travel Center #8042,6200 I-80 Exit 59,Ojo Sarco,NM,352,3.177
603791,Sapp Bros #2853,8081 I-10 Exit 342,Puckett,MS,76,3.019
603792,Road Ranger #4464,3730 US-287 Exit 35,Linthicum,MD,373,3.412
603793,Roadys Truck Stop #6386,3931 I-95 Exit 82,Taylor,PA,214,2.816
603794,Bosselman Travel Center #7295,2260 State Hwy 6 Exit 226,Mount Sterling,IA,239,3.154
603795,Loves Travel Stop #9468,8438 I-10 Exit 141,Nodaway,IA,209,3.198
603796,Petro Stopping Center #6556,5529 I-10 Exit 226,Jonesboro,IL,147,3.073
603797,Pilot Travel Center #6342,8918 I-80 Exit 133,Hull,TX,354,2.726
603798,AMBEST #9856,8356 State Hwy 6 Exit 49,Palm Beach Shores,FL,219,2.611
603799,Road Ranger #4856,6662 I-80 Exit 315,North Wantagh,NY,65,2.822
603800,QuikTrip #3262,6483 I-40 Exit 167,Salado,AR,124,2.922
603801,Bosselman Travel Center #133,9008 I-40 Exit 44,Indian Point,MO,7,3.239
603802,Road Ranger #7815,8954 I-80 Exit 60,Rutland,IA,266,3.136
603803,TA Travel Center #6794,3431 State Hwy 6 Exit 328,Ashley,IN,129,3.287
603804,AMBEST #880,3504 I-80 Exit 96,College Springs,IA,163,3.181
603805,Pilot Travel Center #8541,1549 I-95 Exit 102,Dixon,MO,119,2.991
603806,QuikTrip #4330,4869 US-287 Exit 136,Lost Creek,TX,338,2.995
603807,Road Ranger #5834,4746 US-287 Exit 247,North Haledon,NJ,83,2.737
603808,Road Ranger #9925,2962 US-287 Exit 145,Saint Peters,MO,225,3.198
603809,AMBEST #7631,1342 State Hwy 6 Exit 160,Oak Lane Colony,SD,13,3.051
603810,Roadys Truck Stop #7462,9413 I-95 Exit 382,Massac,KY,134,3.143
603811,TA Travel Center #194,6259 I-40 Exit 112,Riverview Estates,MO,242,2.654
603812,TA Travel Center #3230,7516 State Hwy 6 Exit 44,Eagle Lake,PA,288,3.290
603813,TA Travel Center #5296,3447 I-40 Exit 279,Western,NE,253,2.856
603814,Bosselman Travel Center #576,9932 I-40 Exit 91,Pine Island,MN,257,3.089
603815,Loves Travel Stop #2986,1450 I-80 Exit 208,New Baltimore,MI,112,2.955
603816,Road Ranger #9199,1929 US-287 Exit 223,Glasgow Village,MO,245,3.413
603817,Loves Travel Stop #650,2934 State Hwy 6 Exit 88,North Madison,OH,88,3.026
603818,Road Ranger #1773,3373 I-80 Exit 163,Ulen,IN,215,2.804
603819,TA Travel Center #8414,4820 US-287 Exit 118,Grafton,IL,250,2.928
603820,TA Travel Center #8292,4263 I-40 Exit 371,Genesee,ID,51,3.498
603821,TA Travel Center #5913,2273 I-40 Exit 23,Benton,IN,136,3.097
603822,Loves Travel Stop #8961,2666 I-95 Exit 391,District Heights,MD,333,3.121
603823,Loves Travel Stop #2614,4878 State Hwy 6 Exit 317,Malden,MO,204,2.948
603824,AMBEST #7742,8506 I-80 Exit 14,Winterville,MS,99,2.863
603825,Loves Travel Stop #8131,2876 I-95 Exit 382,Saline City,IN,137,3.295
603826,QuikTrip #5839,1416 I-80 Exit 250,Moenkopi,AZ,213,3.573
603827,AMBEST #8866,4324 I-95 Exit 58,Blooming Prairie,MN,156,3.112
603828,Bosselman Travel Center #6338,8204 I-95 Exit 315,Bellflower,IL,52,3.005
603829,Kwik Trip #4860,5446 I-40 Exit 320,Inkster,MI,79,3.375
603830,Petro Stopping Center #7088,5838 I-80 Exit 263,Elmhurst,IL,173,3.104
603831,Loves Travel Stop #9438,4398 I-40 Exit 192,Hayward,MO,207,2.768
603832,Sapp Bros #9634,3607 I-10 Exit 130,Hancock,IA,28,3.034
603833,Loves Travel Stop #870,7666 US-287 Exit 90,Lake Petersburg,IL,281,2.782
603834,Bosselman Travel Center #7863,2796 I-80 Exit 174,Anchor,IL,242,3.177
603835,Road Ranger #5357,875 I-80 Exit 90,Paxico,KS,173,2.836
603836,Loves Travel Stop #2664,3125 State Hwy 6 Exit 87,Central City,AR,191,2.792
603837,Petro Stopping Center #4776,9440 US-287 Exit 162,Dawson,IL,321,3.335
603838,QuikTrip #9546,5296 I-95 Exit 68,Fort Cobb,OK,170,3.148
603839,Petro Stopping Center #7111,7790 State Hwy 6 Exit 77,Florence,KS,122,2.982
603840,QuikTrip #8622,3233 I-95 Exit 6,Manila,AR,228,2.914
603841,Sapp Bros #1418,6770 I-80 Exit 279,Northfield,IL,3,3.014
603842,QuikTrip #4997,313 I-95 Exit 356,Sandia Heights,NM,297,3.420
603843,Pilot Travel Center #7620,3518 State Hwy 6 Exit 369,Wanaque,NJ,70,3.301
603844,Loves Travel Stop #8284,6492 US-287 Exit 273,Coahoma,MS,8,3.406
603845,Flying J #6653,1229 US-287 Exit 325,Bethesda,MD,342,3.088
603846,Pilot Travel Center #3086,9850 I-40 Exit 314,Maplewood Park,OH,186,2.948
603847,Roadys Truck Stop #5553,416 I-10 Exit 167,Redwood,TX,383,2.845
603848,Loves Travel Stop #4544,9449 I-80 Exit 65,New Riegel,OH,276,3.060
603849,Flying J #5474,6678 I-40 Exit 364,Little Silver,NJ,69,3.234
603850,Sapp Bros #1149,1443 I-10 Exit 250,Navy Yard City,WA,396,4.110
603851,Petro Stopping Center #8473,6754 I-80 Exit 213,Point Venture,TX,319,3.079
603852,Pilot Travel Center #5836,8929 US-287 Exit 201,Johnson Siding,SD,18,3.572
603853,QuikTrip #197,4406 I-80 Exit 173,Pine Prairie,LA,344,2.925
603854,Bosselman Travel Center #3236,1417 State Hwy 6 Exit 83,Crescent,OK,217,2.927
603855,Loves Travel Stop #646,8965 I-10 Exit 135,Lake Milton,OH,168,2.783
603856,Loves Travel Stop #4211,7421 I-10 Exit 303,Venice,NE,204,3.363
603857,Loves Travel Stop #3041,7011 US-287 Exit 26,Bridgeport,IL,271,2.840
603858,QuikTrip #6000,5588 I-95 Exit 164,Coral,IL,100,3.051
603859,QuikTrip #9773,9948 I-10 Exit 245,Wasta,SD,276,3.628
603860,Roadys Truck Stop #6969,8537 I-10 Exit 23,Holly Springs,GA,320,2.889
603861,Roadys Truck Stop #5507,1378 I-40 Exit 295,Trenton,TX,282,3.402
603862,Kwik Trip #7397,4783 I-10 Exit 156,Eastchester,NY,362,2.994
603863,QuikTrip #3280,3060 I-40 Exit 244,Clayton,MI,328,2.905
603864,Sapp Bros #4906,5310 State Hwy 6 Exit 147,Pace,MS,245,3.077
603865,AMBEST #7671,482 State Hwy 6 Exit 21,Longfellow,PA,267,3.123
603866,Road Ranger #5658,9145 I-10 Exit 260,Toad Hop,IN,343,2.774
603867,Flying J #5212,8952 US-287 Exit 213,Urbandale,IA,146,3.101
603868,TA Travel Center #7741,6082 US-287 Exit 43,Corona,CA,37,3.387
603869,Road Ranger #5371,7076 US-287 Exit 77,Brunersburg,OH,243,2.733
603870,AMBEST #5740,6372 I-80 Exit 200,Anna,TX,206,3.165
603871,Bosselman Travel Center #9348,8910 I-40 Exit 277,Mountain View,CO,30,3.401
603872,Bosselman Travel Center #2548,534 I-40 Exit 286,Beverly Shores,IN,167,3.018
603873,Petro Stopping Center #6621,4002 I-40 Exit 217,Brea,CA,369,3.677
603874,Road Ranger #6802,740 State Hwy 6 Exit 352,Portland,PA,206,2.952
603875,AMBEST #5163,9342 I-80 Exit 83,Putnamville,IN,123,2.925
603876,Kwik Trip #3550,8541 I-95 Exit 104,Big Spring,MO,372,3.082
603877,Flying J #3814,1556 US-287 Exit 298,Fort Shawnee,OH,128,2.993
603878,Petro Stopping Center #8475,5419 I-95 Exit 352,Roscoe,MT,85,3.414
603879,Kwik Trip #2948,230 State Hwy 6 Exit 220,Teterboro,NJ,223,3.031
603880,Bosselman Travel Center #7447,1536 I-40 Exit 291,Benton,WI,11,3.224
603881,Pilot Travel Center #2584,8897 I-40 Exit 1,Tarboro,NC,21,3.398
603882,Road Ranger #6950,6640 State Hwy 6 Exit 47,Randolph,IA,239,3.149
603883,Kwik Trip #314,8425 I-10 Exit 262,Countryside,VA,208,3.112
603884,Bosselman Travel Center #9608,1238 State Hwy 6 Exit 74,Blanco,NM,254,3.270
603885,Road Ranger #8066,6882 US-287 Exit 2,Saint Libory,NE,76,3.339
603886,Petro Stopping Center #2751,5907 I-40 Exit 389,Boswell South Corner,VA,44,2.889
603887,TA Travel Center #2280,9502 I-40 Exit 186,Lake Park,IA,104,2.997
603888,Bosselman Travel Center #2660,7983 I-40 Exit 304,Prairieton,IN,238,3.212
603889,Roadys Truck Stop #6561,2004 State Hwy 6 Exit 86,Calcutta,OH,148,3.273
603890,Flying J #3583,8792 I-40 Exit 57,New Witten,SD,343,3.473
603891,Pilot Travel Center #7872,828 I-40 Exit 225,Llano Del Medio,NM,237,3.329
603892,Petro Stopping Center #6592,423 I-95 Exit 114,Westwood,KS,152,2.700
603893,Kwik Trip #6248,4447 I-95 Exit 60,Vera Cruz,IN,250,3.086
603894,Kwik Trip #3412,1659 I-80 Exit 105,Alondra Park,CA,114,3.657
603895,Loves Travel Stop #5324,3807 US-287 Exit 307,Prescott,WI,256,3.071
603896,QuikTrip #4797,1271 I-10 Exit 16,Brookland,AR,386,3.094
603897,AMBEST #3725,7514 US-287 Exit 54,Poland,OH,153,3.198
603898,Road Ranger #6790,6399 I-95 Exit 351,Reedurban,OH,296,3.173
603899,Kwik Trip #3163,3206 I-95 Exit 368,Benton,AL,233,2.843
603900,AMBEST #2240,7395 I-95 Exit 202,Miles,IA,17,2.791
603901,TA Travel Center #8713,4849 I-10 Exit 320,Brushy,OK,399,3.154
603902,Sapp Bros #6102,5929 I-10 Exit 342,Stites,ID,9,3.724
603903,Loves Travel Stop #2412,1187 I-10 Exit 308,Little Cypress,TX,344,3.082
603904,Petro Stopping Center #9800,9761 US-287 Exit 67,Elwin,IL,165,2.785
603905,Flying J #5619,9548 US-287 Exit 122,Emerson,IA,4,3.293
603906,Sapp Bros #4549,9426 I-10 Exit 250,Yankee Lake,OH,30,3.204
603907,Sapp Bros #4850,4297 US-287 Exit 348,Round Lake,MN,340,3.062
603908,Sapp Bros #2521,1252 I-40 Exit 71,Jacksonville,TX,20,2.966
603909,AMBEST #3455,8363 I-95 Exit 342,East Rancho Dominguez,CA,244,3.863
603910,Flying J #7137,463 US-287 Exit 68,Beechwood,MS,35,3.005
603911,TA Travel Center #1727,200 I-40 Exit 147,Cortland,OH,209,2.868
603912,Sapp Bros #2463,1424 I-40 Exit 31,Sikeston,MO,270,2.989
603913,Petro Stopping Center #9131,7171 US-287 Exit 154,Nescopeck,PA,90,2.858
603914,Road Ranger #7201,8574 State Hwy 6 Exit 73,Woodloch,TX,94,3.326
603915,TA Travel Center #1003,5379 US-287 Exit 146,Stillwater,PA,49,3.060
603916,Roadys Truck Stop #8257,3619 I-95 Exit 375,Aurora,IL,74,3.106
603917,Bosselman Travel Center #3647,6841 I-95 Exit 17,Fenton,MO,239,3.386
603918,Petro Stopping Center #8559,8168 I-80 Exit 367,Jansen,NE,124,3.119
603919,Sapp Bros #8692,3178 I-95 Exit 324,Long Lake,IL,295,2.979
603920,Sapp Bros #1453,7671 US-287 Exit 326,Elkport,IA,72,2.891
603921,Pilot Travel Center #5083,7712 State Hwy 6 Exit 12,Valle,AZ,21,3.484
603922,Pilot Travel Center #7418,6501 I-80 Exit 237,Lake Winnebago,MO,128,3.173
603923,TA Travel Center #6030,5717 I-80 Exit 280,Clarksville,IA,81,2.841
603924,Flying J #9250,3937 I-80 Exit 357,Union Hill Novelty Hill,WA,203,3.991
603925,TA Travel Center #2188,5626 I-40 Exit 218,Laurel,MS,107,2.958
603926,Flying J #2343,3899 I-40 Exit 37,Folsom,NM,134,3.411
603927,Roadys Truck Stop #4304,7047 State Hwy 6 Exit 187,Leonville,LA,399,3.107
603928,Pilot Travel Center #9966,5453 I-10 Exit 152,Oceanport,NJ,44,3.043
603929,Kwik Trip #5266,2810 I-40 Exit 109,Costilla,NM,300,3.020
603930,Loves Travel Stop #421,4626 US-287 Exit 111,Bennington,OK,112,3.060
603931,Pilot Travel Center #6056,808 I-95 Exit 277,Ringtown,PA,28,3.182
603932,Flying J #4264,772 I-10 Exit 297,Morenci,MI,210,2.891
603933,Road Ranger #423,998 I-10 Exit 271,Onaway,ID,247,3.893
603934,Petro Stopping Center #8729,6527 US-287 Exit 168,Rio,FL,267,2.831
603935,AMBEST #5067,2647 I-80 Exit 180,Decatur,IN,95,3.195
603936,Kwik Trip #5861,7760 US-287 Exit 188,Fort Dodge,KS,355,3.049
603937,Roadys Truck Stop #4904,5207 I-80 Exit 298,Riverdale,GA,90,2.860
603938,Loves Travel Stop #9979,3543 I-80 Exit 185,Pleasant Dale,NE,67,3.148
603939,Road Ranger #6781,7329 US-287 Exit 313,White Hall,IL,144,3.145
603940,TA Travel Center #1577,7052 State Hwy 6 Exit 30,Monaca,PA,314,3.170
603941,Sapp Bros #2962,3227 I-95 Exit 53,Bonnie Brae,IL,141,2.952
603942,Road Ranger #4814,3075 I-10 Exit 12,New Haven,IL,375,2.941
603943,Road Ranger #3743,5312 State Hwy 6 Exit 256,Rosser,TX,231,2.984
603944,Petro Stopping Center #931,4849 I-95 Exit 126,Wikieup,AZ,265,3.494
603945,Roadys Truck Stop #3592,6244 I-80 Exit 387,Ashton,IA,118,3.517
603946,Sapp Bros #5854,3443 I-80 Exit 375,North Little Rock,AR,240,3.015
603947,Flying J #4975,8015 State Hwy 6 Exit 333,Mill Creek,WA,222,3.999
603948,Road Ranger #7217,5347 I-95 Exit 183,Dresser,IN,261,3.413
603949,TA Travel Center #7538,7163 US-287 Exit 154,Tull,AR,323,3.118
603950,Bosselman Travel Center #9713,1211 US-287 Exit 347,Livingston,MT,327,3.256
603951,Kwik Trip #9438,8117 I-80 Exit 326,Distant,PA,15,2.919
603952,Kwik Trip #5354,8742 I-40 Exit 138,Powderly,TX,343,2.825
603953,AMBEST #5211,2178 I-95 Exit 269,Michiana,MI,364,3.163
603954,Roadys Truck Stop #1975,445 State Hwy 6 Exit 161,South Glastonbury,MT,13,3.780
603955,Sapp Bros #6585,1387 I-40 Exit 367,Wakarusa,IN,178,3.245
603956,Loves Travel Stop #810,8189 US-287 Exit 305,Franconia,VA,321,3.016
603957,Kwik Trip #2109,9314 I-95 Exit 206,Riviera Beach,MD,387,2.941
603958,Loves Travel Stop #1515,6198 I-95 Exit 271,Bloomfield,MO,312,2.946
603959,Pilot Travel Center #1150,8095 I-40 Exit 376,Mayo,MD,258,2.987
603960,QuikTrip #228,1397 I-10 Exit 96,Bennett,IA,213,3.131
603961,Kwik Trip #3602,2014 US-287 Exit 389,Minden,IA,208,3.279
603962,TA Travel Center #1087,6495 I-40 Exit 192,Elmo,TX,328,3.341
603963,Loves Travel Stop #1681,6715 I-95 Exit 394,Apple Canyon Lake,IL,247,3.083
603964,Petro Stopping Center #4143,5567 I-80 Exit 208,Second Mesa,AZ,283,3.490
603965,TA Travel Center #1200,4972 I-10 Exit 230,West Hamburg,PA,43,3.078
603966,TA Travel Center #4151,2936 State Hwy 6 Exit 362,Mounds View,MN,54,3.127
603967,Pilot Travel Center #7863,4137 I-80 Exit 175,Stony Creek,VA,232,2.837
603968,Loves Travel Stop #3064,4033 I-40 Exit 104,Fair Oaks,VA,154,3.309
603969,Kwik Trip #9335,1106 US-287 Exit 210,Carbon,IN,365,3.074
603970,Loves Travel Stop #7355,2355 I-40 Exit 378,Norton,OH,30,3.395
603971,AMBEST #4684,6573 I-80 Exit 395,Brookfield,NJ,35,3.140
603972,Roadys Truck Stop #7552,364 I-10 Exit 35,Broadview,IL,290,2.898
603973,Kwik Trip #8209,8857 I-80 Exit 180,Hampstead,NC,11,2.964
603974,Petro Stopping Center #6024,3205 I-40 Exit 281,Smithville,MO,55,2.943
603975,Flying J #1658,2535 US-287 Exit 150,Stamford,NE,227,3.604
603976,Bosselman Travel Center #8285,3263 US-287 Exit 53,Brook Park,OH,121,3.103
603977,Sapp Bros #450,5703 US-287 Exit 355,Woodworth,LA,4,2.675
603978,Petro Stopping Center #8010,1895 I-10 Exit 285,Bassett,IA,350,3.215
603979,Roadys Truck Stop #2228,9722 US-287 Exit 99,Grafton,OH,210,3.014
603980,Loves Travel Stop #4942,5556 I-80 Exit 386,Walton,KS,316,3.101
603981,Petro Stopping Center #9157,236 State Hwy 6 Exit 69,Nisland,SD,400,3.684
603982,Kwik Trip #4199,5780 I-10 Exit 266,Clyde,OH,142,3.138
603983,Sapp Bros #8876,5036 I-40 Exit 91,Dunreith,IN,68,3.221
603984,Roadys Truck Stop #194,2223 I-40 Exit 284,Rye,NY,28,3.320
603985,Roadys Truck Stop #7207,8044 I-80 Exit 172,Kalamazoo,MI,91,2.997
603986,Road Ranger #4748,4268 US-287 Exit 180,Lake Arbor,MD,63,3.104
603987,Road Ranger #9746,726 State Hwy 6 Exit 226,Milford,KS,251,3.098
603988,Road Ranger #227,9220 I-80 Exit 8,Riverdale,NJ,213,3.181
603989,Flying J #4633,4937 I-80 Exit 372,Cable,IL,251,3.299
603990,Kwik Trip #4297,2837 US-287 Exit 228,Winfield,IL,373,3.254
603991,Sapp Bros #4516,3135 I-80 Exit 236,Goldsmith,IN,123,2.947
603992,Bosselman Travel Center #7575,2157 US-287 Exit 268,Park Ridge,NJ,215,3.312
603993,Kwik Trip #8450,3275 I-80 Exit 83,North Bend,PA,171,3.292
603994,Flying J #5615,530 I-80 Exit 94,Beason,IL,230,2.803
603995,QuikTrip #4385,6580 I-10 Exit 297,Chestnut,IL,4,3.153
603996,QuikTrip #1913,3699 State Hwy 6 Exit 5,Chanhassen,MN,174,3.321
603997,Kwik Trip #8195,8145 I-10 Exit 172,Westwood,MO,72,3.223
603998,AMBEST #2724,839 I-40 Exit 376,Broadlands,VA,157,3.326
603999,Pilot Travel Center #2562,3619 I-10 Exit 144,Pickrell,NE,69,3.807
604000,Flying J #3804,9029 State Hwy 6 Exit 328,Woxall,PA,108,2.935
604001,Kwik Trip #5043,6210 I-80 Exit 184,Altoona,IA,17,3.120
604002,Sapp Bros #6839,4030 I-95 Exit 102,Geneva,NE,207,3.074
604003,Roadys Truck Stop #6907,9370 US-287 Exit 328,Clemons,IA,387,3.230
604004,Kwik Trip #6248,5083 I-95 Exit 37,Kelleys Island,OH,311,3.415
604005,Bosselman Travel Center #7958,8980 I-10 Exit 165,Mcveytown,PA,356,3.175
604006,AMBEST #5172,4912 US-287 Exit 372,Atlantis,FL,165,3.025
604007,Flying J #2747,9872 State Hwy 6 Exit 255,Elgin,IL,255,3.223
604008,Bosselman Travel Center #5205,2658 I-95 Exit 108,Inglewood,CA,46,3.991
604009,Kwik Trip #9006,8707 I-10 Exit 202,Midland Park,NJ,56,2.948
604010,Flying J #4095,5005 I-80 Exit 263,Tijeras,NM,18,3.460
604011,Bosselman Travel Center #1438,1695 US-287 Exit 133,Olivet,SD,375,3.343
604012,Petro Stopping Center #7708,7576 I-40 Exit 388,Stonewall Gap,CO,183,3.468
604013,AMBEST #4345,9502 I-40 Exit 37,Cuba,AL,346,3.125
604014,Pilot Travel Center #7122,6182 I-10 Exit 139,Sunset,LA,253,2.929
604015,Roadys Truck Stop #5889,1666 I-80 Exit 218,Madison Park,NJ,248,2.962
604016,Road Ranger #4581,9883 I-40 Exit 235,Glen Richey,PA,183,2.809
604017,Flying J #5808,1760 I-80 Exit 263,Valley Cottage,NY,128,3.080
604018,TA Travel Center #9361,3641 I-80 Exit 155,Hodgkins,IL,342,3.260
604019,Bosselman Travel Center #5428,7013 US-287 Exit 56,Lena,IL,172,3.069
604020,Road Ranger #3600,963 I-95 Exit 154,Naranja,FL,250,2.843
604021,Roadys Truck Stop #695,5705 I-95 Exit 219,Kouts,IN,230,2.859
604022,Sapp Bros #7190,1472 I-80 Exit 140,Austell,GA,290,3.170
604023,Kwik Trip #3679,3870 US-287 Exit 133,Seneca,PA,50,3.019
604024,Bosselman Travel Center #6398,9626 I-10 Exit 379,Arlington,VA,398,3.250
604025,Flying J #8443,9718 I-80 Exit 191,Beech Mountain Lakes,PA,345,3.210
604026,Petro Stopping Center #9855,3765 State Hwy 6 Exit 110,Big Sandy,TX,386,3.211
604027,Sapp Bros #2714,881 I-95 Exit 116,Dakota,IL,44,3.108
604028,Roadys Truck Stop #8532,7010 State Hwy 6 Exit 354,East Newnan,GA,136,2.944
604029,Petro Stopping Center #7440,8688 State Hwy 6 Exit 270,Catawissa,PA,231,3.094
604030,Loves Travel Stop #8814,1519 I-40 Exit 207,Oklahoma,PA,316,3.099
604031,Petro Stopping Center #4212,1978 I-10 Exit 281,Whitehouse,TX,74,2.827
604032,AMBEST #1445,8363 I-10 Exit 391,Kenner,LA,240,3.123
604033,AMBEST #1031,1966 US-287 Exit 117,Mark,IL,369,2.864
604034,Petro Stopping Center #443,5846 US-287 Exit 40,Cusseta,AL,296,2.897
604035,Loves Travel Stop #9651,9697 I-95 Exit 154,Singer,LA,368,3.162
604036,AMBEST #5316,2088 I-40 Exit 247,Reno Beach,OH,148,2.947
604037,TA Travel Center #6497,1409 US-287 Exit 68,Brent,OK,73,3.149
604038,Petro Stopping Center #5963,1441 I-80 Exit 86,Cahokia Heights,IL,269,2.975
604039,AMBEST #5491,8315 I-95 Exit 330,Moosic,PA,398,3.301
604040,Pilot Travel Center #9268,1988 I-40 Exit 381,Guilford Lake,OH,121,2.955
604041,Sapp Bros #7520,4623 I-80 Exit 45,Elkhart,TX,285,2.935
604042,Pilot Travel Center #5201,9641 I-80 Exit 131,Kalona,IA,206,3.061
604043,Pilot Travel Center #2074,2569 I-95 Exit 321,Vernon Valley,NJ,184,3.078
604044,Bosselman Travel Center #7596,3027 State Hwy 6 Exit 397,Turley,NM,117,3.657
604045,Loves Travel Stop #5587,961 I-95 Exit 37,Country Club,FL,5,2.767
604046,Pilot Travel Center #4499,2218 I-10 Exit 297,Wanamassa,NJ,184,3.022
604047,AMBEST #7455,9910 I-40 Exit 110,East Rutherford,NJ,165,3.079
604048,Roadys Truck Stop #4537,2552 I-10 Exit 335,Milford,IA,271,3.169
604049,TA Travel Center #3740,5996 I-95 Exit 257,Morris Plains,NJ,144,3.160
604050,QuikTrip #6627,1389 I-95 Exit 368,Yonkers,NY,215,2.902
604051,Petro Stopping Center #8593,4727 I-40 Exit 90,El Monte,CA,42,3.755
604052,Roadys Truck Stop #672,5837 I-95 Exit 330,Tuscaloosa,AL,105,3.124
604053,QuikTrip #793,6520 I-80 Exit 238,Jackson,MN,74,3.130
604054,Petro Stopping Center #3536,6351 I-40 Exit 57,Charles City,VA,126,3.146
604055,Kwik Trip #8844,7869 I-40 Exit 363,Hanover,MI,165,2.747
604056,Roadys Truck Stop #2749,8405 US-287 Exit 255,Reading,MI,376,3.168
604057,Sapp Bros #5053,8353 State Hwy 6 Exit 23,Rantoul,KS,379,3.138
604058,Petro Stopping Center #6847,2031 US-287 Exit 193,Canton,OH,294,2.879
604059,Bosselman Travel Center #4680,8528 I-80 Exit 263,Ore City,TX,323,2.845
604060,Loves Travel Stop #7220,7025 I-95 Exit 174,Tekonsha,MI,284,3.319
604061,Roadys Truck Stop #7546,7300 I-95 Exit 309,Cotter,AR,171,3.054
604062,Bosselman Travel Center #7481,5606 I-80 Exit 314,East Hills,NY,108,3.180
604063,Pilot Travel Center #3818,6501 I-40 Exit 314,Shongopovi,AZ,293,3.397
604064,Road Ranger #453,4161 I-95 Exit 353,Ellendale,MN,379,3.085
604065,Roadys Truck Stop #1929,6180 I-10 Exit 225,Pikeville,NC,329,3.073
604066,TA Travel Center #3201,6538 I-95 Exit 103,Greenfield,IL,231,2.939
604067,Road Ranger #8693,240 I-10 Exit 112,Princeton,IL,232,3.152
604068,Roadys Truck Stop #5374,8917 I-95 Exit 11,East Salem,PA,234,3.118
604069,Petro Stopping Center #6706,2004 I-10 Exit 76,Severn,NC,21,3.044
604070,Petro Stopping Center #5450,6290 US-287 Exit 223,Cadiz,IN,200,3.255
604071,Flying J #6415,3536 State Hwy 6 Exit 100,Kokomo,IN,362,2.814
604072,Flying J #2442,2402 I-80 Exit 108,Fridley,MN,30,3.039
604073,Petro Stopping Center #3099,1686 I-40 Exit 119,Calverton,MD,252,2.694
604074,Bosselman Travel Center #9094,3147 I-40 Exit 155,Dupo,IL,330,2.811
604075,Kwik Trip #7406,9321 I-10 Exit 378,Springfield,NE,111,3.071
604076,Loves Travel Stop #2957,3896 I-80 Exit 172,Sterling,IL,396,3.099
604077,QuikTrip #9420,3667 I-10 Exit 254,Merritt,IL,323,2.804
604078,Bosselman Travel Center #212,1423 I-80 Exit 308,North Potomac,MD,67,3.121
604079,Bosselman Travel Center #2226,2635 I-40 Exit 35,Cyril,OK,120,3.127
604080,Petro Stopping Center #5360,7870 US-287 Exit 366,Wolf Creek Colony,SD,4,3.216
604081,AMBEST #9149,5373 I-40 Exit 371,Langleyville,IL,242,3.012
604082,Loves Travel Stop #1424,3800 I-95 Exit 80,Sandia Park,NM,276,3.132
604083,TA Travel Center #3316,6841 I-95 Exit 217,Carney,OK,384,3.047
604084,TA Travel Center #7188,9290 I-80 Exit 45,Farmersville,IL,123,3.191
604085,Kwik Trip #327,415 I-10 Exit 351,Connell,WA,112,4.025
604086,Flying J #7205,7570 I-10 Exit 393,Lake Waukomis,MO,102,2.991
604087,Road Ranger #6728,1249 US-287 Exit 369,Albertville,MN,32,3.079
604088,Loves Travel Stop #4827,6076 State Hwy 6 Exit 45,Dequincy,LA,343,3.233
604089,Road Ranger #5335,8880 I-40 Exit 259,Kismet,KS,57,3.198
604090,Road Ranger #9969,4826 I-10 Exit 78,Woodhull,IL,297,3.071
604091,TA Travel Center #2789,3965 I-40 Exit 381,Milroy,PA,318,2.886
604092,Road Ranger #5718,8662 I-95 Exit 108,Belcher,LA,330,3.020
604093,AMBEST #2511,786 I-40 Exit 20,Clayton,IN,349,2.796
604094,Road Ranger #1329,217 State Hwy 6 Exit 82,Spencer,OH,118,2.981
604095,TA Travel Center #2421,8254 US-287 Exit 380,Worthington,MN,226,2.830
604096,Loves Travel Stop #5162,4482 I-40 Exit 4,Thayer,NE,261,3.124
604097,Kwik Trip #3433,5130 US-287 Exit 129,Georgetown,MS,78,2.894
604098,TA Travel Center #4469,9899 US-287 Exit 48,Lake Mills,IA,254,3.280
604099,Kwik Trip #5532,9093 US-287 Exit 244,Locust Grove,GA,384,2.915
604100,Bosselman Travel Center #2239,8404 I-10 Exit 328,Hanover,WI,98,3.107
604101,Loves Travel Stop #1005,9979 I-40 Exit 192,Hartline,WA,225,4.036
604102,Loves Travel Stop #273,4886 I-10 Exit 123,Quakertown,PA,379,2.965
604103,Bosselman Travel Center #7384,9571 I-10 Exit 90,Schaumburg,IL,123,3.459
604104,Pilot Travel Center #2599,5028 I-80 Exit 179,Sims,IL,24,2.994
604105,Sapp Bros #6490,3431 I-40 Exit 29,Weir,TX,193,3.074
604106,Kwik Trip #4907,4713 I-40 Exit 281,Atwater,OH,240,2.912
604107,QuikTrip #7176,8947 I-95 Exit 213,Clayton,OK,45,2.893
604108,AMBEST #8836,7274 I-10 Exit 96,Garfield,WA,289,3.417
604109,Roadys Truck Stop #2153,425 US-287 Exit 88,Sebring,OH,394,2.950
604110,Road Ranger #9046,1543 I-40 Exit 48,Alpha,MN,353,3.032
604111,Petro Stopping Center #1138,869 I-10 Exit 15,Advance,IN,270,3.066
604112,Bosselman Travel Center #3032,3566 I-40 Exit 199,Peterson,IA,177,3.023
604113,Loves Travel Stop #1997,7943 State Hwy 6 Exit 286,Everetts,NC,83,3.123
604114,Loves Travel Stop #5342,2590 I-95 Exit 264,Eatontown,NJ,14,2.958
604115,Pilot Travel Center #5178,6924 I-40 Exit 187,Ojus,FL,141,2.907
604116,Pilot Travel Center #8390,5024 I-10 Exit 330,Des Allemands,LA,301,2.996
604117,Road Ranger #5575,1527 State Hwy 6 Exit 384,Largo,MD,8,3.144
604118,Pilot Travel Center #4733,7953 I-80 Exit 12,Hawthorne,CA,269,3.636
604119,QuikTrip #9257,8997 State Hwy 6 Exit 170,Dublin,IN,65,3.002
604120,Road Ranger #8655,4266 US-287 Exit 60,Cherry Valley,IL,120,3.168
604121,Flying J #3246,5369 I-95 Exit 334,Cherry Valley,AR,28,3.200
604122,Loves Travel Stop #1076,3635 State Hwy 6 Exit 384,Catherine,AL,245,2.805
604123,Pilot Travel Center #560,2425 I-80 Exit 110,Lawrence,NE,163,3.066
604124,Pilot Travel Center #7253,2949 State Hwy 6 Exit 159,Hackett,AR,343,3.002
604125,Loves Travel Stop #6162,7855 I-40 Exit 261,Lehighton,PA,272,3.149
604126,Roadys Truck Stop #685,4423 I-40 Exit 195,Monroe Center,IL,52,3.294
604127,Petro Stopping Center #3782,5698 US-287 Exit 113,Farmington Hills,MI,366,2.980
604128,Road Ranger #8341,9476 I-80 Exit 158,High Amana,IA,178,3.449
604129,AMBEST #5267,7515 I-10 Exit 147,Vining,IA,334,2.975
604130,Flying J #3308,3877 I-40 Exit 140,Madrone,NM,9,3.426
604131,Flying J #822,5652 I-95 Exit 399,Golden Beach,FL,42,2.779
604132,Kwik Trip #5831,3969 US-287 Exit 2,East Verde Estates,AZ,221,3.486
604133,TA Travel Center #9968,2590 US-287 Exit 275,Northlake,TX,340,3.351
604134,Bosselman Travel Center #4621,1132 I-95 Exit 336,New York,NY,393,3.146
604135,Petro Stopping Center #4035,7361 I-80 Exit 122,Merrick,NY,110,3.371
604136,Bosselman Travel Center #3453,8789 State Hwy 6 Exit 380,Kingston,NJ,181,3.212
604137,Sapp Bros #6702,9134 US-287 Exit 337,Miami,TX,31,3.417
604138,Pilot Travel Center #8806,395 US-287 Exit 98,Bokoshe,OK,279,2.750
604139,Road Ranger #4967,8225 I-10 Exit 346,Laurel,MD,296,3.141
604140,Bosselman Travel Center #6155,1170 I-80 Exit 95,Mackinaw,IL,399,3.016
604141,Road Ranger #4687,6591 US-287 Exit 39,Bolivar,MS,280,3.078
604142,Bosselman Travel Center #1728,4278 State Hwy 6 Exit 59,Wimberley,TX,323,3.219
604143,TA Travel Center #830,1973 I-10 Exit 136,Burnsville,MN,21,3.098
604144,Kwik Trip #3799,4598 I-40 Exit 3,Hillsboro,IA,231,2.863
604145,QuikTrip #1336,7000 I-10 Exit 31,Crownpoint,NM,52,3.391
604146,Road Ranger #3711,1898 State Hwy 6 Exit 124,The Pinery,CO,159,3.133
604147,Bosselman Travel Center #9354,7151 I-80 Exit 90,Palos Heights,IL,49,3.015
604148,Flying J #7705,5350 I-80 Exit 53,Murraysville,NC,254,3.112
604149,Sapp Bros #2250,9050 State Hwy 6 Exit 52,Brighton,IA,95,3.184
604150,Pilot Travel Center #870,639 I-80 Exit 161,Hickory Creek,TX,294,3.029
604151,Flying J #8193,5574 I-95 Exit 43,Dunnstown,PA,273,3.098
604152,Pilot Travel Center #3131,2481 I-95 Exit 243,Terrell,TX,383,3.091
604153,Petro Stopping Center #309,8792 I-95 Exit 252,Schiller Park,IL,191,3.295
604154,Road Ranger #8567,4379 I-80 Exit 118,Lake Stevens,WA,178,3.904
604155,Loves Travel Stop #9295,723 I-10 Exit 82,Pardeesville,PA,223,3.059
604156,Petro Stopping Center #9691,2385 I-95 Exit 364,Albrightsville,PA,262,3.166
604157,Petro Stopping Center #1290,6451 I-10 Exit 120,Williamsburg,KS,364,3.053
604158,QuikTrip #9790,3162 State Hwy 6 Exit 330,Yellow Springs,PA,319,3.222
604159,Roadys Truck Stop #3356,2569 I-40 Exit 178,Forest Hill,LA,189,3.144
604160,Sapp Bros #7723,191 US-287 Exit 182,Darnestown,MD,367,2.786
604161,Flying J #3885,281 US-287 Exit 113,North Royalton,OH,129,2.939
604162,Sapp Bros #9391,9313 I-95 Exit 74,Centerville,NC,354,2.890
604163,Roadys Truck Stop #8562,7807 US-287 Exit 150,Grady,NM,113,3.277
604164,Flying J #1925,4411 I-10 Exit 6,Roseland,NE,74,3.383
604165,Bosselman Travel Center #445,3824 I-40 Exit 26,Rochester,MN,280,3.324
604166,Pilot Travel Center #3738,1587 I-40 Exit 60,Cool Valley,MO,330,3.228
604167,Petro Stopping Center #304,8153 US-287 Exit 192,Mcadoo,PA,293,2.793
604168,TA Travel Center #1277,6920 I-80 Exit 130,Benedict,NE,260,3.224
604169,Petro Stopping Center #4817,3938 I-40 Exit 171,Wabbaseka,AR,110,2.982
604170,AMBEST #7944,5615 US-287 Exit 11,Rockton,IL,264,3.230
604171,TA Travel Center #3855,9186 I-80 Exit 271,Cedar Heights,MD,326,2.994
604172,Roadys Truck Stop #1413,3917 State Hwy 6 Exit 335,Wellman,IA,44,3.079
604173,Bosselman Travel Center #5459,8544 I-95 Exit 396,Springhill,LA,15,2.710
604174,TA Travel Center #8038,2099 US-287 Exit 195,Reisterstown,MD,115,3.092
604175,Sapp Bros #5723,4920 I-80 Exit 274,Basking Ridge,NJ,157,2.898
604176,Roadys Truck Stop #3617,8996 State Hwy 6 Exit 91,Kennesaw,GA,27,3.102
604177,Flying J #2833,3367 I-95 Exit 115,Rayville,MO,392,3.123
604178,Pilot Travel Center #5214,4385 I-80 Exit 72,New Hempstead,NY,245,3.165
604179,Road Ranger #4892,565 I-80 Exit 195,Reightown,PA,181,3.003
604180,TA Travel Center #4397,6108 I-95 Exit 26,Slatington,PA,85,3.213
604181,Flying J #4160,2077 I-40 Exit 260,Pinecrest,FL,51,2.691
604182,Road Ranger #8887,491 US-287 Exit 383,Knierim,IA,350,3.098
604183,Loves Travel Stop #4247,3960 I-10 Exit 265,Elberfeld,IN,268,3.014
604184,QuikTrip #4467,9573 I-40 Exit 301,Franklin Lakes,NJ,294,2.903
604185,Petro Stopping Center #4688,8248 I-40 Exit 274,Sherwood,AR,329,3.098
604186,Loves Travel Stop #3407,2463 US-287 Exit 389,Avon Lake,OH,20,2.689
604187,Roadys Truck Stop #2554,1274 I-10 Exit 146,East Orange,NJ,210,3.186
604188,Petro Stopping Center #7273,3198 I-10 Exit 127,Lyden,NM,242,3.420
604189,Pilot Travel Center #2865,5369 US-287 Exit 178,Village Of Oak Creek Big Park,AZ,387,3.616
604190,Flying J #4864,9101 I-40 Exit 136,Melvern,KS,59,2.849
604191,AMBEST #5891,7691 State Hwy 6 Exit 341,Higbee,MO,57,3.131
604192,QuikTrip #4224,9349 I-80 Exit 74,Ash Fork,AZ,385,3.526
604193,AMBEST #3188,7125 State Hwy 6 Exit 185,Genoa City,WI,70,2.946
604194,Loves Travel Stop #4343,1842 I-95 Exit 1,Lancaster,WI,263,3.076
604195,TA Travel Center #7436,4656 US-287 Exit 337,Holton,KS,232,3.068
604196,Bosselman Travel Center #9997,2560 US-287 Exit 10,Hashtown,IN,250,3.243
604197,Roadys Truck Stop #3218,3817 State Hwy 6 Exit 354,Monroe City,MO,119,2.793
604198,Flying J #6223,3878 State Hwy 6 Exit 58,Dayton,MN,93,3.299
604199,Loves Travel Stop #4884,6557 I-80 Exit 28,Gillespie,IL,256,3.387
604200,Bosselman Travel Center #5484,8790 I-80 Exit 11,Saint Francisville,IL,132,3.191
604201,TA Travel Center #8935,6531 I-80 Exit 77,San Marcos,TX,123,3.159
604202,Sapp Bros #5339,8245 US-287 Exit 245,Warren,TX,136,3.029
604203,AMBEST #4871,9982 I-80 Exit 203,Spencerville,IN,202,2.942
604204,TA Travel Center #1728,6654 I-40 Exit 267,Milan,OH,127,3.102
604205,Petro Stopping Center #856,2835 I-95 Exit 304,Luthersville,GA,234,3.112
604206,Bosselman Travel Center #3570,9686 I-80 Exit 137,Sparta,MO,314,2.771
604207,Road Ranger #6508,4681 State Hwy 6 Exit 307,Camden,AR,101,2.860
604208,Sapp Bros #6482,2784 I-40 Exit 380,Duncan,IA,167,3.290
604209,Petro Stopping Center #2550,6928 I-80 Exit 212,Trinidad,TX,233,3.271
604210,Kwik Trip #9981,2688 State Hwy 6 Exit 377,Hensley,AR,245,2.676
604211,Pilot Travel Center #1571,3516 State Hwy 6 Exit 34,Beecher,IL,299,3.234
604212,Flying J #3153,2433 I-40 Exit 360,Rochelle,IL,378,3.191
604213,AMBEST #7597,7437 US-287 Exit 302,Russellville,IL,142,3.122
604214,QuikTrip #7950,3021 I-40 Exit 394,Boulevard Gardens,FL,144,2.809
604215,Sapp Bros #3795,3767 State Hwy 6 Exit 375,Eldersburg,MD,199,2.724
604216,Bosselman Travel Center #1758,7230 I-80 Exit 236,Geneva,PA,205,2.877
604217,TA Travel Center #4576,4108 I-95 Exit 210,Sharon Center,OH,338,3.327
604218,Flying J #732,732 State Hwy 6 Exit 302,Plymouth,NE,272,2.980
604219,TA Travel Center #3504,3641 I-10 Exit 395,Lindenhurst,IL,373,2.778
604220,QuikTrip #8293,8138 I-80 Exit 341,Bernalillo,NM,322,3.242
604221,Sapp Bros #6960,3720 I-95 Exit 95,East Millstone,NJ,39,3.408
604222,Kwik Trip #1795,6392 I-80 Exit 197,Box Elder,SD,330,3.612
604223,Bosselman Travel Center #8717,7920 State Hwy 6 Exit 113,Sterling,OH,169,3.084
604224,Pilot Travel Center #5887,7673 I-80 Exit 154,Dover,NC,154,2.947
604225,Roadys Truck Stop #8674,5722 I-40 Exit 19,Pittsfield,IL,318,3.012
604226,Petro Stopping Center #7581,9805 I-80 Exit 300,Fair Lakes,VA,120,3.295
604227,AMBEST #6631,1724 State Hwy 6 Exit 211,Hazel Crest,IL,79,3.317
604228,Bosselman Travel Center #764,9023 State Hwy 6 Exit 294,Mount Ivy,NY,68,2.947
604229,Bosselman Travel Center #6550,8942 State Hwy 6 Exit 119,Coral Gables,FL,332,2.999
604230,Road Ranger #8126,7520 State Hwy 6 Exit 119,Solsberry,IN,320,2.903
604231,Roadys Truck Stop #6419,3873 US-287 Exit 66,Funk,NE,244,3.207
604232,QuikTrip #6018,6125 I-40 Exit 132,Elkhorn,MT,5,3.649
604233,AMBEST #9256,4617 I-40 Exit 364,Floris,IA,101,3.207
604234,Kwik Trip #9499,933 I-40 Exit 34,Lake Leann,MI,236,3.065
604235,Sapp Bros #2544,9013 I-10 Exit 68,Elm Creek,NE,3,3.345
604236,QuikTrip #9885,296 State Hwy 6 Exit 248,Franklin Park,IL,329,2.766
604237,Bosselman Travel Center #8333,8898 I-10 Exit 206,Lyndon,KS,64,3.177
604238,Roadys Truck Stop #1224,6886 State Hwy 6 Exit 134,Friars Point,MS,21,2.971
604239,TA Travel Center #9148,160 I-80 Exit 288,Maurice,IA,14,3.370
604240,TA Travel Center #5029,4919 State Hwy 6 Exit 222,Village Of Clarkston,MI,43,3.399
604241,Road Ranger #6870,5437 I-40 Exit 243,Jonesboro,AR,358,3.140
604242,Roadys Truck Stop #6804,3101 State Hwy 6 Exit 182,Marysville,IA,255,2.899
604243,Pilot Travel Center #4994,3678 I-95 Exit 272,Lake Cherokee,TX,103,3.076
604244,Flying J #8653,4442 I-40 Exit 319,Elyria,OH,296,3.303
604245,Road Ranger #2039,3167 State Hwy 6 Exit 307,Vergennes,IL,40,2.781
604246,Bosselman Travel Center #9239,6085 State Hwy 6 Exit 228,Bath,IL,152,3.162
604247,TA Travel Center #7378,3535 US-287 Exit 291,Moses Lake,WA,284,4.240
604248,AMBEST #7587,523 I-10 Exit 165,Warwick,OK,154,2.977
604249,QuikTrip #2628,887 I-95 Exit 69,Hobart,WA,222,3.880
604250,Road Ranger #5463,2421 I-95 Exit 212,Rocky Mound,TX,236,3.355
604251,Road Ranger #9833,4215 State Hwy 6 Exit 57,Orland,IN,257,2.780
604252,Road Ranger #7135,6813 I-95 Exit 23,Doraville,GA,251,2.776
604253,Flying J #1975,853 I-40 Exit 41,Perkasie,PA,230,2.910
604254,Roadys Truck Stop #861,958 I-80 Exit 82,Altona,IL,8,3.011
604255,Pilot Travel Center #4195,7146 US-287 Exit 396,Carrollton,IN,67,3.098
604256,Flying J #5730,5335 I-80 Exit 73,Fullerton,CA,16,3.769
604257,Bosselman Travel Center #5192,1761 I-80 Exit 134,Crescent,IA,173,3.021
604258,AMBEST #1879,2522 I-10 Exit 12,Manuelito,NM,87,3.289
604259,Sapp Bros #4324,531 I-95 Exit 130,Old Fort,OH,55,3.189
604260,Roadys Truck Stop #5560,4375 US-287 Exit 82,Wardsville,MO,169,3.118
604261,Road Ranger #5230,1698 State Hwy 6 Exit 398,Towanda,IL,200,2.971
604262,Kwik Trip #3709,7011 US-287 Exit 309,Sea Breeze,NC,166,3.265
604263,Pilot Travel Center #9921,2995 State Hwy 6 Exit 76,Red Lake,AZ,262,3.798
604264,Sapp Bros #8145,2600 I-40 Exit 374,Levittown,NY,340,2.952
604265,Road Ranger #3239,1727 US-287 Exit 355,Norco,LA,101,3.086
604266,Petro Stopping Center #3972,3005 I-95 Exit 257,Mcalmont,AR,188,2.891
604267,Kwik Trip #9561,4851 State Hwy 6 Exit 21,Peach Orchard,AR,308,2.874
604268,Pilot Travel Center #6891,9892 I-95 Exit 374,Mcgehee,AR,380,2.754
604269,Kwik Trip #1962,9143 I-95 Exit 66,Flordell Hills,MO,115,3.113
604270,Pilot Travel Center #4324,5069 I-95 Exit 31,Carolina Beach,NC,254,2.834
604271,Loves Travel Stop #1812,3762 I-10 Exit 217,Filley,NE,130,2.749
604272,Pilot Travel Center #6407,8824 I-95 Exit 240,Alta Vista,KS,264,3.307
604273,Sapp Bros #8929,520 I-80 Exit 307,Wilburn,AR,52,3.227
604274,QuikTrip #709,5610 I-80 Exit 344,Waldron,AR,278,3.268
604275,Road Ranger #8284,5553 I-40 Exit 369,Ferguson,MO,355,2.747
604276,Sapp Bros #3577,4223 I-80 Exit 296,Clarksburg,MD,232,3.058
604277,AMBEST #981,3866 I-95 Exit 381,Atkinson,NC,237,2.992
604278,Flying J #3901,8518 I-40 Exit 16,Steen,MN,130,2.855
604279,Loves Travel Stop #4297,3273 I-80 Exit 335,Keyport,WA,397,3.844
604280,AMBEST #5218,5028 I-40 Exit 5,Oradell,NJ,136,2.832
604281,TA Travel Center #3462,2411 I-40 Exit 18,Stafford Courthouse,VA,357,3.212
604282,Roadys Truck Stop #6068,9052 State Hwy 6 Exit 90,Questa,NM,357,3.191
604283,Road Ranger #3212,3756 US-287 Exit 288,Panhandle,TX,249,2.982
604284,Petro Stopping Center #2839,1627 I-40 Exit 146,Country Walk,FL,225,2.901
604285,AMBEST #4731,6600 State Hwy 6 Exit 162,Riva,MD,250,3.120
604286,Loves Travel Stop #4201,1885 US-287 Exit 215,Superior,CO,36,3.627
604287,QuikTrip #3211,1512 I-80 Exit 144,Lenape Heights,PA,116,3.250
604288,QuikTrip #9478,2620 US-287 Exit 243,Arapahoe,NE,357,3.444
604289,Road Ranger #6629,1970 State Hwy 6 Exit 141,Blissfield,MI,25,3.131
604290,Flying J #713,740 US-287 Exit 197,New Galilee,PA,267,3.328
604291,Petro Stopping Center #2128,7455 I-80 Exit 251,Rock Point,MD,108,3.040
604292,QuikTrip #5502,4404 I-40 Exit 117,Sulphur Springs,IN,397,3.248
604293,TA Travel Center #6389,3277 I-10 Exit 364,Milford Mill,MD,3,3.361
604294,Loves Travel Stop #5341,998 I-95 Exit 329,South Rosemary,NC,386,2.869
604295,Bosselman Travel Center #2259,2254 I-95 Exit 259,Ledgewood,NJ,104,3.182
604296,Loves Travel Stop #3778,3489 State Hwy 6 Exit 16,Surprise,NE,130,3.184
604297,AMBEST #5374,780 I-80 Exit 332,Melville,LA,264,2.961
604298,TA Travel Center #4994,3276 I-40 Exit 211,Hacienda Heights,CA,72,3.687
604299,Kwik Trip #7595,3175 US-287 Exit 172,Bensville,MD,64,3.172
604300,Loves Travel Stop #7335,2490 I-95 Exit 375,Rowe,NM,172,3.462
604301,Sapp Bros #8992,6385 State Hwy 6 Exit 320,Conashaugh Lakes,PA,369,3.101
604302,Pilot Travel Center #2630,7847 I-95 Exit 218,Churchill,MT,101,3.765
604303,Road Ranger #4948,8862 State Hwy 6 Exit 215,Kountze,TX,399,3.180
604304,Road Ranger #1666,2283 I-95 Exit 29,Hartford,IL,210,2.881
604305,Bosselman Travel Center #5811,5309 I-80 Exit 64,Hobe Sound,FL,54,3.259
604306,Sapp Bros #3574,1395 State Hwy 6 Exit 57,Huntleigh,MO,172,3.136
604307,Roadys Truck Stop #6500,7832 I-10 Exit 284,Post Oak Bend,TX,351,2.948
604308,Loves Travel Stop #3556,4493 I-40 Exit 59,Turbotville,PA,67,3.248
604309,Bosselman Travel Center #2515,8888 I-10 Exit 267,Cement City,MI,35,3.204
604310,Flying J #9126,5416 I-10 Exit 93,Bellemont,AZ,130,3.514
604311,QuikTrip #6659,5335 I-10 Exit 184,Highland Lakes,AL,149,3.063
604312,Kwik Trip #5400,5393 US-287 Exit 277,Manchester,MO,266,3.055
604313,Sapp Bros #9940,8525 I-10 Exit 397,Williamstown,MO,356,3.189
604314,Pilot Travel Center #5112,4037 I-95 Exit 281,Imperial,MO,244,2.933
604315,Kwik Trip #8752,8945 I-95 Exit 297,Plumsteadville,PA,296,3.025
604316,Kwik Trip #5089,4686 I-40 Exit 203,Bondurant,IA,20,3.333
604317,TA Travel Center #6459,9599 I-40 Exit 293,Mount Clare,IL,326,2.974
604318,Sapp Bros #2274,1825 I-95 Exit 270,Reklaw,TX,294,3.107
604319,Bosselman Travel Center #402,3169 I-40 Exit 395,Patterson,IA,255,2.985
604320,Kwik Trip #8340,1581 US-287 Exit 118,Tinley Park,IL,11,3.120
604321,TA Travel Center #9601,3711 I-80 Exit 104,Half Moon,NC,199,3.084
604322,Pilot Travel Center #5763,2411 I-95 Exit 253,Saint Louis,MO,297,2.885
604323,TA Travel Center #5890,3935 I-95 Exit 158,Clark,PA,52,3.067
604324,Road Ranger #7454,9732 I-10 Exit 54,Crawfordsville,IA,115,3.001
604325,TA Travel Center #6223,3710 I-80 Exit 72,Northport,AL,360,2.834
604326,Kwik Trip #4360,384 US-287 Exit 389,West Nanticoke,PA,41,3.315
604327,Roadys Truck Stop #2931,8066 US-287 Exit 91,Lind,WA,71,4.027
604328,Loves Travel Stop #1546,5442 US-287 Exit 334,Waverly,IA,140,3.253
604329,Petro Stopping Center #8525,5842 I-40 Exit 75,Conroe,TX,347,2.945
604330,Loves Travel Stop #399,1255 State Hwy 6 Exit 274,Wray,CO,48,3.452
604331,Pilot Travel Center #8206,1775 I-80 Exit 247,Frederickson,WA,249,3.783
604332,QuikTrip #3892,342 I-95 Exit 325,Pleasant Hill,PA,323,2.787
604333,Sapp Bros #1661,5073 I-10 Exit 202,Success,AR,6,2.723
604334,TA Travel Center #1034,5140 I-40 Exit 125,Dannebrog,NE,326,3.303
604335,TA Travel Center #4988,248 US-287 Exit 156,Murphy,TX,11,3.110
604336,Kwik Trip #5710,7059 I-10 Exit 328,Burnham,PA,106,3.127
604337,AMBEST #5185,3376 State Hwy 6 Exit 36,Mcbaine,MO,141,2.904
604338,Loves Travel Stop #2662,9931 I-40 Exit 129,Byron,WY,123,3.781
604339,Loves Travel Stop #2712,8765 State Hwy 6 Exit 275,Longville,LA,218,2.822
604340,Roadys Truck Stop #4908,6643 I-95 Exit 257,Katy,TX,396,3.082
604341,AMBEST #3397,6371 I-80 Exit 106,Bismarck,AR,391,3.068
604342,Petro Stopping Center #8667,1650 State Hwy 6 Exit 260,Clearfield,IA,182,3.088
604343,Flying J #1499,9640 I-95 Exit 338,King George,VA,306,3.270
604344,Pilot Travel Center #1201,5085 State Hwy 6 Exit 58,Taneyville,MO,264,3.050
604345,QuikTrip #1031,2780 State Hwy 6 Exit 358,Greensboro,AL,117,3.076
604346,Roadys Truck Stop #7662,8917 I-80 Exit 46,Rosebud,TX,157,2.990
604347,Road Ranger #6458,4690 I-80 Exit 171,Circle D Kc Estates,TX,396,3.350
604348,Road Ranger #2979,3995 I-80 Exit 397,Gunnison,MS,136,3.075
604349,AMBEST #3350,6832 I-95 Exit 222,West Milton,PA,321,3.011
604350,AMBEST #7436,8138 I-80 Exit 77,Newark,AR,128,2.583
604351,QuikTrip #2671,4289 I-95 Exit 366,Marley,IL,367,3.148
604352,Loves Travel Stop #4146,3876 I-80 Exit 157,Morgan South Point,TX,3,3.065
604353,Roadys Truck Stop #1278,8570 State Hwy 6 Exit 351,Mayfield,OH,315,2.990
604354,Sapp Bros #6590,9741 I-80 Exit 230,Sesser,IL,130,2.924
604355,Sapp Bros #542,6103 I-10 Exit 360,Stockham,NE,209,2.984
604356,TA Travel Center #6364,1467 State Hwy 6 Exit 378,Olivia,PA,299,2.917
604357,Loves Travel Stop #3371,4630 I-80 Exit 322,Othello,WA,389,3.552
604358,TA Travel Center #5653,9281 I-40 Exit 95,Jenkinsburg,GA,164,2.973
604359,Roadys Truck Stop #2872,1465 I-95 Exit 227,Norge,OK,139,3.062
604360,Road Ranger #4967,1055 US-287 Exit 76,Cedar Lake,IN,137,3.102
604361,Loves Travel Stop #4828,2499 I-10 Exit 347,Justin,TX,214,3.037
604362,Loves Travel Stop #6573,997 US-287 Exit 207,South Elgin,IL,153,3.190
604363,Flying J #536,543 State Hwy 6 Exit 83,Fleetwood,PA,157,2.919
604364,Roadys Truck Stop #267,5948 I-10 Exit 112,Moss Bluff,LA,37,3.022
604365,Flying J #7975,8765 I-80 Exit 237,Ballville,OH,146,2.929
604366,Road Ranger #9983,3774 State Hwy 6 Exit 242,Stillwell,IN,373,3.119
604367,QuikTrip #3138,5099 I-10 Exit 91,Fresno,TX,132,3.088
604368,Road Ranger #1281,2986 I-95 Exit 342,Harvey,IL,252,3.273
604369,AMBEST #6853,1836 I-80 Exit 387,Elaine,AR,377,2.844
604370,Loves Travel Stop #2712,4680 I-10 Exit 299,Cowley,WY,314,3.505
604371,Kwik Trip #7662,7444 I-95 Exit 291,Dickson City,PA,308,3.233
604372,Kwik Trip #1300,9649 US-287 Exit 355,Desha,AR,20,2.830
604373,Roadys Truck Stop #9134,2095 I-80 Exit 235,Rendon,TX,178,3.009
604374,Pilot Travel Center #4921,703 I-95 Exit 218,Ellington,MO,242,3.095
604375,Flying J #2446,5402 I-95 Exit 202,Kiryas Joel,NY,258,3.294
604376,Pilot Travel Center #6300,2716 US-287 Exit 236,Brainards,NJ,39,3.038
604377,Roadys Truck Stop #5792,6516 I-95 Exit 100,Shelburn,IN,323,3.234
604378,Kwik Trip #6970,5292 I-40 Exit 94,Forty Fort,PA,14,2.885
604379,Sapp Bros #4406,1916 US-287 Exit 66,Apollo,PA,258,3.279
604380,Roadys Truck Stop #5005,7711 State Hwy 6 Exit 4,Minooka,IL,59,3.127
604381,Roadys Truck Stop #9623,6249 I-80 Exit 9,Albertson,NY,382,3.161
604382,Roadys Truck Stop #2156,8154 I-40 Exit 205,Pollard,AR,191,3.146
604383,Flying J #9271,1282 I-80 Exit 242,Pelahatchie,MS,277,2.661
604384,Road Ranger #2354,3404 US-287 Exit 151,Maxwell Colony,SD,116,2.961
604385,Sapp Bros #1211,2765 I-95 Exit 10,Potosi,WI,160,2.913
604386,Roadys Truck Stop #3689,9132 US-287 Exit 309,Carlinville,IL,187,3.308
604387,TA Travel Center #4853,886 US-287 Exit 21,Ashland,NE,30,3.104
604388,Loves Travel Stop #459,6639 I-10 Exit 196,Starks,LA,392,3.129
604389,Roadys Truck Stop #307,6217 I-95 Exit 263,Hamilton Square,NJ,23,2.888
604390,AMBEST #4376,3559 I-95 Exit 328,Emerald,NE,335,3.036
604391,Kwik Trip #1496,5619 I-95 Exit 321,Hardy,NE,262,3.165
604392,Sapp Bros #8113,1018 I-80 Exit 57,Haywood City,MO,55,3.149
604393,Roadys Truck Stop #8994,6497 State Hwy 6 Exit 341,Poulsbo,WA,23,4.053
604394,AMBEST #3080,8696 I-40 Exit 132,Griggstown,NJ,315,3.264
604395,Kwik Trip #6552,5832 State Hwy 6 Exit 337,Elnora,IN,302,3.029
604396,Road Ranger #8000,9142 I-40 Exit 392,Mineral Springs,AR,188,2.954
604397,Petro Stopping Center #9150,3180 State Hwy 6 Exit 45,Hollandale,WI,380,3.137
604398,Kwik Trip #3711,3746 State Hwy 6 Exit 199,Kittitas,WA,391,3.725
604399,AMBEST #5107,4767 I-95 Exit 101,Kingston,IA,145,2.955
604400,Pilot Travel Center #3913,4924 I-10 Exit 73,Tecumseh,NE,221,3.146
604401,QuikTrip #9066,4494 US-287 Exit 203,Bridger,MT,223,3.488
604402,Loves Travel Stop #5491,5836 State Hwy 6 Exit 288,Mission Bend,TX,331,2.657
604403,Loves Travel Stop #6802,154 I-95 Exit 197,Oley,PA,158,3.007
604404,Kwik Trip #8183,7109 State Hwy 6 Exit 15,Tatamy,PA,391,2.943
604405,Road Ranger #1347,7816 I-95 Exit 81,Algonquin,IL,347,3.260
604406,Loves Travel Stop #4757,7818 I-80 Exit 9,Edwardsport,IN,232,3.017
604407,Petro Stopping Center #8967,566 I-80 Exit 234,Pennington,AL,307,2.734
604408,TA Travel Center #8230,3414 I-40 Exit 58,Glenwood,NE,301,3.207
604409,Bosselman Travel Center #7101,9679 US-287 Exit 203,Stickney,IL,191,3.184
604410,Loves Travel Stop #7885,4886 US-287 Exit 335,Crows Nest,IN,201,2.783
604411,Sapp Bros #9207,9635 I-10 Exit 280,Sheatown,PA,275,3.060
604412,Roadys Truck Stop #9308,4947 US-287 Exit 116,Anoka,MN,353,3.437
604413,Kwik Trip #469,6518 I-95 Exit 141,Calumet City,IL,55,3.171
604414,Bosselman Travel Center #5894,5789 I-10 Exit 370,Penfield,PA,233,2.946
604415,Flying J #9159,1175 US-287 Exit 325,Bartonville,IL,218,3.041
604416,Bosselman Travel Center #7781,2246 I-95 Exit 42,Warrington,IN,177,2.861
604417,Roadys Truck Stop #1474,3181 I-10 Exit 11,Gilgo,NY,65,3.325
604418,TA Travel Center #7981,6697 I-80 Exit 305,Lake Ka Ho,IL,47,3.055
604419,Roadys Truck Stop #4754,9966 State Hwy 6 Exit 106,Brussels,IL,395,3.151
604420,Kwik Trip #7699,6381 US-287 Exit 299,South Amherst,OH,210,2.926
604421,Petro Stopping Center #8284,1891 I-95 Exit 42,Lewis And Clark Village,MO,346,3.223
604422,Flying J #4461,738 I-95 Exit 222,Tamarac,FL,56,2.878
604423,AMBEST #9508,7328 I-10 Exit 177,South El Monte,CA,59,3.841
604424,Roadys Truck Stop #3674,4739 US-287 Exit 30,Harperville,MS,212,3.107
604425,Pilot Travel Center #2596,2031 I-40 Exit 302,Hagarville,AR,52,3.271
604426,TA Travel Center #7199,6904 I-95 Exit 215,Yazoo City,MS,246,2.805
604427,TA Travel Center #7553,8362 I-10 Exit 123,Paraje,NM,110,3.524
604428,Roadys Truck Stop #3507,8163 I-80 Exit 34,Bradley,OK,290,3.382
604429,Roadys Truck Stop #8564,2956 US-287 Exit 100,Hunter Creek,AZ,216,3.119
604430,TA Travel Center #856,832 State Hwy 6 Exit 243,Tukwila,WA,285,3.726
604431,Road Ranger #7452,2687 State Hwy 6 Exit 235,New Market,IA,62,3.527
604432,Bosselman Travel Center #1513,5043 I-10 Exit 366,Mesita,NM,240,3.355
604433,Pilot Travel Center #1294,2683 I-95 Exit 279,Tecumseh,KS,109,3.364
604434,Road Ranger #4286,5945 US-287 Exit 41,Demarest,NJ,196,3.003
604435,Petro Stopping Center #6434,546 State Hwy 6 Exit 352,Saint Robert,MO,56,3.053
604436,AMBEST #6544,5789 I-80 Exit 281,Marshfield,MO,170,3.060
604437,Flying J #920,617 US-287 Exit 168,Pomona,CA,192,3.422
604438,Roadys Truck Stop #8848,5598 I-95 Exit 94,Douds,IA,77,3.136
604439,TA Travel Center #2164,956 I-40 Exit 394,Rancho Mirage,CA,198,3.765
604440,AMBEST #7936,7501 US-287 Exit 329,Northville,MI,60,3.035
604441,Petro Stopping Center #4558,2320 I-10 Exit 29,Geneva,IL,43,2.695
604442,Flying J #4773,2458 I-40 Exit 368,Noroton,CT,194,3.071
604443,Road Ranger #9102,7754 I-80 Exit 35,East Franklin,NJ,256,3.403
604444,Roadys Truck Stop #6944,8700 State Hwy 6 Exit 329,Darien,IL,15,3.153
604445,AMBEST #9242,2080 State Hwy 6 Exit 313,Nuremberg,PA,199,3.133
604446,Roadys Truck Stop #8020,1880 I-80 Exit 121,De Soto,KS,21,3.124
604447,Petro Stopping Center #6482,5719 I-95 Exit 116,Morley,MO,204,3.131
604448,Kwik Trip #137,1673 State Hwy 6 Exit 344,Lee South Summit,MO,213,2.852
604449,Sapp Bros #9042,1767 I-80 Exit 217,Latimer,IA,209,3.077
604450,TA Travel Center #731,8999 State Hwy 6 Exit 33,Asbury,NJ,351,2.989
604451,Pilot Travel Center #2383,1746 I-80 Exit 11,Jardine,MT,364,3.561
604452,Bosselman Travel Center #6341,3970 I-95 Exit 294,Gilmer Park,IN,134,3.060
604453,QuikTrip #9121,3281 US-287 Exit 272,Abbyville,KS,281,3.271
604454,Pilot Travel Center #9250,2483 US-287 Exit 357,Cameron Colony,SD,228,3.234
604455,Petro Stopping Center #353,7774 I-95 Exit 354,Plymouth,OH,155,3.221
604456,Petro Stopping Center #1949,7752 US-287 Exit 193,Roanoke Rapids,NC,220,2.978
604457,Roadys Truck Stop #1563,9937 State Hwy 6 Exit 96,Little Rock,IA,45,3.226
604458,Flying J #9663,3058 I-95 Exit 192,Lavaca,AR,6,3.531
604459,Loves Travel Stop #9721,8018 State Hwy 6 Exit 43,Union Hill,IL,21,3.099
604460,Loves Travel Stop #6523,5665 I-95 Exit 362,Lakewood Village,TX,3,2.976
604461,Kwik Trip #7629,2558 State Hwy 6 Exit 343,Ulm,AR,244,2.876
604462,Sapp Bros #1340,1975 I-95 Exit 115,Pointe A La Hache,LA,269,2.665
604463,Kwik Trip #3605,1112 I-95 Exit 10,Crossville,IL,139,2.951
604464,Roadys Truck Stop #7802,3157 I-95 Exit 43,Rose Hill,IA,308,3.264
604465,Flying J #260,4541 I-80 Exit 17,Point Isabel,IN,45,3.241
604466,Pilot Travel Center #5831,2722 State Hwy 6 Exit 117,Carbondale,IL,57,3.016
604467,Loves Travel Stop #9108,7284 State Hwy 6 Exit 180,Otterville,IL,211,2.962
604468,Petro Stopping Center #1860,2665 I-95 Exit 200,Richland,PA,172,3.090
604469,Road Ranger #487,4169 I-95 Exit 160,Jenera,OH,64,3.468
604470,Bosselman Travel Center #5898,9618 I-95 Exit 322,Lake Hiawatha,NJ,365,3.224
604471,TA Travel Center #2715,3070 US-287 Exit 300,Worthville,PA,92,3.041
604472,Petro Stopping Center #548,6653 State Hwy 6 Exit 44,Burbank,OH,177,2.964
604473,Bosselman Travel Center #2996,2196 I-80 Exit 27,Ridgewood,IL,303,2.928
604474,AMBEST #4645,8953 State Hwy 6 Exit 34,Rebersburg,PA,283,3.099
604475,Flying J #9288,2852 US-287 Exit 173,Osco,IL,353,2.973
604476,TA Travel Center #1318,1973 I-10 Exit 248,North Barrington,IL,88,3.027
604477,Petro Stopping Center #5835,6284 I-10 Exit 32,Hampton,NE,400,3.057
604478,Pilot Travel Center #8737,726 I-95 Exit 212,Lazy Y U,AZ,59,3.738
604479,QuikTrip #8510,134 I-95 Exit 254,Melvin,IL,57,3.123
604480,Kwik Trip #5128,7347 I-80 Exit 77,Lindenhurst,NY,136,3.202
604481,TA Travel Center #1074,5965 State Hwy 6 Exit 31,Mountainside,NJ,383,3.114
604482,Sapp Bros #9610,3160 US-287 Exit 245,Taylor Springs,IL,14,3.231
604483,QuikTrip #3161,7955 I-10 Exit 381,Princeton,FL,295,2.941
604484,Petro Stopping Center #7152,9538 I-10 Exit 316,Rocky,OK,276,3.155
604485,Loves Travel Stop #1238,7268 I-80 Exit 44,Bogata,TX,333,3.215
604486,TA Travel Center #7163,1268 State Hwy 6 Exit 251,Mapleview,MN,48,3.103
604487,Roadys Truck Stop #7883,3063 State Hwy 6 Exit 28,Woodcliff Lake,NJ,78,3.177
604488,Pilot Travel Center #2813,6945 I-80 Exit 50,Lake Lafayette,MO,9,3.181
604489,Kwik Trip #3482,317 I-95 Exit 106,Lewisville,AR,96,3.310
604490,Bosselman Travel Center #1519,5078 I-10 Exit 116,Farmingdale,NY,327,3.122
604491,Loves Travel Stop #9556,3995 I-95 Exit 131,Green Park,MO,35,3.126
604492,Flying J #1580,1222 I-10 Exit 265,Mchenry,IL,305,2.804
604493,TA Travel Center #3864,979 State Hwy 6 Exit 119,Choctaw,OK,41,3.122
604494,Bosselman Travel Center #8963,8611 State Hwy 6 Exit 92,Linden,IA,271,3.284
604495,QuikTrip #7658,1293 I-80 Exit 384,Landmark,AR,21,2.918
604496,Kwik Trip #7784,6639 I-95 Exit 12,Harrison,NJ,380,3.403
604497,Bosselman Travel Center #212,330 I-10 Exit 248,Galesburg,MI,346,3.086
604498,Petro Stopping Center #2676,7646 State Hwy 6 Exit 378,New Holland,SD,18,2.982
604499,Bosselman Travel Center #7677,8781 US-287 Exit 77,Frohna,MO,192,3.068
604500,Bosselman Travel Center #1175,3183 I-95 Exit 166,Youngsville,NM,158,3.815
604501,Loves Travel Stop #3799,2107 I-10 Exit 236,Odessa,WA,322,3.748
604502,AMBEST #5590,2089 I-95 Exit 184,Shillington,PA,130,2.979
604503,Petro Stopping Center #2892,3752 I-80 Exit 134,Lake Arrowhead,CA,131,3.810
604504,Kwik Trip #8394,6040 US-287 Exit 33,Mountain Meadows,CO,5,3.417
604505,Kwik Trip #8701,2594 I-10 Exit 53,Hayesville,IA,228,3.100
604506,Kwik Trip #7523,4580 I-95 Exit 167,Ladera Ranch,CA,125,3.662
604507,Loves Travel Stop #5663,9960 I-10 Exit 384,Dubois,PA,305,2.859
604508,Roadys Truck Stop #282,9260 I-10 Exit 230,Bison,KS,349,3.288
604509,TA Travel Center #5649,4210 State Hwy 6 Exit 254,Frystown,PA,256,2.885
604510,Kwik Trip #2038,7471 State Hwy 6 Exit 275,Sandston,VA,116,3.414
604511,Sapp Bros #3210,2219 US-287 Exit 242,Hillsdale,NJ,269,3.377
604512,Loves Travel Stop #289,2039 State Hwy 6 Exit 78,Brooklyn,MI,59,3.258
604513,Bosselman Travel Center #8623,9424 State Hwy 6 Exit 131,East Brady,PA,400,3.268
604514,Flying J #1574,6965 I-95 Exit 355,Grant,IA,46,3.089
604515,Road Ranger #5751,1300 State Hwy 6 Exit 148,Rudd,IA,316,3.287
604516,QuikTrip #872,4538 US-287 Exit 175,Canal Fulton,OH,60,3.244
604517,Bosselman Travel Center #6272,4828 I-95 Exit 93,Kelso,MO,123,3.052
604518,Roadys Truck Stop #1168,324 I-40 Exit 246,Quimby,IA,335,2.958
604519,Petro Stopping Center #8580,4906 I-80 Exit 164,Benedict,MD,83,3.045
604520,QuikTrip #2055,9922 I-80 Exit 32,Lewisburg,LA,196,3.157
604521,Road Ranger #4956,8088 I-80 Exit 353,Blackstone,VA,297,3.257
604522,Sapp Bros #3255,5673 I-95 Exit 335,Ypsilanti,MI,289,3.134
604523,Kwik Trip #3438,2752 I-10 Exit 140,Belmar,NJ,107,2.971
604524,Road Ranger #6019,1958 I-80 Exit 98,Chariton,IA,116,3.293
604525,Loves Travel Stop #6792,9891 US-287 Exit 138,Allendale,IL,101,3.138
604526,Roadys Truck Stop #9389,3694 US-287 Exit 183,Smithville Sanders,IN,64,3.151
604527,Roadys Truck Stop #8231,9137 I-95 Exit 100,Corral City,TX,337,3.355
604528,QuikTrip #7995,2686 I-40 Exit 158,Arlington,WA,118,3.796
604529,Bosselman Travel Center #8254,2078 I-95 Exit 263,Tamora,NE,281,3.112
604530,Loves Travel Stop #6259,7070 US-287 Exit 214,Moreland Hills,OH,145,3.010
604531,Sapp Bros #5988,3671 I-95 Exit 84,Conejos,CO,267,3.339
604532,Petro Stopping Center #8078,7187 I-95 Exit 206,Bruno,NE,154,3.493
604533,Road Ranger #6177,4464 US-287 Exit 1,Lake Of The Woods,IN,214,2.763
604534,Bosselman Travel Center #5012,2549 US-287 Exit 111,Plainfield,IN,83,3.341
604535,Kwik Trip #3193,6602 I-95 Exit 119,Hanlontown,IA,3,3.393
604536,Pilot Travel Center #1303,1706 I-10 Exit 343,Morganza,LA,277,2.682
604537,QuikTrip #2964,1957 I-10 Exit 98,Laurens,IA,291,3.002
604538,Pilot Travel Center #2793,686 I-10 Exit 15,Coates,MN,182,3.097
604539,Roadys Truck Stop #5694,7430 I-80 Exit 341,Holdrege,NE,104,2.963
604540,Roadys Truck Stop #881,1348 I-95 Exit 220,Italy,TX,36,2.997
604541,Bosselman Travel Center #1870,4096 I-10 Exit 387,Jonesburg,MO,221,2.863
604542,Road Ranger #6868,9809 US-287 Exit 277,Bridgman,MI,17,2.683
604543,Sapp Bros #1334,8489 US-287 Exit 24,Scotsdale,MO,152,2.834
604544,Flying J #5902,686 I-80 Exit 62,Arapaho,OK,263,2.856
604545,Kwik Trip #5047,9720 State Hwy 6 Exit 151,Centralia,PA,33,3.006
604546,Kwik Trip #5224,5910 State Hwy 6 Exit 115,Yoder,KS,118,3.211
604547,Roadys Truck Stop #6778,180 I-80 Exit 115,Cienega Springs,AZ,172,3.786
604548,Loves Travel Stop #8256,9500 I-10 Exit 69,Lake In The Hills,IL,55,3.392
604549,Loves Travel Stop #9244,2956 I-95 Exit 294,Deerwood,TX,36,2.996
604550,Sapp Bros #1315,432 I-80 Exit 233,Stantonsburg,NC,44,3.347
604551,Bosselman Travel Center #389,5861 I-10 Exit 267,Eudora,AR,45,2.953
604552,AMBEST #9519,6975 I-10 Exit 27,North Branch,MN,363,3.740
604553,Sapp Bros #6276,2403 I-80 Exit 112,Agnew,NE,19,2.983
604554,Road Ranger #7478,6718 I-95 Exit 270,Geronimo Estates,AZ,173,3.386
604555,Road Ranger #4456,3335 US-287 Exit 330,Saint Anne,IL,198,3.186
604556,Sapp Bros #8390,2649 I-95 Exit 166,Tulia,TX,133,2.913
604557,Roadys Truck Stop #3471,7912 I-80 Exit 128,Pattison,TX,113,3.052
604558,Road Ranger #212,4563 State Hwy 6 Exit 51,Dike,IA,196,3.086
604559,AMBEST #6735,2583 I-80 Exit 146,Ridgely,TN,334,3.100
604560,AMBEST #865,2080 I-80 Exit 325,Olympia Fields,IL,270,3.210
604561,AMBEST #1560,9815 US-287 Exit 7,Bernardsville,NJ,386,3.161
604562,Bosselman Travel Center #5735,2298 I-40 Exit 250,Oakwood,MO,340,3.074
604563,Road Ranger #8335,1772 I-95 Exit 254,Beacon,IA,376,3.050
604564,Roadys Truck Stop #5800,6917 State Hwy 6 Exit 334,Ottawa,KS,122,3.009
604565,QuikTrip #827,8187 I-40 Exit 324,Mayersville,MS,134,3.022
604566,AMBEST #7879,3297 State Hwy 6 Exit 361,Volin,SD,189,3.047
604567,Loves Travel Stop #4281,3966 US-287 Exit 123,Tall Timber,CO,165,3.294
604568,Road Ranger #2809,2164 I-80 Exit 349,Pleasant View,PA,275,3.193
604569,Road Ranger #5023,7607 State Hwy 6 Exit 199,Coldwater,MI,19,3.284
604570,Bosselman Travel Center #123,9529 I-40 Exit 331,Lamar,NE,79,3.352
604571,Roadys Truck Stop #1867,3809 US-287 Exit 285,Yarnell,PA,51,2.993
604572,Kwik Trip #6175,4970 I-40 Exit 30,Wake Village,TX,160,3.119
604573,Kwik Trip #6680,5591 State Hwy 6 Exit 4,Jewell Junction,IA,283,3.103
604574,Petro Stopping Center #4558,9889 US-287 Exit 194,Park Place,PA,382,3.307
604575,Road Ranger #9374,7748 State Hwy 6 Exit 185,Indiantown,FL,189,2.636
604576,Loves Travel Stop #2728,4129 US-287 Exit 9,Castle Pines Village,CO,24,3.506
604577,Loves Travel Stop #5471,2287 I-80 Exit 314,Twin Rivers,NJ,14,3.111
604578,Loves Travel Stop #5954,519 State Hwy 6 Exit 221,Point Lookout,NY,85,3.060
604579,Bosselman Travel Center #4528,2896 I-40 Exit 51,Pennside,PA,76,3.078
604580,TA Travel Center #790,9800 US-287 Exit 114,Cottonwood,AZ,131,3.320
604581,TA Travel Center #3170,500 I-95 Exit 71,Spokane,LA,153,3.560
604582,AMBEST #9912,9071 I-10 Exit 185,Disputanta,VA,238,2.925
604583,QuikTrip #8489,7876 I-80 Exit 148,Blairstown,NJ,57,3.029
604584,QuikTrip #2542,3506 I-40 Exit 368,Albany,LA,360,2.875
604585,QuikTrip #3801,5267 State Hwy 6 Exit 51,Fairport,IA,327,3.160
604586,Kwik Trip #7384,7740 US-287 Exit 296,Malakoff,TX,255,3.300
604587,Kwik Trip #9804,5995 I-80 Exit 381,Smithfield,NC,350,2.779
604588,Sapp Bros #8841,5322 I-80 Exit 164,Gloster,MS,166,3.288
604589,AMBEST #9447,5679 I-40 Exit 162,Coggon,IA,139,3.214
604590,Roadys Truck Stop #985,4833 I-80 Exit 281,Moffett,OK,253,3.121
604591,TA Travel Center #4800,3954 I-40 Exit 277,Honey Grove,TX,263,2.963
604592,Road Ranger #633,7082 US-287 Exit 333,Lapel,IN,61,3.355
604593,Petro Stopping Center #5019,2626 US-287 Exit 383,Saint Paul,TX,354,3.379
604594,Roadys Truck Stop #9586,3247 I-80 Exit 255,Fort Hunt,VA,170,3.172
604595,Road Ranger #8059,9503 I-10 Exit 25,Monroe Manor,NJ,52,3.009
604596,Pilot Travel Center #8770,9042 I-40 Exit 220,Bellmead,TX,104,3.197
604597,Bosselman Travel Center #5666,8629 US-287 Exit 171,Bethany,OK,140,2.973
604598,Road Ranger #3063,9980 State Hwy 6 Exit 177,Maywood,CA,123,3.873
604599,QuikTrip #852,4265 State Hwy 6 Exit 211,Lorraine,KS,372,3.099
604600,Kwik Trip #5901,6594 I-95 Exit 121,Pettisville,OH,161,3.094
604601,Pilot Travel Center #5923,1701 I-95 Exit 122,Mogadore,OH,142,3.076
604602,QuikTrip #6037,6043 US-287 Exit 325,Edinburg,PA,252,3.129
604603,AMBEST #966,2139 US-287 Exit 91,Paulden,AZ,302,3.457
604604,Flying J #7109,9534 I-80 Exit 195,Lipscomb,AL,279,3.121
604605,Flying J #5001,681 I-80 Exit 53,Ponchatoula,LA,64,3.138
604606,Bosselman Travel Center #8612,774 I-10 Exit 321,Twin Lakes,NM,399,3.455
604607,AMBEST #4813,6472 I-40 Exit 203,Barrington,IL,185,3.157
604608,Bosselman Travel Center #3589,437 I-95 Exit 217,Wesley Hills,NY,211,3.226
604609,Roadys Truck Stop #3333,5177 I-95 Exit 64,Ambridge,PA,213,3.046
604610,Road Ranger #5395,8176 State Hwy 6 Exit 98,Fremont,NC,370,3.075
604611,Bosselman Travel Center #754,4375 US-287 Exit 173,Princeton Meadows,NJ,327,3.033
604612,TA Travel Center #3737,3261 I-40 Exit 308,Portland,IN,321,3.254
604613,Flying J #1309,2648 I-10 Exit 39,South Hutchinson,KS,368,3.228
604614,AMBEST #766,3653 I-95 Exit 251,Mcpherson,KS,242,3.165
604615,Flying J #9080,527 I-40 Exit 229,Spinnerstown,PA,380,2.658
604616,Bosselman Travel Center #8562,1641 I-95 Exit 354,Kearney,NE,207,3.204
604617,Kwik Trip #7520,277 I-10 Exit 214,Auburn,IL,198,3.265
604618,Kwik Trip #4988,3375 I-80 Exit 46,Blue Summit,MO,222,2.998
604619,Sapp Bros #632,9887 I-95 Exit 110,North Kansas City,MO,116,3.122
604620,TA Travel Center #8134,2398 US-287 Exit 311,Vaughnsville,OH,383,3.051
604621,Pilot Travel Center #1870,4514 I-40 Exit 185,Long Branch,VA,157,3.140
604622,Petro Stopping Center #6270,8565 I-95 Exit 267,Lukachukai,AZ,136,3.664
604623,QuikTrip #4117,8541 US-287 Exit 128,Reidland,KY,304,3.002
604624,QuikTrip #3015,6121 I-10 Exit 265,Shoal Creek,AL,7,3.122
604625,Loves Travel Stop #5609,3903 I-10 Exit 189,Laytonsville,MD,267,3.038
604626,Pilot Travel Center #677,3450 I-80 Exit 116,Cumming,IA,19,3.267
604627,TA Travel Center #278,1929 I-10 Exit 312,Ramona,KS,70,2.971
604628,Roadys Truck Stop #1091,1910 State Hwy 6 Exit 118,Cabool,MO,260,3.196
604629,Sapp Bros #5396,6067 US-287 Exit 182,Lupton,AZ,26,3.297
604630,Loves Travel Stop #7742,6275 I-40 Exit 155,Hegins,PA,82,3.283
604631,Roadys Truck Stop #6969,2370 US-287 Exit 157,Normal,IL,117,2.920
604632,Road Ranger #150,4313 I-10 Exit 393,Hoffman Estates,IL,358,3.202
604633,Loves Travel Stop #1522,360 I-95 Exit 21,Browns,IL,28,2.992
604634,Roadys Truck Stop #4614,1789 I-80 Exit 165,Trail Creek,IN,337,3.018
604635,Bosselman Travel Center #7908,4337 I-95 Exit 304,Chunky,MS,184,3.129
604636,Sapp Bros #2558,8155 US-287 Exit 382,Blue Eye,MO,110,2.999
604637,Loves Travel Stop #7360,8100 I-95 Exit 36,Sweet Home,AR,4,2.947
604638,TA Travel Center #5967,6818 US-287 Exit 198,Martell,NE,115,3.230
604639,Flying J #8237,3342 US-287 Exit 99,Muir,PA,158,2.863
604640,Bosselman Travel Center #1091,513 I-40 Exit 13,Snohomish,WA,87,3.860
604641,Petro Stopping Center #2999,463 I-40 Exit 68,Pierce,ID,231,3.442
604642,Roadys Truck Stop #6618,2276 US-287 Exit 343,Scotland Neck,NC,299,3.112
604643,Sapp Bros #7814,9013 State Hwy 6 Exit 152,Wister,OK,153,3.098
604644,Kwik Trip #5189,8312 US-287 Exit 90,Eastmont,WA,48,3.987
604645,QuikTrip #2974,8067 US-287 Exit 394,Roland,OK,324,3.320
604646,Bosselman Travel Center #4297,1000 I-10 Exit 380,Columbiana,OH,148,3.475
604647,QuikTrip #9226,9329 I-10 Exit 45,Ravenna,NE,104,3.126
604648,Loves Travel Stop #6941,8700 US-287 Exit 389,Texas City,TX,302,3.008
604649,AMBEST #8352,9384 I-95 Exit 330,Carbonado,WA,39,3.805
604650,Flying J #8801,2179 State Hwy 6 Exit 305,Rye,AZ,158,3.360
604651,Loves Travel Stop #5121,5841 I-10 Exit 177,Greenacres,FL,2,2.840
604652,Flying J #3306,853 I-95 Exit 267,Atwood,CO,245,3.252
604653,Pilot Travel Center #3733,8520 I-80 Exit 361,Houston Lake,MO,141,3.274
604654,Kwik Trip #6002,2653 State Hwy 6 Exit 31,Port Royal,VA,150,2.748
604655,Bosselman Travel Center #7404,3890 US-287 Exit 157,Souderton,PA,157,3.242
604656,Flying J #4925,6374 US-287 Exit 247,The Hills,NJ,132,3.028
604657,Bosselman Travel Center #7202,5641 I-95 Exit 63,Macedonia,OH,128,3.117
604658,Sapp Bros #2182,2810 I-10 Exit 38,Atalissa,IA,321,3.113
604659,Kwik Trip #1628,5852 I-95 Exit 182,Biddle,MT,277,3.324
604660,Roadys Truck Stop #9289,8730 State Hwy 6 Exit 197,Hahnville,LA,17,2.959
604661,Kwik Trip #9154,2935 I-80 Exit 76,Riverside,CA,122,3.727
604662,Flying J #9695,5485 I-10 Exit 85,Alamo,NM,89,3.349
604663,Sapp Bros #4433,9526 I-10 Exit 147,Lower Berkshire Valley,NJ,186,2.978
604664,QuikTrip #6688,9043 I-10 Exit 53,Mount Auburn,IN,29,3.114
604665,Loves Travel Stop #3615,2694 US-287 Exit 241,Truchas,NM,28,3.411
604666,Kwik Trip #1720,4892 I-40 Exit 143,Lopatcong Overlook,NJ,93,2.998
604667,Flying J #7291,5967 State Hwy 6 Exit 142,Pacific,WA,363,3.850
604668,Sapp Bros #2106,7335 I-80 Exit 388,Vandercook Lake,MI,329,3.215
604669,Flying J #182,1200 State Hwy 6 Exit 174,Adamsville,PA,358,3.420
604670,QuikTrip #6524,6143 State Hwy 6 Exit 272,Bozeman,MT,47,3.559
604671,Sapp Bros #9331,1305 State Hwy 6 Exit 201,Gilead,NE,181,3.019
604672,Loves Travel Stop #7285,2476 I-95 Exit 199,Oyens,IA,129,3.356
604673,TA Travel Center #1354,3650 State Hwy 6 Exit 28,Montebello,NY,59,3.017
604674,QuikTrip #2723,2943 I-10 Exit 65,Spring Arbor,MI,311,3.111
604675,Road Ranger #4753,5517 I-80 Exit 51,Hallsville,TX,289,2.750
604676,Loves Travel Stop #6398,4721 US-287 Exit 51,Prospect,PA,281,3.261
604677,AMBEST #355,5562 US-287 Exit 6,Kenyon,MN,15,2.851
604678,Kwik Trip #322,4576 I-80 Exit 10,Fayette,OH,400,3.064
604679,QuikTrip #6618,1853 I-10 Exit 315,Chinchilla,PA,303,3.328
604680,QuikTrip #9783,8979 I-95 Exit 219,Franklin Center,NJ,169,3.141
604681,Road Ranger #9539,1406 I-80 Exit 52,Medley,FL,54,2.751
604682,AMBEST #8675,7624 I-95 Exit 380,Renovo,PA,40,3.024
604683,Sapp Bros #7434,4374 I-10 Exit 300,Eagle Lake,IL,349,3.334
604684,Loves Travel Stop #7040,5351 State Hwy 6 Exit 242,Winfield,PA,26,3.315
604685,AMBEST #9525,8717 State Hwy 6 Exit 221,Chesterton,IN,253,3.177
604686,Sapp Bros #2037,7070 I-95 Exit 92,Inwood,IA,12,2.956
604687,Flying J #9220,6123 I-80 Exit 336,White,GA,265,2.867
604688,Pilot Travel Center #1181,5624 US-287 Exit 359,Yorktown,IA,43,3.266
604689,AMBEST #6124,396 State Hwy 6 Exit 264,Huntington,IN,300,3.020
604690,Kwik Trip #9162,1593 I-40 Exit 195,Scotland,SD,348,3.163
604691,QuikTrip #8866,8126 I-80 Exit 140,Ovilla,TX,262,3.276
604692,Sapp Bros #2012,4235 I-95 Exit 207,Lonsdale,AR,211,3.009
604693,QuikTrip #6235,7604 I-10 Exit 52,Vilas,SD,357,3.405
604694,Petro Stopping Center #497,2403 I-80 Exit 49,Pine Hill,AL,103,2.934
604695,Road Ranger #4805,3120 I-10 Exit 198,Hollandale,MN,287,3.199
604696,AMBEST #6368,9730 I-95 Exit 177,Hillcrest,IL,237,3.333
604697,Loves Travel Stop #3702,5886 State Hwy 6 Exit 12,Spencer,IA,24,3.284
604698,Petro Stopping Center #5795,1176 I-10 Exit 75,Ramsey,NJ,87,3.223
604699,Road Ranger #4538,1116 I-80 Exit 114,Oxford,AL,266,3.036
604700,Kwik Trip #3198,824 I-80 Exit 276,Medicine Lake,MN,60,2.821
604701,Petro Stopping Center #7725,6530 I-40 Exit 141,Ridgeville,IN,2,2.773
604702,TA Travel Center #7022,2462 I-95 Exit 83,Leetonia,OH,78,2.934
604703,Sapp Bros #9403,5948 I-80 Exit 227,Alden,IA,219,3.270
604704,Road Ranger #9363,9107 US-287 Exit 103,Elmore,AL,93,3.298
604705,Road Ranger #7388,2220 State Hwy 6 Exit 70,Bayport,MN,21,2.957
604706,Petro Stopping Center #9634,344 US-287 Exit 296,Spring Valley,IL,255,3.171
604707,Flying J #371,4040 State Hwy 6 Exit 166,Oakland City,IN,342,3.079
604708,Sapp Bros #1095,8400 I-10 Exit 265,Fredonia,PA,105,3.387
604709,Pilot Travel Center #6664,9286 I-80 Exit 289,Sweetwater,OK,134,2.841
604710,Pilot Travel Center #4659,9585 I-10 Exit 215,Hugo,OK,250,3.000
604711,TA Travel Center #9665,4991 I-80 Exit 229,Zion,OK,369,2.986
604712,Bosselman Travel Center #1251,7129 I-80 Exit 232,Fredonia,AL,356,2.961
604713,Bosselman Travel Center #8669,579 I-40 Exit 138,Swedona,IL,387,3.174
604714,TA Travel Center #8794,8908 I-95 Exit 364,Good Hope,CA,87,3.598
604715,Flying J #9574,7353 I-95 Exit 250,Montpelier,OH,2,3.139
604716,QuikTrip #7900,739 I-40 Exit 162,Iowa Colony,TX,342,2.584
604717,TA Travel Center #5017,2932 US-287 Exit 146,Diamondhead Lake,IA,128,3.424
604718,TA Travel Center #9496,3657 I-80 Exit 49,Cordova,NE,12,3.355
604719,Flying J #6718,7829 I-10 Exit 136,Belton,TX,19,3.167
604720,Road Ranger #5681,4417 I-80 Exit 255,Braceville,IL,13,3.116
604721,Bosselman Travel Center #8536,3626 I-40 Exit 355,Berkeley,MO,264,3.316
604722,Pilot Travel Center #3985,4663 I-80 Exit 16,Herndon,KS,234,2.919
604723,Loves Travel Stop #5044,8967 I-95 Exit 329,Liberty Corner,NJ,112,3.376
604724,Road Ranger #5132,5756 I-40 Exit 282,Fisher,IL,68,2.815
604725,QuikTrip #5967,9914 I-95 Exit 364,Vanlue,OH,204,2.450
604726,Loves Travel Stop #9847,8181 US-287 Exit 260,Oxford,MI,283,3.034
604727,AMBEST #4996,6920 I-10 Exit 225,Nemaha,NE,133,3.008
604728,Flying J #2901,8902 State Hwy 6 Exit 131,Renton,WA,85,3.897
604729,Sapp Bros #236,5060 State Hwy 6 Exit 143,Lake Valley,NM,237,3.632
604730,Road Ranger #8052,4895 I-80 Exit 199,Chimayo,NM,186,3.496
604731,Kwik Trip #9026,4989 I-40 Exit 209,Big Rock,IA,223,3.199
604732,Petro Stopping Center #5751,517 I-40 Exit 36,Rose Hill Acres,TX,222,2.621
604733,AMBEST #719,1746 I-80 Exit 327,Ashville,PA,139,2.936
604734,Kwik Trip #1821,1758 I-10 Exit 210,Middlesex,NJ,28,2.583
604735,QuikTrip #6608,3026 I-10 Exit 52,Berkey,OH,12,2.827
604736,Bosselman Travel Center #2770,6796 I-10 Exit 93,Whittingham,NJ,48,2.925
604737,Roadys Truck Stop #9291,4544 State Hwy 6 Exit 93,Scottsville,TX,375,3.058
604738,Flying J #1237,5211 I-40 Exit 18,Portage,IN,303,3.102
604739,TA Travel Center #4707,4308 I-80 Exit 94,Splendora,TX,300,2.758
604740,Petro Stopping Center #169,5736 State Hwy 6 Exit 272,Laurel,IA,360,3.386
604741,Roadys Truck Stop #4775,2525 I-95 Exit 202,Mountain Plains,SD,382,3.652
604742,TA Travel Center #4639,7602 I-80 Exit 252,Orting,WA,346,4.193
604743,Flying J #1218,8698 I-95 Exit 292,Fall City,WA,252,4.285
604744,Petro Stopping Center #4478,6478 I-80 Exit 9,Bridgeport,OK,108,3.218
604745,QuikTrip #4714,4818 I-10 Exit 182,Dumont,IA,244,3.321
604746,AMBEST #7249,7913 I-80 Exit 145,Plymouth,PA,358,3.198
604747,TA Travel Center #1312,4265 I-80 Exit 47,Burt,IA,51,3.078
604748,Kwik Trip #1371,3884 State Hwy 6 Exit 340,Fairview,SD,195,3.341
604749,Petro Stopping Center #9889,2260 I-95 Exit 6,Van Meter,IA,254,3.287
604750,Flying J #9335,4883 I-80 Exit 237,Leaf River,IL,59,3.174
604751,Road Ranger #3707,4441 I-80 Exit 153,Bridgewater,SD,251,3.423
604752,Petro Stopping Center #9420,2290 I-80 Exit 66,Groesbeck,TX,162,3.127
604753,Road Ranger #7392,1693 State Hwy 6 Exit 371,Island Lake,IL,149,3.142
604754,Kwik Trip #9461,5999 I-80 Exit 135,Parma,MI,61,3.115
604755,Petro Stopping Center #3738,4701 I-10 Exit 366,Tylersburg,PA,356,2.998
604756,Roadys Truck Stop #3675,9988 State Hwy 6 Exit 41,Chevy Chase View,MD,257,3.180
604757,Pilot Travel Center #1574,2384 I-10 Exit 23,Grayson,GA,198,3.061
604758,QuikTrip #5944,9574 I-95 Exit 365,Washington,NJ,245,3.241
604759,Bosselman Travel Center #4575,9891 State Hwy 6 Exit 162,Volente,TX,208,2.895
604760,Roadys Truck Stop #7015,8227 State Hwy 6 Exit 204,Lake Worth,TX,226,3.120
604761,Petro Stopping Center #9521,1620 I-80 Exit 155,Glen Ridge,FL,360,2.777
604762,Bosselman Travel Center #4660,298 I-80 Exit 86,Centreville,MI,155,3.088
604763,TA Travel Center #2744,1912 State Hwy 6 Exit 360,Rahway,NJ,131,3.081
604764,TA Travel Center #4748,4800 I-10 Exit 325,Rembrandt,IA,69,3.000
604765,Loves Travel Stop #5116,6638 I-40 Exit 7,Fredericksburg,PA,9,3.041
604766,Sapp Bros #802,964 US-287 Exit 258,Kinbrae,MN,52,3.331
604767,Bosselman Travel Center #9284,3244 State Hwy 6 Exit 188,Angola,IN,39,3.111
604768,Pilot Travel Center #5386,9854 I-10 Exit 44,Sykesville,MD,275,2.902
604769,Flying J #7985,6862 US-287 Exit 105,Indianola,IA,318,2.820
604770,Pilot Travel Center #5356,7617 I-95 Exit 111,Alexandria,PA,392,3.161
604771,Petro Stopping Center #1594,378 I-95 Exit 26,Needmore,IN,255,2.789
604772,Bosselman Travel Center #5537,1065 I-10 Exit 109,Luling,LA,166,3.327
604773,Petro Stopping Center #6201,1939 I-80 Exit 221,Willow Springs,IL,141,3.363
604774,Bosselman Travel Center #4987,2971 I-10 Exit 77,Tunnelhill,PA,353,3.148
604775,Pilot Travel Center #9290,5549 I-95 Exit 165,Rome City,IN,2,3.581
604776,Loves Travel Stop #2474,1685 US-287 Exit 173,Mcmillin,WA,294,3.741
604777,Sapp Bros #9515,6135 I-95 Exit 397,Conroy,IA,89,3.153
604778,Road Ranger #7299,1922 State Hwy 6 Exit 201,Cordova,IL,174,3.063
604779,Sapp Bros #3650,6310 I-40 Exit 61,Canute,OK,280,3.365
604780,Pilot Travel Center #3452,2227 I-95 Exit 23,Edgar Springs,MO,344,3.183
604781,Flying J #2576,5918 I-80 Exit 276,Churchill,OH,103,2.814
604782,Petro Stopping Center #2084,7796 I-95 Exit 80,Cal Nev Ari,NV,37,3.806
604783,AMBEST #6955,5636 I-40 Exit 160,Eureka,MO,280,3.110
604784,Petro Stopping Center #6791,9160 State Hwy 6 Exit 92,Jupiter,FL,195,2.991
604785,Loves Travel Stop #2036,8187 I-80 Exit 245,High Bridge,NJ,8,3.163
604786,Kwik Trip #4317,5835 I-40 Exit 105,Bakerstown,PA,186,3.232
604787,Sapp Bros #9668,9911 State Hwy 6 Exit 237,Hillisburg,IN,115,3.297
604788,TA Travel Center #2020,3424 I-40 Exit 370,Goose Lake,IA,95,3.232
604789,Petro Stopping Center #3341,4280 I-10 Exit 342,Waterproof,LA,196,2.876
604790,Bosselman Travel Center #1922,3398 I-10 Exit 194,Lebanon,MO,92,3.172
604791,Loves Travel Stop #5582,3819 I-95 Exit 142,Montour,IA,133,3.266
604792,Loves Travel Stop #4874,6966 I-10 Exit 58,Novinger,MO,357,3.098
604793,TA Travel Center #253,5723 I-10 Exit 284,Sugar Bush Knolls,OH,141,2.978
604794,QuikTrip #6199,3702 I-95 Exit 103,Fernwood,ID,218,3.679
604795,Pilot Travel Center #556,7956 US-287 Exit 265,Pleasanton,NE,56,3.497
604796,Flying J #6153,3959 I-80 Exit 356,Cooke City,MT,126,3.396
604797,Roadys Truck Stop #4610,1132 State Hwy 6 Exit 180,Lakeway,TX,57,2.814
604798,QuikTrip #5831,6432 US-287 Exit 275,Coalmont,IN,73,3.070
604799,Sapp Bros #5472,4374 I-95 Exit 378,Dayton,IL,123,2.877
604800,Roadys Truck Stop #1545,2408 I-80 Exit 349,Robeson Extension,PA,175,3.076
604801,Kwik Trip #8070,134 US-287 Exit 3,Wyldwood,TX,246,3.070
604802,Road Ranger #9871,1113 State Hwy 6 Exit 66,Milton,IA,290,3.041
604803,Petro Stopping Center #8764,5240 State Hwy 6 Exit 128,Riegelsville,PA,199,2.922
604804,Loves Travel Stop #3601,9960 I-10 Exit 208,Fort Calhoun,NE,384,3.206
604805,TA Travel Center #8604,6596 I-80 Exit 105,Ewing,IL,279,2.925
604806,QuikTrip #478,2032 I-10 Exit 41,Aristes,PA,93,3.017
604807,Loves Travel Stop #4807,3325 I-10 Exit 184,Fort Defiance,AZ,312,3.563
604808,Bosselman Travel Center #3824,9439 US-287 Exit 83,Kenhorst,PA,228,2.834
604809,TA Travel Center #8484,2542 I-95 Exit 262,Ashland,AL,62,3.054
604810,Sapp Bros #6357,325 US-287 Exit 28,Red Lodge,MT,90,3.185
604811,Kwik Trip #7712,4713 US-287 Exit 236,South Temple,PA,238,3.228
604812,Kwik Trip #1388,3469 I-80 Exit 173,Howardwick,TX,256,3.112
604813,Kwik Trip #2696,9748 I-80 Exit 138,Groom,TX,382,3.186
604814,Sapp Bros #827,6750 I-95 Exit 265,Cleghorn,IA,160,3.216
604815,Flying J #9798,4159 I-95 Exit 115,Eagle Bend,MS,342,3.195
604816,Bosselman Travel Center #6479,534 State Hwy 6 Exit 359,Westminster,MD,75,2.725
604817,Roadys Truck Stop #3316,8993 I-10 Exit 76,Dubois,IN,118,2.897
604818,Bosselman Travel Center #4944,7804 I-10 Exit 382,East Alliance,OH,258,2.931
604819,AMBEST #7812,4664 US-287 Exit 132,Bangor Base,WA,185,3.718
604820,Pilot Travel Center #3247,2095 I-10 Exit 326,Santa Fe,TX,278,3.101
604821,Roadys Truck Stop #8363,6416 US-287 Exit 299,Garfield,KS,94,2.867
604822,Petro Stopping Center #8557,1967 I-10 Exit 91,Clover Creek,WA,311,3.977
604823,AMBEST #6854,4930 US-287 Exit 146,Manhattan Beach,CA,267,3.864
604824,QuikTrip #8217,2146 I-95 Exit 376,Huntingburg,IN,373,2.753
604825,Sapp Bros #1421,2093 I-95 Exit 384,Alamillo,NM,301,3.333
604826,Flying J #6641,4974 US-287 Exit 348,Rock Valley,IA,229,3.467
604827,QuikTrip #2734,9577 I-40 Exit 62,Ash Flat,AR,278,2.904
604828,Petro Stopping Center #810,2004 US-287 Exit 229,Hilltop,OH,400,3.089
604829,Road Ranger #131,9219 I-80 Exit 102,White Horse,NJ,46,2.961
604830,Loves Travel Stop #7829,2445 US-287 Exit 263,Lansing,IL,280,2.823
604831,TA Travel Center #8556,4334 I-10 Exit 135,Madera,PA,376,3.176
604832,Loves Travel Stop #8407,577 US-287 Exit 185,Constantine,MI,167,3.260
604833,Bosselman Travel Center #1599,2979 I-95 Exit 312,Juniata,NE,290,3.115
604834,AMBEST #7921,5110 I-10 Exit 158,Pinehill,NM,228,3.482
604835,Sapp Bros #7042,3854 State Hwy 6 Exit 176,Saddle Rock,NY,64,3.159
604836,QuikTrip #486,5065 State Hwy 6 Exit 22,Praesel,TX,364,2.948
604837,TA Travel Center #3259,7524 I-40 Exit 336,Hightsville,NC,353,3.042
604838,Kwik Trip #3134,1918 I-10 Exit 71,Glendale,MO,4,3.097
604839,Flying J #6131,8527 I-40 Exit 124,Kanopolis,KS,395,3.372
604840,QuikTrip #5523,1459 I-95 Exit 350,Greenwich,CT,222,2.985
604841,AMBEST #3082,4424 US-287 Exit 77,Peru,NE,136,3.264
604842,Bosselman Travel Center #7733,2946 I-80 Exit 392,South Blooming Grove,NY,186,3.125
604843,Bosselman Travel Center #1138,9411 I-10 Exit 320,Dunellen,NJ,263,3.232
604844,Sapp Bros #2665,2877 I-95 Exit 80,Sammons Point,IL,314,2.670
604845,QuikTrip #8006,645 I-80 Exit 187,Hampton,NJ,323,2.902
604846,Sapp Bros #9280,5337 US-287 Exit 146,Gibson City,IL,70,2.975
604847,TA Travel Center #723,5365 US-287 Exit 374,Mcalisterville,PA,258,3.057
604848,TA Travel Center #9567,1912 I-80 Exit 308,Kampsville,IL,259,2.889
604849,AMBEST #9327,6688 State Hwy 6 Exit 123,Leesburg,VA,128,2.924
604850,AMBEST #3961,7570 I-40 Exit 324,Bellwood,IL,220,2.890
604851,Road Ranger #3630,2494 I-80 Exit 27,Kutztown University,PA,2,2.957
604852,Bosselman Travel Center #5897,5933 State Hwy 6 Exit 221,Chase,PA,97,2.962
604853,TA Travel Center #9855,6230 I-10 Exit 62,Country Club Hills,MO,202,3.121
604854,Sapp Bros #7032,7845 US-287 Exit 286,Mount Vernon,IL,379,2.993
604855,Roadys Truck Stop #3461,8239 US-287 Exit 252,Missouri City,MO,27,3.075
604856,Roadys Truck Stop #6541,4086 I-95 Exit 219,North El Monte,CA,342,3.704
604857,Road Ranger #983,2188 State Hwy 6 Exit 321,Grays Prairie,TX,262,2.962
604858,QuikTrip #5565,8335 US-287 Exit 11,Corley,IA,171,3.129
604859,Flying J #1193,8806 I-10 Exit 283,Glenville,CT,209,3.016
604860,TA Travel Center #8404,8525 I-10 Exit 241,Wadsworth,OH,200,3.222
604861,Road Ranger #2117,7409 I-80 Exit 237,Omaha,IL,140,3.103
604862,Flying J #4918,1572 I-40 Exit 391,New Middletown,OH,192,3.051
604863,Kwik Trip #9225,2927 I-95 Exit 231,Yarrow Point,WA,15,4.016
604864,QuikTrip #1515,9748 I-95 Exit 138,Middleburg,NC,344,2.906
604865,Road Ranger #9369,7389 US-287 Exit 174,Glenwood,AR,8,3.308
604866,Bosselman Travel Center #7910,914 State Hwy 6 Exit 137,Claremont,IL,339,2.647
604867,Petro Stopping Center #925,7845 I-10 Exit 37,Miller South Cove,TX,328,3.084
604868,Petro Stopping Center #6948,1842 I-40 Exit 167,Lake Providence,LA,169,3.141
604869,AMBEST #5578,3088 US-287 Exit 323,Perry,OH,16,3.203
604870,Kwik Trip #3122,981 I-40 Exit 186,Moorefield,VA,283,2.671
604871,Loves Travel Stop #1976,3853 I-40 Exit 264,Gary,IN,334,3.276
604872,Flying J #1922,1321 State Hwy 6 Exit 327,Wildewood,MD,318,2.922
604873,Sapp Bros #2121,5873 I-80 Exit 76,Woodway,WA,387,4.048
604874,Sapp Bros #997,9119 I-95 Exit 217,Rolling Meadows,IL,15,3.086
604875,AMBEST #7968,1328 I-10 Exit 112,Penermon,MO,250,3.230
604876,Roadys Truck Stop #7760,298 I-10 Exit 288,Burna,KY,32,2.826
604877,Roadys Truck Stop #263,7112 I-40 Exit 176,Reading,KS,368,3.283
604878,Petro Stopping Center #558,5913 I-40 Exit 46,Catalpa Canyon,NM,277,3.236
604879,Flying J #3016,9138 I-10 Exit 142,Mackeyville,PA,12,3.222
604880,AMBEST #4915,4694 I-40 Exit 233,Fulton,IL,318,2.850
604881,Pilot Travel Center #4579,3411 I-95 Exit 290,Jewett,TX,387,3.088
604882,Loves Travel Stop #7546,3215 I-10 Exit 75,Colonial Beach,VA,149,2.926
604883,Roadys Truck Stop #1888,5849 I-10 Exit 184,Longview,TX,81,3.144
604884,Loves Travel Stop #1193,4165 US-287 Exit 41,Park Ridge,IL,151,3.304
604885,Kwik Trip #1803,2366 State Hwy 6 Exit 375,Marshall,TX,282,2.690
604886,Roadys Truck Stop #6160,8939 I-10 Exit 113,Macomb,OK,168,2.949
604887,AMBEST #2958,7828 I-80 Exit 275,Standing Rock,AL,105,3.171
604888,Bosselman Travel Center #6817,8301 I-95 Exit 166,Curtis,NE,209,3.021
604889,Pilot Travel Center #6805,4497 US-287 Exit 387,Muncy,PA,208,2.763
604890,QuikTrip #946,3626 I-40 Exit 318,Sullivan,IN,192,3.049
604891,QuikTrip #9399,9762 State Hwy 6 Exit 170,Sharon,WI,290,3.456
604892,Flying J #9838,4243 US-287 Exit 332,Turah,MT,397,3.950
604893,Bosselman Travel Center #4277,3666 I-40 Exit 238,Muscoy,CA,334,3.605
604894,QuikTrip #8328,4396 US-287 Exit 306,Milner,GA,334,2.874
604895,Road Ranger #1115,2862 I-80 Exit 30,Raritan,NJ,246,3.164
604896,Petro Stopping Center #6427,5504 I-10 Exit 17,Orofino,ID,335,3.571
604897,AMBEST #2549,9212 State Hwy 6 Exit 7,Saint Francis,KS,39,3.473
604898,QuikTrip #6794,1203 I-40 Exit 262,Haskins,OH,38,3.093
604899,Kwik Trip #9938,8942 I-40 Exit 356,Vincent,AL,332,3.021
604900,Pilot Travel Center #1943,1915 I-40 Exit 146,Coleta,IL,236,2.907
604901,Pilot Travel Center #8433,4485 US-287 Exit 358,Kenilworth,IL,130,3.090
604902,Flying J #2297,5819 State Hwy 6 Exit 241,Falcon Heights,MN,69,3.465
604903,Loves Travel Stop #1153,9321 I-10 Exit 170,Valley Springs,AR,39,3.111
604904,Bosselman Travel Center #4565,6035 I-10 Exit 352,Harper Woods,MI,348,3.086
604905,TA Travel Center #6686,5893 I-95 Exit 328,Lower Brule,SD,68,3.391
604906,Loves Travel Stop #5015,7204 I-80 Exit 349,Ora,IN,6,3.159
604907,Pilot Travel Center #212,8834 I-95 Exit 278,North Miami Beach,FL,384,2.484
604908,QuikTrip #7003,4988 I-10 Exit 55,Upper Sandusky,OH,158,3.028
604909,Flying J #7601,7395 I-80 Exit 82,Newell,WV,92,2.935
604910,Roadys Truck Stop #9593,3211 I-40 Exit 387,Fullerton,PA,143,3.080
604911,Bosselman Travel Center #3895,5916 US-287 Exit 275,Amherst,NE,286,3.256
604912,QuikTrip #3390,2444 State Hwy 6 Exit 214,Panther Valley,NJ,365,3.112
604913,Loves Travel Stop #9780,768 I-80 Exit 230,Shorewood,MN,242,3.059
604914,Pilot Travel Center #2885,5326 I-10 Exit 99,Madison,NJ,233,3.110
604915,AMBEST #5316,9611 I-80 Exit 107,Turkey,NC,170,3.167
604916,Road Ranger #5784,1214 I-10 Exit 152,Cypress,IL,295,2.999
604917,Petro Stopping Center #744,427 State Hwy 6 Exit 136,Aguilar,CO,221,3.460
604918,Flying J #9727,7605 I-95 Exit 268,Loganton,PA,275,2.951
604919,Loves Travel Stop #1805,8698 I-95 Exit 74,Chicago Heights,IL,50,3.107
604920,Pilot Travel Center #7296,6289 I-10 Exit 17,Milford,MI,166,2.824
604921,AMBEST #9568,6055 US-287 Exit 275,Allenhurst,NJ,338,2.910
604922,Pilot Travel Center #4224,2460 US-287 Exit 115,Grand Meadow,MN,355,2.925
604923,QuikTrip #7775,6756 I-95 Exit 367,Desert Center,CA,209,3.467
604924,Sapp Bros #4543,9726 State Hwy 6 Exit 196,Anamosa,IA,16,3.118
604925,QuikTrip #224,2983 I-95 Exit 325,Bunker Hill,IN,241,3.149
604926,QuikTrip #2181,3529 I-95 Exit 15,Galena Park,TX,185,3.261
604927,QuikTrip #2013,2653 I-40 Exit 207,Canfield,OH,379,3.449
604928,Roadys Truck Stop #3047,9979 State Hwy 6 Exit 345,Hardy,AR,198,2.977
604929,Kwik Trip #3070,7924 I-80 Exit 136,Chalco,NE,87,2.785
604930,AMBEST #4450,2887 State Hwy 6 Exit 278,Hereford,PA,167,3.034
604931,Road Ranger #4871,4861 State Hwy 6 Exit 2,Simpson,IL,323,2.902
604932,AMBEST #6706,8393 I-95 Exit 295,Sibley,IL,170,2.863
604933,Kwik Trip #4019,2484 I-40 Exit 320,Palmyra,IL,40,2.927
604934,Flying J #3190,617 US-287 Exit 153,Blue,OK,65,2.781
604935,Loves Travel Stop #7937,5430 I-80 Exit 154,Elsah,IL,354,2.916
604936,Petro Stopping Center #5835,331 US-287 Exit 160,Avonmore,PA,213,3.054
604937,TA Travel Center #4330,506 US-287 Exit 351,Goshen,NY,393,3.106
604938,Loves Travel Stop #6731,3634 I-40 Exit 218,Cabot,AR,372,2.784
604939,AMBEST #6433,4815 I-40 Exit 250,Hyde,PA,29,3.204
604940,QuikTrip #9704,360 US-287 Exit 226,Shallow Water,KS,137,3.271
604941,TA Travel Center #2013,2273 I-10 Exit 21,Pines Lake,NJ,218,3.174
604942,Pilot Travel Center #6242,8302 I-40 Exit 356,Alpena,AR,275,2.803
604943,Sapp Bros #6961,9823 I-40 Exit 386,Curtisville,PA,68,3.046
604944,Loves Travel Stop #8257,954 I-95 Exit 260,Worthington,MO,258,2.835
604945,Pilot Travel Center #7291,2405 US-287 Exit 77,Norwood,MO,32,2.928
604946,Kwik Trip #7385,7668 I-80 Exit 78,Kent,OH,195,3.109
604947,Bosselman Travel Center #7041,6514 State Hwy 6 Exit 116,West Belmar,NJ,143,2.820
604948,Kwik Trip #7248,1116 I-40 Exit 378,Dorchester,TX,167,2.820
604949,Road Ranger #686,834 I-95 Exit 191,Northumberland,PA,285,3.029
604950,Loves Travel Stop #4871,6471 US-287 Exit 35,Sharon,PA,224,3.214
604951,QuikTrip #9677,2861 I-40 Exit 74,Palmetto,GA,226,3.227
604952,Sapp Bros #2422,6748 I-40 Exit 248,Aldie,VA,63,3.162
604953,Kwik Trip #6964,7805 I-40 Exit 341,Somerset,KS,300,2.952
604954,Road Ranger #7875,2398 I-40 Exit 35,Edwardsville,IL,396,3.121
604955,Roadys Truck Stop #4282,8968 I-10 Exit 162,Oak City,NC,133,2.915
604956,TA Travel Center #5443,9175 I-40 Exit 359,Michiana Shores,IN,300,3.127
604957,Road Ranger #6785,3520 US-287 Exit 284,Tabor,IA,47,3.153
604958,Petro Stopping Center #4061,6390 I-80 Exit 191,Arnold Line,MS,329,3.317
604959,Roadys Truck Stop #9391,1985 I-10 Exit 171,West Babylon,NY,126,3.321
604960,Bosselman Travel Center #4025,225 US-287 Exit 285,Strodes Mills,PA,42,3.014
604961,Kwik Trip #8286,6324 I-80 Exit 145,Plantation,FL,2,2.907
604962,Loves Travel Stop #554,1141 I-40 Exit 223,South Milford,IN,352,3.272
604963,Road Ranger #1166,9482 US-287 Exit 381,Grandview Plaza,KS,260,3.309
604964,Loves Travel Stop #8770,3421 I-10 Exit 77,Marshallville,OH,294,2.853
604965,Road Ranger #8979,7161 US-287 Exit 99,Gisela,AZ,220,3.775
604966,Petro Stopping Center #5942,383 I-10 Exit 40,Strawn,IL,284,3.070
604967,Loves Travel Stop #9298,7957 I-95 Exit 186,Lasker,NC,30,3.346
604968,Petro Stopping Center #3422,6404 I-10 Exit 39,Udell,IA,91,3.012
604969,Sapp Bros #1174,4767 I-80 Exit 389,Estelle,LA,339,2.834
604970,Loves Travel Stop #8711,9979 I-10 Exit 41,Stony Point,NY,67,2.864
604971,Petro Stopping Center #1138,5471 I-10 Exit 82,Levasy,MO,35,3.240
604972,AMBEST #4034,3578 I-95 Exit 233,Oreana,IL,106,3.330
604973,Pilot Travel Center #839,6429 I-40 Exit 121,Krum,TX,333,3.287
604974,Kwik Trip #9756,7372 I-95 Exit 356,Stony Creek Mills,PA,184,3.415
604975,QuikTrip #3822,7768 I-10 Exit 237,Oakwood Hills,IL,189,2.845
604976,Road Ranger #4962,1785 I-40 Exit 282,North Caldwell,NJ,303,3.199
604977,Petro Stopping Center #6161,2359 I-40 Exit 246,Allen,TX,65,3.210
604978,Petro Stopping Center #201,3262 State Hwy 6 Exit 198,Leo Cedarville,IN,135,3.062
604979,Bosselman Travel Center #4997,1404 I-80 Exit 122,Sunset Valley,TX,12,3.249
604980,Petro Stopping Center #5332,6014 I-80 Exit 366,Corn Creek,SD,70,3.210
604981,Sapp Bros #5404,4857 I-95 Exit 362,Cushman,AR,131,3.076
604982,Sapp Bros #1264,4347 I-40 Exit 121,Harrison,MT,386,3.516
604983,Roadys Truck Stop #3420,2523 US-287 Exit 162,Piper City,IL,271,3.138
604984,Flying J #3558,3209 I-10 Exit 110,Johnston,IA,6,2.766
604985,Sapp Bros #7105,1730 I-10 Exit 117,Folsom,LA,56,3.210
604986,Road Ranger #4099,8171 I-80 Exit 106,Sterling,VA,357,3.189
604987,Roadys Truck Stop #7790,986 I-95 Exit 93,Chester,NY,381,3.484
604988,Road Ranger #6169,2982 I-10 Exit 78,Manor,TX,40,2.933
604989,Loves Travel Stop #1354,1801 I-95 Exit 300,Belton,MO,16,3.270
604990,AMBEST #900,8412 State Hwy 6 Exit 300,Oskaloosa,IA,292,3.020
604991,Flying J #3687,3485 I-40 Exit 308,La Jara,CO,335,3.412
604992,AMBEST #1450,9312 State Hwy 6 Exit 11,Red Hill,PA,83,2.985
604993,Pilot Travel Center #8458,2610 I-95 Exit 289,Macon,IL,209,2.939
604994,Kwik Trip #2037,9039 I-40 Exit 137,Stewartville,AL,121,2.801
604995,Flying J #5306,8608 State Hwy 6 Exit 92,Birmingham,IA,278,3.094
604996,Kwik Trip #9292,237 US-287 Exit 278,Seboyeta,NM,269,3.789
604997,QuikTrip #8062,9815 State Hwy 6 Exit 257,Cicero,IN,19,2.872
604998,Bosselman Travel Center #943,3022 US-287 Exit 146,Butte Silver Bow,MT,215,3.697
604999,Petro Stopping Center #4579,2696 I-80 Exit 336,Hillsboro Beach,FL,177,3.134
605000,AMBEST #6351,4553 I-95 Exit 140,Pell City,AL,15,2.933
605001,Road Ranger #9664,3143 I-10 Exit 396,Schwana,WA,242,3.948
605002,Pilot Travel Center #8039,6205 US-287 Exit 75,Hydro,OK,79,3.154
605003,AMBEST #4419,9183 I-95 Exit 283,Rayne,LA,19,3.142
605004,Kwik Trip #9546,9112 I-80 Exit 206,Fremont,NE,98,3.239
605005,AMBEST #1865,5602 I-95 Exit 201,Sanatoga,PA,183,3.098
605006,AMBEST #8698,1847 US-287 Exit 28,Rock Ridge,CT,400,2.926
605007,Flying J #4542,8927 US-287 Exit 175,Bainbridge,IN,142,2.998
605008,Bosselman Travel Center #3184,2923 State Hwy 6 Exit 98,New Wilmington,PA,112,3.250
605009,Petro Stopping Center #5745,7389 I-40 Exit 260,Canterwood,WA,343,4.282
605010,Sapp Bros #9817,6289 State Hwy 6 Exit 45,Matthews,IN,361,3.248
605011,Petro Stopping Center #5111,7045 State Hwy 6 Exit 192,Huguley,AL,266,2.812
605012,Pilot Travel Center #8695,5840 State Hwy 6 Exit 63,Greenlawn,NY,26,2.744
605013,QuikTrip #808,6393 I-40 Exit 50,Sauget,IL,132,3.339
605014,TA Travel Center #3607,5660 I-95 Exit 214,Harbine,NE,6,2.843
605015,Roadys Truck Stop #5846,8636 US-287 Exit 181,Vicksburg,MS,89,3.129
605016,Sapp Bros #475,9857 I-10 Exit 155,Commerce,MO,148,3.310
605017,Flying J #7225,404 I-10 Exit 139,Iowa Falls,IA,274,2.617
605018,Kwik Trip #6570,1186 I-95 Exit 56,Fishersburg,IN,254,3.037
605019,Petro Stopping Center #5394,7302 I-10 Exit 162,Terrytown,LA,226,2.635
605020,Roadys Truck Stop #3599,7204 I-95 Exit 358,Ionia,IA,348,3.351
605021,Pilot Travel Center #694,8410 I-95 Exit 338,Sherrill,AR,244,3.416
605022,AMBEST #874,3716 State Hwy 6 Exit 182,Dyer,IN,316,2.948
605023,Road Ranger #674,7721 State Hwy 6 Exit 141,Stuttgart,KS,217,2.820
605024,Flying J #3297,4973 I-40 Exit 291,Canton,KS,362,3.292
605025,AMBEST #7579,979 US-287 Exit 174,Brazos,NM,173,3.395
605026,AMBEST #3368,3484 I-80 Exit 397,Gassville,AR,149,2.963
605027,Flying J #1561,7799 I-10 Exit 69,Roslyn Estates,NY,351,2.948
605028,Roadys Truck Stop #3771,1682 I-95 Exit 260,West Tawakoni,TX,183,3.050
605029,Flying J #4316,431 I-80 Exit 201,Chatham,IL,64,3.101
605030,Sapp Bros #8631,5340 I-80 Exit 196,Mission Hills,KS,107,3.023
605031,TA Travel Center #3508,1472 I-40 Exit 228,Reyno,AR,360,3.242
605032,Road Ranger #5612,7795 State Hwy 6 Exit 264,Exeter,PA,353,3.038
605033,Kwik Trip #4709,6961 I-80 Exit 17,Prentiss,MS,191,3.044
605034,Road Ranger #1536,1579 I-95 Exit 215,Mattawa,WA,201,3.776
605035,Kwik Trip #2934,7798 I-80 Exit 205,Upland,IN,117,3.082
605036,Kwik Trip #9041,1605 US-287 Exit 290,Oak Ridge,TX,225,2.990
605037,Road Ranger #7306,4296 I-40 Exit 282,Vienna Center,OH,39,3.205
605038,TA Travel Center #7688,1403 I-10 Exit 183,North Druid Hills,GA,384,2.784
605039,Loves Travel Stop #3271,1902 I-95 Exit 139,Oceanside,NY,270,3.189
605040,TA Travel Center #7749,6898 I-10 Exit 113,Hospers,IA,139,3.321
605041,Flying J #9867,4411 State Hwy 6 Exit 120,Belvidere,SD,191,3.221
605042,Road Ranger #8761,6684 I-10 Exit 276,Heltonville,IN,389,3.096
605043,Flying J #5299,4688 State Hwy 6 Exit 119,Joshua Tree,CA,239,3.583
605044,Petro Stopping Center #7426,3131 State Hwy 6 Exit 136,Bothell,WA,346,4.113
605045,Road Ranger #7559,9856 I-80 Exit 64,Hanley Hills,MO,353,2.932
605046,Pilot Travel Center #7344,1314 I-80 Exit 127,Dunnavant,AL,98,2.828
605047,Roadys Truck Stop #7361,8501 I-40 Exit 351,Columbiana,AL,75,2.987
605048,Petro Stopping Center #2716,3695 State Hwy 6 Exit 126,Demopolis,AL,302,2.854
605049,AMBEST #9792,7501 State Hwy 6 Exit 340,Geeseytown,PA,360,3.210
605050,Loves Travel Stop #4203,5608 I-95 Exit 274,Lawrenceville,IL,212,3.017
605051,Loves Travel Stop #3648,6568 US-287 Exit 100,Central City,SD,78,3.381
605052,Pilot Travel Center #6628,4070 I-80 Exit 259,Kings,IL,235,3.319
605053,QuikTrip #5353,5658 US-287 Exit 369,Mclendon Chisholm,TX,257,2.975
605054,Petro Stopping Center #2556,1211 I-40 Exit 351,Springfield,LA,306,3.303
605055,Bosselman Travel Center #8067,9777 I-10 Exit 267,Jensen Beach,FL,266,2.865
605056,Pilot Travel Center #1231,9460 State Hwy 6 Exit 367,Ellisville,MO,214,3.216
605057,AMBEST #6496,7345 I-95 Exit 105,La Crosse,KS,298,3.087
605058,Kwik Trip #3289,6467 I-10 Exit 366,Concord,IL,17,3.034
605059,Road Ranger #8192,9628 I-95 Exit 306,Mountain View,OK,22,3.089
605060,Road Ranger #8841,9917 I-10 Exit 94,Creston,OH,9,2.875
605061,QuikTrip #9544,8481 I-80 Exit 359,South Palm Beach,FL,125,2.599
605062,Loves Travel Stop #3200,6716 I-80 Exit 144,Ruskin,NE,3,3.118
605063,Kwik Trip #3228,1439 I-95 Exit 172,Walbridge,OH,349,3.357
605064,Roadys Truck Stop #4372,6575 State Hwy 6 Exit 147,Iyanbito,NM,130,3.776
605065,Sapp Bros #6836,3266 I-10 Exit 371,Reedsville,PA,92,3.237
605066,Road Ranger #5489,468 US-287 Exit 157,Argos,IN,333,3.285
605067,Roadys Truck Stop #7735,8658 I-95 Exit 339,Tushka,OK,148,2.840
605068,Pilot Travel Center #6233,9571 US-287 Exit 135,Lewis,IA,246,3.094
605069,Petro Stopping Center #3065,220 I-40 Exit 66,Del Aire,CA,273,3.958
605070,Flying J #5077,3718 I-10 Exit 232,Sylvarena,MS,49,2.991
605071,Petro Stopping Center #2976,4757 I-80 Exit 347,New Blaine,AR,258,3.001
605072,Loves Travel Stop #4129,7657 I-80 Exit 338,Jackson Center,PA,140,3.042
605073,Bosselman Travel Center #2670,8872 I-95 Exit 152,Clarks Green,PA,17,3.156
605074,Roadys Truck Stop #6969,5285 State Hwy 6 Exit 115,Renick,MO,271,2.777
605075,AMBEST #5615,3928 I-10 Exit 239,Tribbey,OK,162,3.135
605076,TA Travel Center #295,8042 I-80 Exit 44,Golden Valley,AZ,163,3.508
605077,Bosselman Travel Center #9004,881 US-287 Exit 197,Burien,WA,3,3.977
605078,Petro Stopping Center #8226,681 I-80 Exit 87,Leonardtown,MD,329,3.160
605079,Road Ranger #1477,3979 I-10 Exit 98,Woodward,PA,238,2.742
605080,Pilot Travel Center #6462,8905 US-287 Exit 6,Shelby,AL,316,2.935
605081,AMBEST #6800,4650 I-80 Exit 294,Speedway,IN,119,2.770
605082,Sapp Bros #6100,744 State Hwy 6 Exit 322,Elkton,MN,301,2.994
605083,Flying J #2971,220 I-40 Exit 353,Pleasant Grove,AL,363,3.004
605084,TA Travel Center #5011,4480 I-10 Exit 368,New Burnside,IL,304,2.966
605085,Loves Travel Stop #3703,747 I-10 Exit 197,Wilder,MN,52,3.288
605086,AMBEST #8060,996 US-287 Exit 63,Putnam,OK,297,3.151
605087,Flying J #6777,4272 I-40 Exit 386,South North P J,PA,196,3.078
605088,Loves Travel Stop #2129,8443 I-80 Exit 94,Long Branch,NJ,88,3.160
605089,Petro Stopping Center #1946,3775 I-10 Exit 365,Stigler,OK,85,3.029
605090,Pilot Travel Center #1376,517 I-80 Exit 126,Elysburg,PA,92,2.866
605091,Flying J #2689,2083 I-80 Exit 292,Edon,OH,296,3.036
605092,Road Ranger #8951,5255 I-95 Exit 62,Bryan,OH,145,3.025
605093,TA Travel Center #8208,3924 US-287 Exit 19,Valparaiso,NE,89,3.317
605094,Bosselman Travel Center #1489,6531 I-40 Exit 27,Arcadia,OK,354,3.307
605095,Loves Travel Stop #9925,9614 US-287 Exit 115,Dodd City,TX,350,3.093
605096,Sapp Bros #7954,8331 I-10 Exit 153,Sussex,NJ,340,3.150
605097,TA Travel Center #8950,1554 US-287 Exit 335,Kings Grant,NC,127,2.809
605098,Road Ranger #5091,2101 I-95 Exit 293,Nageezi,NM,240,3.158
605099,Bosselman Travel Center #8903,1520 State Hwy 6 Exit 209,Marietta,GA,124,3.099
605100,AMBEST #1780,1869 US-287 Exit 142,Taylor,MI,108,3.113
605101,Road Ranger #1967,7227 I-10 Exit 229,Whelen Springs,AR,27,3.143
605102,Pilot Travel Center #5042,9272 I-95 Exit 71,Ligonier,IN,15,3.161
605103,Roadys Truck Stop #4398,5800 State Hwy 6 Exit 75,Tipton,IN,332,2.914
605104,Bosselman Travel Center #9063,3187 I-10 Exit 91,Tampico,IL,362,2.926
605105,QuikTrip #3220,7200 US-287 Exit 75,Seville,OH,332,3.009
605106,Flying J #7564,2243 US-287 Exit 327,Deaver,WY,374,3.311
605107,Road Ranger #2168,941 I-10 Exit 327,Boyd,MT,162,3.406
605108,Road Ranger #7707,1649 State Hwy 6 Exit 228,Evadale,TX,37,3.104
605109,TA Travel Center #7700,5190 US-287 Exit 362,Le Center,MN,10,3.153
605110,Bosselman Travel Center #7481,2239 US-287 Exit 104,Lake Sumner,NM,128,3.313
605111,AMBEST #2804,5170 I-10 Exit 299,Shoreham,MI,233,3.165
605112,Flying J #367,6588 I-95 Exit 218,Bay Park,NY,281,2.910
605113,Kwik Trip #7843,9129 State Hwy 6 Exit 60,Lock Haven,PA,295,3.252
605114,Pilot Travel Center #2335,2409 I-95 Exit 360,Houghton,IA,177,3.447
605115,Petro Stopping Center #838,4492 I-40 Exit 73,Kimmell,IN,207,3.094
605116,Roadys Truck Stop #8617,4289 US-287 Exit 352,Mccomb,MS,32,2.813
605117,Loves Travel Stop #5330,7174 I-10 Exit 335,Hurley,SD,67,3.325
605118,Petro Stopping Center #8592,1984 I-95 Exit 388,Log Lane Village,CO,10,3.595
605119,Roadys Truck Stop #315,4858 US-287 Exit 331,Navajo,NM,384,3.353
605120,QuikTrip #9099,1164 US-287 Exit 243,Secaucus,NJ,19,3.018
605121,Sapp Bros #7219,5033 I-95 Exit 398,Cloverdale,OH,237,2.946
605122,TA Travel Center #9629,2129 I-80 Exit 205,Nazareth,TX,289,2.933
605123,Kwik Trip #1660,5238 I-80 Exit 115,Midlothian,VA,139,3.209
605124,Flying J #9019,4978 I-80 Exit 11,Buffalo,IL,314,3.033
605125,AMBEST #2366,6940 I-95 Exit 233,Salina,KS,259,3.030
605126,Loves Travel Stop #925,2988 I-40 Exit 258,Lakeside,VA,175,3.049
605127,Road Ranger #2602,809 I-10 Exit 186,Hartman,AR,205,3.021
605128,Pilot Travel Center #3198,4330 US-287 Exit 27,Shumway,AZ,175,3.685
605129,Kwik Trip #5968,7261 US-287 Exit 376,Cambridge City,IN,316,3.105
605130,QuikTrip #4311,4092 I-95 Exit 395,Palmer,IA,177,3.043
605131,Pilot Travel Center #4213,4960 I-10 Exit 343,Solon,IA,326,2.923
605132,Road Ranger #9329,2395 I-10 Exit 9,Lake Aluma,OK,304,2.812
605133,Sapp Bros #4687,5345 US-287 Exit 139,Hilltop,MN,309,3.374
605134,Flying J #1285,1703 State Hwy 6 Exit 357,Mansfield,TX,293,3.214
605135,Petro Stopping Center #9662,4915 US-287 Exit 68,Sawyerwood,OH,95,3.157
605136,Bosselman Travel Center #9493,5589 I-10 Exit 257,Moundridge,KS,236,3.028
605137,Petro Stopping Center #2644,7281 I-95 Exit 211,Ocean Grove,NJ,380,3.145
605138,Bosselman Travel Center #5355,5688 I-40 Exit 291,Brown Station,MD,156,3.395
605139,QuikTrip #8807,6323 I-10 Exit 146,Holts Summit,MO,35,3.149
605140,Kwik Trip #2860,8394 I-10 Exit 33,Egypt,PA,7,3.011
605141,Road Ranger #5611,9335 I-80 Exit 179,Hogansville,GA,53,3.056
605142,Kwik Trip #9784,4725 State Hwy 6 Exit 82,Kasson,MN,126,3.194
605143,Loves Travel Stop #1468,7211 State Hwy 6 Exit 190,Darlington,IN,189,2.805
605144,Roadys Truck Stop #3746,107 I-40 Exit 349,Ocean Breeze,FL,152,3.180
605145,AMBEST #3267,3417 US-287 Exit 298,Yutan,NE,21,3.282
605146,Petro Stopping Center #308,7611 I-10 Exit 323,Silver Hill,MD,187,3.150
605147,Sapp Bros #6708,9388 US-287 Exit 47,South Lead Hill,AR,136,3.466
605148,QuikTrip #3551,5673 I-95 Exit 75,Sandborn,IN,354,2.876
605149,Kwik Trip #3297,6376 I-80 Exit 189,Lonsdale,MN,387,2.939
605150,Road Ranger #1762,6539 I-40 Exit 217,Los Angeles,CA,187,3.713
605151,Roadys Truck Stop #6543,5268 State Hwy 6 Exit 206,Charlotte,IA,159,3.217
605152,Roadys Truck Stop #5958,5675 I-95 Exit 201,The Crossings,FL,59,2.947
605153,QuikTrip #1997,1480 I-40 Exit 217,Rockwell,AR,293,3.109
605154,Roadys Truck Stop #9916,3794 I-95 Exit 95,Eminence,MO,144,2.883
605155,Bosselman Travel Center #6762,2628 I-80 Exit 160,Franklin Grove,IL,146,3.168
605156,TA Travel Center #8345,5270 I-40 Exit 177,Whittier,CA,213,3.891
605157,TA Travel Center #8731,3478 State Hwy 6 Exit 307,Marble Rock,IA,395,3.070
605158,Petro Stopping Center #1233,8287 I-10 Exit 111,Bache,OK,115,3.228
605159,Road Ranger #4151,6894 I-10 Exit 29,Belvidere,NE,60,3.336
605160,Kwik Trip #7063,7929 State Hwy 6 Exit 396,Jalapa,IN,350,3.149
605161,Pilot Travel Center #6124,3617 US-287 Exit 383,Redwood,MS,172,3.152
605162,Kwik Trip #1735,7115 I-10 Exit 379,Edgard,LA,340,3.015
605163,AMBEST #6039,5168 I-95 Exit 370,Burlington,IA,277,2.920
605164,AMBEST #6535,1887 I-95 Exit 160,Mount Olive,NC,196,2.858
605165,Petro Stopping Center #9180,8193 State Hwy 6 Exit 4,Weedville,PA,268,3.013
605166,QuikTrip #6510,5111 State Hwy 6 Exit 14,Wildwood,MO,105,2.923
605167,Roadys Truck Stop #3421,2868 US-287 Exit 67,Lynbrook,NY,276,3.119
605168,TA Travel Center #8280,1713 I-95 Exit 322,Stevensville,MT,73,3.516
605169,Loves Travel Stop #7583,3765 State Hwy 6 Exit 199,Colton,WA,383,4.223
605170,Roadys Truck Stop #7588,3895 I-95 Exit 29,Decatur,IL,194,2.926
605171,AMBEST #825,8104 I-80 Exit 255,Miami Gardens,FL,349,2.838
605172,AMBEST #3299,6875 US-287 Exit 365,Sterling Ranch,CO,229,3.363
605173,Roadys Truck Stop #1331,4340 State Hwy 6 Exit 358,Plum Valley,IL,222,2.873
605174,Road Ranger #7793,2036 State Hwy 6 Exit 131,Elliott,IA,15,3.234
605175,TA Travel Center #2685,6570 I-40 Exit 366,Willard,OH,338,3.086
605176,Flying J #4284,9637 I-10 Exit 131,Barryville,NY,174,3.006
605177,Road Ranger #7449,2955 US-287 Exit 353,Upland Colony,SD,135,3.143
605178,Roadys Truck Stop #4538,8914 I-10 Exit 95,Melvindale,MI,217,3.062
605179,Loves Travel Stop #5035,8706 I-10 Exit 38,Westminster,CA,14,3.344
605180,Sapp Bros #7936,8502 I-40 Exit 288,Marlboro Meadows,MD,126,2.894
605181,Flying J #8609,377 State Hwy 6 Exit 7,Battlefield,MO,114,2.860
605182,Sapp Bros #6551,6944 State Hwy 6 Exit 5,Solon,OH,175,2.885
605183,Flying J #4170,759 I-95 Exit 169,Reliance,SD,45,3.157
605184,AMBEST #6415,1042 State Hwy 6 Exit 292,North Hudson,WI,207,3.064
605185,Road Ranger #3094,5139 I-95 Exit 281,Dearborn Heights,MI,310,2.920
605186,Loves Travel Stop #1140,803 I-80 Exit 7,Caddo,OK,278,3.268
605187,Bosselman Travel Center #7323,5973 I-95 Exit 198,Shickley,NE,110,2.928
605188,Pilot Travel Center #4336,1000 US-287 Exit 395,White Oak,MD,138,2.986
605189,Loves Travel Stop #6468,1318 State Hwy 6 Exit 208,Strawberry,AZ,326,3.332
605190,Flying J #158,6610 I-80 Exit 168,Fontana,KS,146,2.865
605191,Kwik Trip #5825,3275 I-95 Exit 215,Lacombe,LA,46,2.788
605192,Pilot Travel Center #4863,8536 I-40 Exit 264,Chemung,IL,288,2.898
605193,Pilot Travel Center #5252,7939 US-287 Exit 349,Muncie,IN,299,2.817
605194,Sapp Bros #8782,4246 I-10 Exit 28,Wall Lake,IN,87,3.059
605195,Petro Stopping Center #9764,4094 I-95 Exit 236,Orangeville,OH,35,3.192
605196,Bosselman Travel Center #2431,7611 I-95 Exit 353,Monticello,WI,118,2.920
605197,Sapp Bros #4708,4411 I-10 Exit 138,Almedia,PA,173,3.140
605198,Road Ranger #481,5702 I-10 Exit 225,Fayette,MS,104,2.791
605199,AMBEST #1118,2144 I-95 Exit 383,Morrison,CO,308,3.291
605200,Petro Stopping Center #5876,7394 I-10 Exit 266,Highmore,SD,88,3.404
605201,Petro Stopping Center #6125,6683 State Hwy 6 Exit 117,Bertram,IA,223,3.135
605202,TA Travel Center #8568,1472 State Hwy 6 Exit 101,Dekalb,IL,225,3.256
605203,Bosselman Travel Center #9690,7234 I-80 Exit 46,Turin,IA,236,3.141
605204,Flying J #9273,5868 State Hwy 6 Exit 283,Hampton,MN,323,3.411
605205,Flying J #6563,9457 I-10 Exit 171,Rancho Cordova,CA,230,4.075
605206,Pilot Travel Center #1975,5494 I-10 Exit 18,Northport,WA,362,3.882
605207,Flying J #4531,3446 I-40 Exit 220,Sartell,MN,79,3.048
605208,Sapp Bros #6737,3117 I-40 Exit 123,Kennedyville,MD,135,3.001
605209,Flying J #4020,6156 State Hwy 6 Exit 46,Youngsville,LA,397,2.990
605210,Sapp Bros #8085,5180 I-95 Exit 66,Leeds,ND,36,3.259
605211,Flying J #8862,7060 I-40 Exit 195,Crystal Springs,AR,259,3.115
605212,TA Travel Center #8474,7457 I-40 Exit 73,Wrenshall,MN,130,3.362
605213,Sapp Bros #6676,5173 I-10 Exit 168,Luray,SC,391,3.017
605214,Pilot Travel Center #7807,6625 I-10 Exit 300,Rotonda,FL,360,3.034
605215,Pilot Travel Center #7925,586 I-40 Exit 393,Swansea,IL,345,3.022
605216,Bosselman Travel Center #7246,7716 US-287 Exit 136,Cary,MS,117,2.985
605217,AMBEST #5390,9702 I-80 Exit 143,Bayou Country Club,LA,187,3.355
605218,Loves Travel Stop #6759,1951 US-287 Exit 333,Jordan Hill,LA,330,2.884
605219,Roadys Truck Stop #3486,4128 State Hwy 6 Exit 10,Supreme,LA,209,2.948
605220,Road Ranger #1390,4074 I-10 Exit 84,Viera West,FL,110,2.899
605221,Loves Travel Stop #3046,3211 I-40 Exit 117,Benton,MO,205,2.872
605222,Petro Stopping Center #7328,3848 I-40 Exit 278,Hickory,MS,45,3.007
605223,Roadys Truck Stop #9842,792 I-80 Exit 176,Falling Spring,WV,15,3.135
605224,TA Travel Center #818,6659 I-80 Exit 260,Matlacha,FL,369,3.218
605225,Bosselman Travel Center #5726,8738 I-10 Exit 5,Burbank,WA,141,4.056
605226,Kwik Trip #5508,1733 I-10 Exit 40,Bellflower,CA,338,3.946
605227,Roadys Truck Stop #8708,9247 I-10 Exit 115,Ralston,OK,300,3.261
605228,Petro Stopping Center #4136,6284 State Hwy 6 Exit 282,Orion,IL,178,3.356
605229,Kwik Trip #7498,3929 I-80 Exit 381,Lanesboro,MN,349,3.283
605230,QuikTrip #7120,6640 I-95 Exit 66,Galena,OH,316,3.057
605231,Flying J #992,531 I-10 Exit 250,White River Junction,VT,107,2.993
605232,Kwik Trip #7521,8195 US-287 Exit 222,Luther,MT,138,3.563
605233,Flying J #8416,5697 I-40 Exit 269,Troy,PA,266,3.196
605234,QuikTrip #601,4728 US-287 Exit 377,Campbell,CA,388,3.685
605235,Sapp Bros #5807,4256 I-80 Exit 286,Pinewood,FL,126,2.802
605236,QuikTrip #4261,2917 I-40 Exit 25,De Soto,MS,298,3.150
605237,Petro Stopping Center #3924,9011 I-40 Exit 179,Mainesburg,PA,398,3.039
605238,Bosselman Travel Center #4425,8470 I-95 Exit 262,Ghent,KY,119,3.360
605239,Pilot Travel Center #2065,8636 State Hwy 6 Exit 26,Stratmoor,CO,275,3.610
605240,Sapp Bros #3706,9496 I-80 Exit 338,Heath,AL,361,3.042
605241,Road Ranger #9765,9151 US-287 Exit 393,Morrisville,VT,193,2.851
605242,Roadys Truck Stop #246,572 I-10 Exit 130,Langley Park,MD,93,3.157
605243,QuikTrip #752,9766 I-95 Exit 123,Moses Lake,WA,309,4.120
605244,Sapp Bros #4878,8710 I-10 Exit 300,Valley Green,PA,154,3.047
605245,AMBEST #3328,3642 I-95 Exit 331,Seagraves,TX,5,3.364
605246,Roadys Truck Stop #3889,4225 State Hwy 6 Exit 323,Riviera,TX,41,2.949
605247,Road Ranger #6444,8216 I-95 Exit 21,Dresser,WI,132,3.190
605248,QuikTrip #9178,1112 US-287 Exit 323,Gaston,OR,351,3.643
605249,Road Ranger #5179,4202 US-287 Exit 68,Lake Mills,WI,300,3.208
605250,Petro Stopping Center #9608,1862 US-287 Exit 280,Lilbourn,MO,4,3.226
605251,Kwik Trip #7442,4341 US-287 Exit 293,Newark,NJ,89,3.253
605252,Flying J #1701,750 US-287 Exit 267,Fontana Dam,NC,247,3.150
605253,Roadys Truck Stop #8628,6650 I-95 Exit 374,Globe,AZ,132,3.480
605254,Petro Stopping Center #1456,6394 US-287 Exit 376,Dadeville,MO,256,2.996
605255,Loves Travel Stop #4361,1799 I-10 Exit 256,Angola,NY,283,2.976
605256,AMBEST #2039,590 US-287 Exit 206,Centreville,AL,211,2.752
605257,Flying J #2225,6843 I-80 Exit 142,Northfield,KY,217,3.140
605258,TA Travel Center #5672,8175 I-95 Exit 378,Shelby,MS,213,3.398
605259,Sapp Bros #3912,5592 State Hwy 6 Exit 283,Lomita,CA,197,3.514
605260,Flying J #7088,560 I-80 Exit 75,Custer,SD,50,3.453
605261,Loves Travel Stop #2826,4642 US-287 Exit 288,Independence,CA,220,4.010
605262,QuikTrip #9569,8409 US-287 Exit 136,Chester,IA,353,3.287
605263,Road Ranger #1759,9026 I-10 Exit 179,Pacific Grove,CA,34,3.666
605264,Flying J #2699,7978 I-10 Exit 215,Berwick,PA,73,2.989
605265,Kwik Trip #9743,1054 I-95 Exit 74,Giltner,NE,113,3.137
605266,Bosselman Travel Center #6961,284 I-80 Exit 102,Shelter Cove,CA,116,3.907
605267,Road Ranger #8449,432 US-287 Exit 229,Terlingua,TX,363,3.314
605268,QuikTrip #3105,2211 US-287 Exit 98,Nashville,MI,358,3.102
605269,QuikTrip #5271,8953 I-10 Exit 366,Carrollton,MS,368,3.161
605270,Sapp Bros #9493,6498 I-10 Exit 315,Chester,VA,382,3.157
605271,QuikTrip #1159,8349 US-287 Exit 37,Meacham,OR,61,3.757
605272,QuikTrip #7334,7730 I-40 Exit 197,Medina,NY,104,3.480
605273,Loves Travel Stop #5275,3349 I-95 Exit 26,Webster,IA,305,3.120
605274,Road Ranger #7712,8479 State Hwy 6 Exit 57,Cranfills Gap,TX,48,2.987
605275,Kwik Trip #9500,1173 I-95 Exit 85,Delphos,IA,286,3.120
605276,Road Ranger #4498,700 I-80 Exit 223,Oak Run,IL,329,3.357
605277,Road Ranger #844,8502 I-80 Exit 171,Eastport,ME,339,2.869
605278,Road Ranger #9382,7711 US-287 Exit 325,Acala,TX,328,3.208
605279,Flying J #6239,5103 I-40 Exit 396,Ripley,TN,261,3.118
605280,Kwik Trip #4854,2707 I-40 Exit 154,Lacona,IA,313,2.810
605281,Sapp Bros #4213,3035 I-95 Exit 254,Bennett Springs,NV,199,3.835
605282,Roadys Truck Stop #7493,5274 I-80 Exit 385,Big Spring,TX,267,3.073
605283,Roadys Truck Stop #6801,9283 I-95 Exit 40,Hoffman Estates,IL,160,3.731
605284,Flying J #9794,2231 I-10 Exit 158,Green Sea,SC,45,2.899
605285,Flying J #3422,8102 I-80 Exit 97,Avon,PA,89,3.326
605286,Pilot Travel Center #8627,1683 I-95 Exit 326,Forestville,WI,154,3.071
605287,Petro Stopping Center #4794,9308 I-95 Exit 31,Joy,IL,394,3.128
605288,Petro Stopping Center #2401,7760 I-80 Exit 183,Underwood Petersville,AL,313,3.021
605289,Bosselman Travel Center #1888,9466 I-80 Exit 48,Glenford,OH,162,2.829
605290,Roadys Truck Stop #4313,4623 I-10 Exit 272,Washington Terrace,UT,385,3.610
605291,TA Travel Center #9334,7197 I-40 Exit 86,Birmingham,MI,7,3.142
605292,AMBEST #8464,7429 I-40 Exit 19,Millgrove,IN,62,2.941
605293,Bosselman Travel Center #880,6271 I-80 Exit 147,Republican City,NE,219,3.365
605294,Loves Travel Stop #2165,2580 US-287 Exit 208,Talma,IN,79,3.089
605295,Petro Stopping Center #4858,3686 State Hwy 6 Exit 213,Penn,PA,79,3.305
605296,Road Ranger #723,7044 State Hwy 6 Exit 180,Canisteo,NY,134,2.746
605297,Sapp Bros #6892,6990 State Hwy 6 Exit 28,Callensburg,PA,98,3.042
605298,Pilot Travel Center #1199,936 I-95 Exit 192,Panther,KY,367,3.076
605299,Sapp Bros #8022,5888 I-80 Exit 260,Novato,CA,271,3.927
605300,Sapp Bros #7523,9203 US-287 Exit 353,Danville,VA,106,3.019
605301,QuikTrip #1623,1784 State Hwy 6 Exit 332,Culpeper,VA,395,3.295
605302,Kwik Trip #5841,6710 I-95 Exit 55,Wykoff,MN,353,3.228
605303,Loves Travel Stop #7840,9053 I-40 Exit 257,Hammond,LA,287,2.834
605304,Kwik Trip #1548,5988 I-95 Exit 302,Goliad,TX,62,3.046
605305,Kwik Trip #7134,2377 I-80 Exit 309,Brookdale,CA,106,3.688
605306,Kwik Trip #7684,1208 I-95 Exit 187,Dash Point,WA,245,3.958
605307,Loves Travel Stop #5747,6691 I-80 Exit 390,Penermon,MO,55,3.102
605308,Pilot Travel Center #4332,8081 I-10 Exit 36,Bridgewater,NY,293,3.112
605309,Petro Stopping Center #830,7214 I-10 Exit 169,Lecompton,KS,222,2.776
605310,Pilot Travel Center #1002,3273 State Hwy 6 Exit 3,Le Mars,IA,278,3.110
605311,Roadys Truck Stop #1136,5057 State Hwy 6 Exit 106,Rio Pinar,FL,302,3.047
605312,QuikTrip #4907,2940 I-80 Exit 242,Magna Metro,UT,260,3.621
605313,Flying J #7409,7039 I-80 Exit 122,Lyons,CO,57,3.313
605314,QuikTrip #167,1620 I-80 Exit 202,Desales University,PA,351,2.728
605315,Pilot Travel Center #6165,6766 I-10 Exit 360,Octavia,NE,81,3.241
605316,Roadys Truck Stop #9733,2760 I-80 Exit 199,Gorham,IL,69,3.056
605317,Pilot Travel Center #1638,3902 US-287 Exit 73,Pine Bluff,AR,53,3.020
605318,QuikTrip #7262,3855 I-40 Exit 76,Steinhatchee,FL,361,3.180
605319,Bosselman Travel Center #8300,6555 I-80 Exit 258,Marengo,IN,57,3.092
605320,Loves Travel Stop #9735,6500 I-10 Exit 267,Buffalo Center,IA,279,3.130
605321,Sapp Bros #3247,6075 I-95 Exit 36,Cokato,MN,99,3.106
605322,TA Travel Center #7116,4189 State Hwy 6 Exit 376,Columbia City,OR,145,3.540
605323,QuikTrip #8701,8673 I-10 Exit 272,Gaston,IN,73,3.008
605324,Loves Travel Stop #8631,8265 I-95 Exit 58,Rochester,MN,371,3.368
605325,Flying J #3595,9407 I-40 Exit 252,Weissport,PA,77,3.117
605326,Kwik Trip #2684,3787 I-95 Exit 94,Osceola,NE,361,3.249
605327,Road Ranger #7594,5336 US-287 Exit 48,Alexandria,TN,398,3.101
605328,Pilot Travel Center #6202,5324 US-287 Exit 145,Moreauville,LA,14,3.190
605329,Sapp Bros #4971,8067 US-287 Exit 181,Findlay,OH,99,3.285
605330,Flying J #6997,764 State Hwy 6 Exit 18,Plover,WI,81,3.559
605331,Road Ranger #5004,9666 I-95 Exit 61,Deschutes River Woods,OR,143,3.854
605332,QuikTrip #1706,7832 I-95 Exit 236,Harrisonburg,LA,264,2.974
605333,Bosselman Travel Center #6992,8222 US-287 Exit 379,Rowes Run,PA,105,2.938
605334,Pilot Travel Center #4621,5234 US-287 Exit 176,Peoria,CO,256,2.986
605335,Bosselman Travel Center #4719,2388 State Hwy 6 Exit 190,Virden,NM,118,3.221
605336,TA Travel Center #6596,9528 US-287 Exit 103,Garner,AR,231,3.071
605337,TA Travel Center #4289,5217 US-287 Exit 292,Palm Shores,FL,244,2.948
605338,TA Travel Center #6287,9792 US-287 Exit 38,Lakemont,PA,149,3.000
605339,AMBEST #4067,6921 I-95 Exit 84,Subiaco,AR,24,3.104
605340,TA Travel Center #5767,8471 US-287 Exit 121,Silverdale,KS,160,3.133
605341,Road Ranger #937,2302 I-95 Exit 249,Grizzly Flats,CA,9,3.567
605342,Flying J #8416,7835 I-40 Exit 223,Bluffdale,UT,340,3.554
605343,Petro Stopping Center #675,1355 I-80 Exit 253,Hayti,SD,138,3.029
605344,QuikTrip #9221,2234 State Hwy 6 Exit 114,Vinton,OH,252,3.013
605345,Roadys Truck Stop #2170,4407 State Hwy 6 Exit 36,Puget Island,WA,4,3.762
605346,AMBEST #9926,4092 I-40 Exit 280,El Segundo,CA,12,4.014
605347,Petro Stopping Center #5017,8036 I-95 Exit 146,Sycamore,KY,14,2.920
605348,Road Ranger #5475,1794 US-287 Exit 300,Ephrata,PA,140,3.350
605349,Bosselman Travel Center #309,6803 I-40 Exit 125,South Haven,KS,170,2.858
605350,TA Travel Center #7657,274 State Hwy 6 Exit 39,Haledon,NJ,10,3.233
605351,AMBEST #6030,748 I-40 Exit 395,Beach,ND,307,3.655
605352,Bosselman Travel Center #6052,4108 State Hwy 6 Exit 77,Ravenden,AR,285,3.222
605353,Loves Travel Stop #7656,8012 I-10 Exit 135,Ortley,SD,4,2.993
605354,Petro Stopping Center #7856,9560 State Hwy 6 Exit 187,Jeffersontown,KY,337,2.985
605355,Flying J #1327,2024 US-287 Exit 378,Wildomar,CA,149,3.427
605356,Loves Travel Stop #6998,4998 I-80 Exit 382,Vicksburg,AZ,125,4.001
605357,Road Ranger #9756,8762 I-80 Exit 267,Remsenburg Speonk,NY,274,3.119
605358,QuikTrip #125,764 I-95 Exit 234,Dayton,IL,130,3.420
605359,Loves Travel Stop #9146,9081 State Hwy 6 Exit 283,Marion,IA,71,3.132
605360,Road Ranger #8147,5876 State Hwy 6 Exit 50,Wheeler,IN,301,2.838
605361,AMBEST #8978,9059 State Hwy 6 Exit 96,Albertville,MN,325,3.149
605362,AMBEST #7294,5686 I-10 Exit 178,Harrisburg,SD,243,3.053
605363,Kwik Trip #6765,1642 State Hwy 6 Exit 163,Fairfield,ME,284,3.122
605364,Flying J #207,706 I-10 Exit 318,Lorane,PA,105,3.363
605365,TA Travel Center #2788,456 State Hwy 6 Exit 150,Schram City,IL,206,3.149
605366,Roadys Truck Stop #8097,2917 I-95 Exit 257,Ewing,IL,124,3.220
605367,Roadys Truck Stop #1490,9802 I-10 Exit 157,Vining,MN,366,3.451
605368,TA Travel Center #8343,3009 I-95 Exit 207,West Point,IA,104,3.254
605369,Road Ranger #8471,174 I-80 Exit 224,Norris,SC,160,3.044
605370,Road Ranger #2617,9261 I-40 Exit 119,Montgomery,IL,39,2.753
605371,Sapp Bros #1858,2740 I-80 Exit 381,Goldville,AL,221,2.892
605372,Loves Travel Stop #7336,7681 I-80 Exit 298,Hyden,KY,331,3.324
605373,AMBEST #3123,5751 State Hwy 6 Exit 272,Bladenboro,NC,101,2.605
605374,Kwik Trip #1854,2188 I-80 Exit 9,Economy,PA,167,3.303
605375,Road Ranger #3707,2533 US-287 Exit 71,Colton,SD,218,3.234
605376,Loves Travel Stop #8938,1852 I-80 Exit 126,Woodland,ME,9,3.151
605377,QuikTrip #3580,8700 I-95 Exit 288,Brittany Farms The Highlands,PA,337,3.377
605378,AMBEST #2422,2827 I-40 Exit 70,Quenemo,KS,136,3.200
605379,AMBEST #3357,6904 US-287 Exit 66,Northboro,IA,49,3.134
605380,AMBEST #4568,5549 I-80 Exit 25,Bearcreek,MT,372,3.549
605381,Sapp Bros #939,664 I-95 Exit 296,Bunola,PA,41,3.301
605382,QuikTrip #2012,5368 I-95 Exit 15,Crewe,VA,262,3.149
605383,Sapp Bros #2121,1464 I-10 Exit 33,Arvin,CA,166,3.968
605384,Loves Travel Stop #2812,2747 I-10 Exit 176,Childersburg,AL,31,3.051
605385,Loves Travel Stop #1960,2828 I-95 Exit 234,Tonopah,NV,399,3.705
605386,Kwik Trip #3077,6576 State Hwy 6 Exit 22,Hawk Cove,TX,100,2.888
605387,Bosselman Travel Center #1000,9750 State Hwy 6 Exit 127,Cherry Hill Mall,NJ,286,3.314
605388,Loves Travel Stop #4757,4042 State Hwy 6 Exit 56,Issaquah,WA,308,3.934
605389,Loves Travel Stop #616,4619 US-287 Exit 57,Syracuse,IN,156,3.214
605390,Kwik Trip #8319,2080 State Hwy 6 Exit 163,Somers,CT,385,3.216
605391,Roadys Truck Stop #1152,790 I-95 Exit 179,Lewisville,MN,285,3.183
605392,Kwik Trip #4022,5659 I-95 Exit 34,Bryant,SD,82,3.640
605393,QuikTrip #5599,3832 State Hwy 6 Exit 382,English,IN,95,2.955
605394,Bosselman Travel Center #1016,5899 I-80 Exit 392,Lane,IL,118,3.405
605395,AMBEST #3260,5144 State Hwy 6 Exit 173,Wheeling,MO,7,3.175
605396,Bosselman Travel Center #1247,8030 I-95 Exit 99,Port Wing,WI,183,2.878
605397,Road Ranger #7009,3236 I-10 Exit 194,Unionville,MO,139,3.359
605398,AMBEST #6147,8741 US-287 Exit 260,Rison,AR,283,2.608
605399,Loves Travel Stop #1744,9034 US-287 Exit 180,Mount Healthy,OH,231,2.883
605400,Pilot Travel Center #7350,7494 US-287 Exit 242,Rockford,OH,219,3.117
605401,Roadys Truck Stop #2259,7667 I-40 Exit 30,Shady Hills,FL,364,2.648
605402,Petro Stopping Center #2926,640 I-80 Exit 11,University Of California Davis,CA,243,4.085
605403,Flying J #5816,3934 I-95 Exit 200,Chesterfield,TN,271,3.160
605404,Sapp Bros #7749,8887 I-40 Exit 5,Shubuta,MS,370,3.156
605405,QuikTrip #9296,6393 I-40 Exit 220,Millbrook,AL,310,3.321
605406,Sapp Bros #4120,4369 I-10 Exit 239,Loop,TX,168,3.221
605407,Sapp Bros #1095,7288 US-287 Exit 269,Tioga,PA,51,3.078
605408,Flying J #9778,4395 US-287 Exit 211,Lake Station,IN,382,3.484
605409,Bosselman Travel Center #2854,6651 State Hwy 6 Exit 90,Oak Grove,MO,213,3.101
605410,Sapp Bros #1669,9686 I-10 Exit 268,Cutler,CA,56,3.506
605411,Road Ranger #3839,8853 I-80 Exit 97,Rollinsville,CO,144,3.674
605412,AMBEST #5084,1401 US-287 Exit 173,Hackberry,TX,93,2.888
605413,Bosselman Travel Center #2708,7671 State Hwy 6 Exit 242,Graettinger,IA,348,3.007
605414,Kwik Trip #6843,2023 State Hwy 6 Exit 12,Clinton,MA,30,3.136
605415,Loves Travel Stop #3459,1810 I-40 Exit 125,Coatesville,PA,345,2.939
605416,Loves Travel Stop #8963,7825 I-10 Exit 311,Brookhaven,PA,237,2.936
605417,AMBEST #8693,9587 I-80 Exit 293,Great Falls,VA,124,3.125
605418,QuikTrip #7832,2406 US-287 Exit 284,Caldwell,OH,153,3.098
605419,Pilot Travel Center #948,187 State Hwy 6 Exit 96,Stillmore,GA,325,2.894
605420,Petro Stopping Center #6789,6394 I-10 Exit 203,Plainfield,NJ,2,3.283
605421,Sapp Bros #130,6920 I-95 Exit 291,Gleed,WA,14,4.207
605422,Sapp Bros #6156,2662 I-95 Exit 267,Waynoka,OK,394,3.014
605423,Bosselman Travel Center #7557,3337 State Hwy 6 Exit 327,Nolanville,TX,287,3.049
605424,Pilot Travel Center #4410,1984 I-95 Exit 14,Briggs,TX,89,3.255
605425,Petro Stopping Center #2076,6822 I-10 Exit 398,Energy,IL,54,2.450
605426,Flying J #8265,9440 I-10 Exit 226,Pleasant View,UT,390,3.591
605427,Flying J #627,9409 I-40 Exit 169,Altona,IL,115,3.132
605428,Pilot Travel Center #1998,9781 I-80 Exit 169,Greenfield,WI,64,3.006
605429,Kwik Trip #7104,4723 State Hwy 6 Exit 11,Woodland,WA,133,3.651
605430,Sapp Bros #849,2894 I-80 Exit 43,Enon,OH,128,3.029
605431,QuikTrip #4912,4535 State Hwy 6 Exit 62,Hearne,TX,177,3.171
605432,Flying J #7856,1723 US-287 Exit 378,Las Campanas,NM,363,3.267
605433,Pilot Travel Center #274,8033 US-287 Exit 285,Stonybrook,PA,264,3.116
605434,Roadys Truck Stop #8913,2471 I-40 Exit 42,Heart Butte,MT,74,3.868
605435,Pilot Travel Center #2466,1861 US-287 Exit 74,South Pasadena,CA,208,3.774
605436,QuikTrip #7072,7830 I-95 Exit 187,Urbana,MO,365,3.018
605437,QuikTrip #5228,7676 I-40 Exit 374,North Bend,OH,388,2.718
605438,QuikTrip #2405,6119 I-40 Exit 14,Randolph Afb,TX,224,3.056
605439,Bosselman Travel Center #7738,4109 State Hwy 6 Exit 176,Socorro,TX,264,3.059
605440,Road Ranger #9648,4375 I-95 Exit 357,Brainards,NJ,76,3.174
605441,AMBEST #3549,2056 I-10 Exit 178,Douglas,MI,56,3.374
605442,AMBEST #9238,1384 State Hwy 6 Exit 263,Loomis,MI,102,3.340
605443,Loves Travel Stop #3837,5506 State Hwy 6 Exit 37,Plymouth,NE,317,3.382
605444,Road Ranger #6814,7067 I-10 Exit 57,Marvel,CO,248,3.517
605445,Roadys Truck Stop #6006,8408 I-95 Exit 44,Coahoma,MS,270,3.096
605446,Flying J #7724,6288 I-40 Exit 216,Imlay City,MI,35,2.763
605447,AMBEST #7483,1367 I-80 Exit 182,Pine Valley,NY,175,2.968
605448,Sapp Bros #8961,4451 I-95 Exit 101,Richmond Heights,MO,313,2.734
605449,Loves Travel Stop #7942,8875 I-80 Exit 215,Emmett,MI,137,3.393
605450,Flying J #4519,4576 US-287 Exit 107,Woodson,AR,141,2.934
605451,Pilot Travel Center #3099,8578 I-95 Exit 172,Grasonville,MD,353,3.215
605452,Bosselman Travel Center #1491,1025 I-95 Exit 234,Parishville,NY,232,3.105
605453,Loves Travel Stop #8103,5241 State Hwy 6 Exit 194,Temple City,CA,373,3.613
605454,Bosselman Travel Center #116,3289 I-10 Exit 260,Micro,NC,36,2.901
605455,Kwik Trip #7048,8616 I-80 Exit 83,Guernsey,WY,32,3.812
605456,Flying J #9169,6535 US-287 Exit 149,Rutherford,PA,120,3.109
605457,QuikTrip #154,1829 I-40 Exit 68,Mccullom Lake,IL,202,3.190
605458,Kwik Trip #7620,2334 I-80 Exit 135,O Brien,OR,293,3.706
605459,QuikTrip #6776,1576 I-95 Exit 348,Geddes,SD,113,3.139
605460,QuikTrip #6351,814 I-40 Exit 114,Espaaola,NM,53,3.549
605461,Pilot Travel Center #8836,7108 I-80 Exit 134,Mulkeytown,IL,187,3.183
605462,Sapp Bros #8168,1840 I-95 Exit 72,New Blaine,AR,396,3.393
605463,Roadys Truck Stop #5598,2302 I-80 Exit 234,Mount Croghan,SC,60,2.966
605464,Petro Stopping Center #6804,7033 State Hwy 6 Exit 183,Carnot Moon,PA,214,2.924
605465,Sapp Bros #8975,4199 I-40 Exit 146,Happy Camp,CA,95,3.693
605466,Bosselman Travel Center #1474,1118 I-80 Exit 227,Cambria,CA,137,3.532
605467,Bosselman Travel Center #7493,3271 State Hwy 6 Exit 154,Granite,OR,186,3.392
605468,TA Travel Center #1389,2750 US-287 Exit 312,Williamstown,MA,283,3.343
605469,Road Ranger #7403,7187 I-10 Exit 155,Lansdale,PA,39,2.999
605470,Road Ranger #2331,2085 I-10 Exit 127,Westminster,MD,34,3.249
605471,Road Ranger #1460,4155 I-95 Exit 194,Ames Lake,WA,270,4.186
605472,Road Ranger #883,2865 I-95 Exit 82,Lacoste,TX,296,2.929
605473,QuikTrip #7194,8058 I-10 Exit 91,Fort Plain,NY,92,3.140
605474,Loves Travel Stop #1357,3628 US-287 Exit 15,Pasatiempo,CA,329,3.619
605475,Road Ranger #3827,3195 State Hwy 6 Exit 212,Grassland Colony,SD,266,3.246
605476,Bosselman Travel Center #4818,2406 State Hwy 6 Exit 287,Hudson,MI,106,2.871
605477,Roadys Truck Stop #7892,7985 US-287 Exit 152,Ravena,NY,252,3.268
605478,Sapp Bros #7498,1973 I-95 Exit 170,Woodruff,SC,188,3.422
605479,Petro Stopping Center #9367,7229 I-95 Exit 130,Mckee City,NJ,244,3.178
605480,Roadys Truck Stop #795,4368 I-40 Exit 375,Lone Rock,IA,90,3.269
605481,Kwik Trip #1619,7934 State Hwy 6 Exit 57,Salem,IL,249,3.472
605482,Bosselman Travel Center #4796,4551 US-287 Exit 95,Hostetter,PA,331,3.341
605483,Kwik Trip #3182,9644 State Hwy 6 Exit 110,Summerside,OH,89,3.064
605484,Pilot Travel Center #5183,2845 I-95 Exit 349,Lagunitas Forest Knolls,CA,337,3.893
605485,Sapp Bros #5379,4542 State Hwy 6 Exit 60,Germanton,NC,85,3.217
605486,Loves Travel Stop #6372,9202 I-40 Exit 275,Fallsburg,NY,23,3.154
605487,Roadys Truck Stop #9285,3069 US-287 Exit 73,Allendale,IL,126,2.896
605488,AMBEST #7273,6518 I-10 Exit 247,Newfane,VT,164,2.954
605489,Flying J #2183,9403 I-95 Exit 275,Fountain,MI,114,2.930
605490,Road Ranger #5679,9498 I-40 Exit 186,Bison,KS,258,3.083
605491,Kwik Trip #5025,2018 I-95 Exit 390,Owensville,OH,332,3.078
605492,TA Travel Center #4616,6939 US-287 Exit 350,South Rosemary,NC,395,2.898
605493,Loves Travel Stop #1193,8766 I-95 Exit 3,Lakeview,AR,119,3.017
605494,Pilot Travel Center #394,7024 I-40 Exit 385,Central City,NE,217,3.006
605495,Bosselman Travel Center #3618,8945 US-287 Exit 252,North Great River,NY,123,3.046
605496,Road Ranger #6593,4119 State Hwy 6 Exit 3,Georgetown,PA,351,3.084
605497,QuikTrip #2853,1254 I-95 Exit 191,Gainesville,TX,19,2.992
605498,Loves Travel Stop #6647,4165 US-287 Exit 24,Bippus,IN,176,3.055
605499,Petro Stopping Center #6485,4780 I-95 Exit 260,Lincoln Park,PA,168,3.318
605500,Loves Travel Stop #7899,5788 I-80 Exit 159,Neosho Falls,KS,32,3.061
605501,Road Ranger #228,1282 State Hwy 6 Exit 188,Komatke,AZ,186,3.724
605502,Flying J #5434,7471 I-95 Exit 59,Prescott,MI,148,3.157
605503,Loves Travel Stop #2578,7829 State Hwy 6 Exit 13,Chesapeake Landing,MD,39,3.220
605504,Flying J #3271,8633 State Hwy 6 Exit 306,Conashaugh Lakes,PA,70,2.859
605505,AMBEST #8928,4011 I-95 Exit 87,Hopeland,PA,305,3.152
605506,Flying J #8328,2127 I-10 Exit 42,Aurora,TX,336,3.151
605507,Kwik Trip #8133,4654 I-10 Exit 24,Gibsonburg,OH,29,3.120
605508,TA Travel Center #6435,2795 I-95 Exit 373,Kingman,KS,323,3.018
605509,Petro Stopping Center #3572,2839 I-80 Exit 339,Osseo,WI,250,2.807
605510,AMBEST #3589,5334 State Hwy 6 Exit 243,Coeburn,VA,71,3.333
605511,Bosselman Travel Center #4675,4580 I-80 Exit 147,Hebron,MD,247,3.108
605512,Roadys Truck Stop #4794,7945 I-80 Exit 257,Lockney,TX,127,3.286
605513,AMBEST #4113,3692 US-287 Exit 383,Tropical Park,FL,121,3.054
605514,AMBEST #3652,3052 I-80 Exit 77,Salladasburg,PA,338,3.232
605515,QuikTrip #5511,6251 I-40 Exit 256,Monroe,LA,334,3.529
605516,Sapp Bros #8745,3608 US-287 Exit 350,San Ysidro,NM,140,2.934
605517,AMBEST #1273,7577 I-80 Exit 13,Sheldon,WI,320,3.211
605518,Road Ranger #1471,8546 I-40 Exit 368,Redfield,TX,381,2.810
605519,Bosselman Travel Center #2448,4834 I-10 Exit 338,Albion,MI,73,3.044
605520,TA Travel Center #9923,7265 I-80 Exit 183,Choteau,MT,309,3.950
605521,QuikTrip #6170,2736 I-80 Exit 263,Cherokee Village,AR,357,2.946
605522,Bosselman Travel Center #3710,9744 State Hwy 6 Exit 394,Flint Creek,OK,135,3.037
605523,Bosselman Travel Center #9065,691 I-40 Exit 311,Roanoke Rapids,NC,91,2.911
605524,QuikTrip #8842,6125 I-40 Exit 142,Wallis,TX,179,2.895
605525,Sapp Bros #4517,9833 US-287 Exit 146,Frank,WV,140,3.056
605526,Bosselman Travel Center #7690,3745 State Hwy 6 Exit 76,Michigan Center,MI,220,3.009
605527,Kwik Trip #3182,2780 I-80 Exit 105,Washington,UT,130,3.463
605528,AMBEST #5883,6193 I-10 Exit 230,Algonac,MI,327,3.083
605529,AMBEST #3686,8170 I-95 Exit 175,Goshen,AL,48,3.023
605530,Loves Travel Stop #1854,6479 US-287 Exit 111,Nelson,NV,59,3.826
605531,TA Travel Center #6983,4233 US-287 Exit 196,Colburn,IN,356,3.077
605532,Sapp Bros #7361,672 US-287 Exit 245,Atwater,MN,55,2.966
605533,QuikTrip #1633,6025 I-95 Exit 331,De Soto,IA,45,3.026
605534,Flying J #3811,3906 US-287 Exit 203,Chatham,VA,86,2.949
605535,AMBEST #6193,5617 I-40 Exit 63,Opp,AL,106,2.883
605536,Loves Travel Stop #1001,4077 I-10 Exit 134,Fishtail,MT,43,3.731
605537,Loves Travel Stop #3917,7327 I-80 Exit 339,Bargaintown,NJ,72,3.321
605538,AMBEST #2198,2267 I-40 Exit 43,Phenix,VA,234,3.088
605539,Flying J #8948,2966 I-80 Exit 323,Savannah,OH,221,3.097
605540,Roadys Truck Stop #8930,6553 I-10 Exit 285,Pleasant View,KY,357,2.999
605541,Road Ranger #6880,7000 I-80 Exit 1,Conception,MO,385,2.846
605542,Roadys Truck Stop #4750,9011 I-95 Exit 209,South Bradenton,FL,117,2.984
605543,Bosselman Travel Center #8449,7522 US-287 Exit 220,Wakeman,OH,288,3.303
605544,Bosselman Travel Center #9427,5539 I-95 Exit 42,Henderson,WV,45,2.995
605545,Pilot Travel Center #2208,8709 US-287 Exit 298,Laporte,PA,333,3.183
605546,Sapp Bros #332,9415 I-80 Exit 75,Fairbank,IA,227,3.432
605547,Sapp Bros #3219,2205 I-95 Exit 369,Weatherby Lake,MO,199,2.814
605548,Road Ranger #6593,3231 I-10 Exit 339,Platteville,CO,65,3.156
605549,Pilot Travel Center #1439,4073 I-10 Exit 388,Blasdell,NY,7,3.294
605550,Flying J #3402,2912 I-80 Exit 308,Davenport,OK,354,2.822
605551,Roadys Truck Stop #1259,1701 I-10 Exit 286,Gunter,TX,194,2.808
605552,Loves Travel Stop #1310,5653 I-40 Exit 384,Gillsville,GA,198,3.264
605553,Petro Stopping Center #4230,6864 US-287 Exit 310,Pease,MN,76,3.200
605554,Sapp Bros #9847,7839 I-95 Exit 78,Hector,AR,222,3.199
605555,Bosselman Travel Center #407,948 I-95 Exit 8,Gramling,SC,2,3.028
605556,TA Travel Center #2725,6919 I-40 Exit 381,Dade City,FL,7,2.977
605557,Kwik Trip #8356,8805 US-287 Exit 338,Stockholm,WI,98,3.184
605558,Road Ranger #4480,7628 I-80 Exit 61,Marion,TX,11,3.028
605559,Sapp Bros #3584,9310 I-95 Exit 271,Hessville,OH,331,3.029
605560,TA Travel Center #233,5195 I-10 Exit 140,Bluejacket,OK,83,2.949
605561,Kwik Trip #2472,4002 I-10 Exit 216,Muskegon Heights,MI,64,2.850
605562,Pilot Travel Center #8161,2529 I-10 Exit 287,Dellrose,TN,320,3.152
605563,AMBEST #3488,8810 I-80 Exit 36,Saegertown,PA,65,3.275
605564,Loves Travel Stop #742,1695 US-287 Exit 388,Haltom City,TX,51,2.815
605565,Pilot Travel Center #6898,871 I-10 Exit 307,El Verano,CA,251,3.893
605566,QuikTrip #528,4712 I-10 Exit 328,Bridgeville,DE,80,2.932
605567,Road Ranger #650,9629 State Hwy 6 Exit 345,Clovis,NM,235,3.343
605568,Roadys Truck Stop #4049,1780 I-40 Exit 26,Leadwood,MO,309,2.909
605569,Petro Stopping Center #5573,3395 I-40 Exit 306,Palermo,ND,373,3.600
605570,AMBEST #4662,2387 I-80 Exit 110,Manti,UT,197,3.256
605571,Sapp Bros #4005,2794 State Hwy 6 Exit 41,Wendover,UT,133,3.775
605572,Road Ranger #3026,5770 I-40 Exit 247,Blue Eye,AR,194,2.920
605573,TA Travel Center #3312,3838 I-80 Exit 399,Rutledge,PA,235,3.218
605574,Bosselman Travel Center #4576,5156 US-287 Exit 264,Moosup,CT,114,3.009
605575,Loves Travel Stop #8219,4793 I-10 Exit 298,Hindsville,AR,110,3.064
605576,Loves Travel Stop #6624,1438 State Hwy 6 Exit 366,Putnam Lake,NY,263,3.094
605577,QuikTrip #6382,3761 I-10 Exit 16,Wolf Trap,VA,249,3.101
605578,AMBEST #5279,7981 US-287 Exit 280,Dailey,WV,134,3.164
605579,Kwik Trip #4048,6700 I-80 Exit 308,Dyer,TN,61,3.000
605580,Flying J #8510,9231 I-95 Exit 53,Cowden,IL,4,3.088
605581,TA Travel Center #9422,5364 State Hwy 6 Exit 285,Laurie,MO,267,3.421
605582,Flying J #3902,5616 I-95 Exit 220,Pleasanton,TX,70,3.434
605583,Flying J #4582,2420 I-10 Exit 68,Coats Bend,AL,117,3.188
605584,TA Travel Center #2462,6945 US-287 Exit 39,East Quogue,NY,9,2.756
605585,Loves Travel Stop #4335,4600 I-80 Exit 99,South Salem,OH,3,2.867
605586,Sapp Bros #7275,7505 State Hwy 6 Exit 7,Golden Hills,CA,373,3.936
605587,Roadys Truck Stop #1869,2579 US-287 Exit 64,Fort Drum,NY,249,3.113
605588,Loves Travel Stop #559,8971 US-287 Exit 121,Rockfield,IN,316,3.230
605589,Kwik Trip #8487,9323 I-80 Exit 358,San Saba,TX,291,3.359
605590,Roadys Truck Stop #6848,4380 State Hwy 6 Exit 222,South Acomita Village,NM,265,3.431
605591,Pilot Travel Center #2557,6529 I-10 Exit 375,Coosada,AL,285,2.728
605592,Sapp Bros #1917,1783 State Hwy 6 Exit 218,Evergreen,TX,340,3.101
605593,Road Ranger #7096,1976 I-80 Exit 144,Tenafly,NJ,252,3.382
605594,Roadys Truck Stop #9138,5441 I-10 Exit 300,Fuller Acres,CA,234,3.629
605595,Roadys Truck Stop #7075,5049 State Hwy 6 Exit 289,West Portsmouth,OH,81,3.210
605596,AMBEST #757,3097 I-95 Exit 82,Columbus,MT,243,3.461
605597,QuikTrip #4972,6827 I-95 Exit 386,Tolleson,AZ,143,3.716
605598,Sapp Bros #4866,5235 State Hwy 6 Exit 195,Tombstone,AZ,125,3.416
605599,Petro Stopping Center #4931,7508 I-10 Exit 286,Fairview Beach,VA,88,3.142
605600,QuikTrip #6430,8483 I-80 Exit 186,Rathbun,IA,82,3.109
605601,Road Ranger #8656,1367 I-80 Exit 249,Keystone Heights,FL,67,2.930
605602,Pilot Travel Center #4814,6973 I-10 Exit 188,South Weldon,NC,117,2.951
605603,Sapp Bros #2694,1189 I-10 Exit 253,Prairie City,OR,326,3.939
605604,QuikTrip #2303,6292 State Hwy 6 Exit 233,Lucan,MN,294,3.194
605605,Kwik Trip #3260,815 I-40 Exit 75,Hough,OK,370,3.233
605606,Petro Stopping Center #3227,3389 I-40 Exit 249,Rock Spring,GA,238,2.917
605607,Bosselman Travel Center #390,557 I-10 Exit 48,Nelson,NE,67,3.445
605608,Flying J #3057,4132 I-95 Exit 279,Forrest City,AR,159,2.858
605609,Pilot Travel Center #9439,5651 US-287 Exit 174,Palmer Town,MA,6,3.264
605610,TA Travel Center #8054,2111 I-95 Exit 64,San Felipe,TX,27,2.931
605611,Roadys Truck Stop #3374,1260 I-95 Exit 274,Bastrop,TX,188,2.986
605612,Pilot Travel Center #7176,6473 State Hwy 6 Exit 374,Lakeside Village,OK,196,3.398
605613,Petro Stopping Center #7192,2396 I-10 Exit 314,Idabel,OK,351,3.264
605614,Road Ranger #7011,5385 I-40 Exit 205,Prescott,OR,179,3.873
605615,Loves Travel Stop #2268,6674 US-287 Exit 129,Holmesville,NE,244,3.235
605616,Petro Stopping Center #2791,1159 US-287 Exit 62,Runnelstown,MS,187,2.830
605617,TA Travel Center #3959,9191 State Hwy 6 Exit 225,Amsterdam,MT,385,3.301
605618,Pilot Travel Center #202,9397 I-95 Exit 175,Kaufman,TX,139,2.989
605619,Sapp Bros #1017,6765 I-10 Exit 306,Kelford,NC,106,3.123
605620,Roadys Truck Stop #4035,3490 I-95 Exit 336,Tyler,TX,60,2.788
605621,TA Travel Center #3281,5407 US-287 Exit 331,Pantego,NC,100,3.279
605622,Roadys Truck Stop #864,6535 I-80 Exit 3,Benton,TN,106,2.985
605623,QuikTrip #6864,1019 I-80 Exit 327,Valle,AZ,20,3.493
605624,Flying J #7797,3988 State Hwy 6 Exit 215,Pico Rivera,CA,275,3.642
605625,Pilot Travel Center #4063,1583 State Hwy 6 Exit 312,Prospect,IN,330,3.037
605626,Road Ranger #331,4500 State Hwy 6 Exit 330,Moore,OK,221,3.114
605627,Pilot Travel Center #826,5615 US-287 Exit 303,Fabius,NY,389,3.114
605628,Bosselman Travel Center #4663,9499 I-80 Exit 141,Walnut Grove,MS,138,3.068
605629,Bosselman Travel Center #1206,6469 I-40 Exit 187,Horizon West,FL,317,3.254
605630,QuikTrip #9297,2592 State Hwy 6 Exit 336,Benson,PA,89,3.163
605631,TA Travel Center #5415,5610 US-287 Exit 229,Douglas,ND,156,3.402
605632,Petro Stopping Center #5749,812 I-95 Exit 325,Dundee,FL,314,2.905
605633,Pilot Travel Center #7208,6388 I-40 Exit 119,Port Royal,VA,213,3.065
605634,AMBEST #1543,6337 I-40 Exit 214,Avon,CO,290,3.430
605635,Flying J #2120,4120 I-80 Exit 128,Genesee,CO,194,3.414
605636,TA Travel Center #8850,608 US-287 Exit 341,Fruitland,NM,113,3.570
605637,Flying J #3014,6428 US-287 Exit 143,Plaucheville,LA,137,3.107
605638,Loves Travel Stop #6739,5047 I-95 Exit 140,Denver,MO,213,2.811
605639,Loves Travel Stop #5478,2690 I-10 Exit 259,Sabina,OH,210,2.931
605640,Bosselman Travel Center #1890,6025 State Hwy 6 Exit 239,Alva,OK,155,3.103
605641,AMBEST #398,8074 I-10 Exit 301,Dimock,SD,130,3.035
605642,Road Ranger #578,7040 I-40 Exit 343,Pleasant Gap,PA,376,3.010
605643,Kwik Trip #1724,2380 US-287 Exit 226,Mooers,NY,32,3.052
605644,Bosselman Travel Center #8799,2814 I-80 Exit 136,Suncrest,WA,282,3.860
605645,Bosselman Travel Center #7274,1196 US-287 Exit 244,Greenbush,MN,27,3.397
605646,Bosselman Travel Center #6531,5495 I-40 Exit 10,Udall,KS,397,3.103
605647,AMBEST #409,3091 I-40 Exit 348,Jamestown,MO,292,3.060
605648,Road Ranger #7004,5071 I-10 Exit 228,Lepanto,AR,4,2.800
605649,AMBEST #5183,9222 State Hwy 6 Exit 340,Jonesville,NC,15,3.177
605650,Loves Travel Stop #2421,5185 State Hwy 6 Exit 211,Vinita Park,MO,69,3.143
605651,Sapp Bros #6853,9635 US-287 Exit 33,Washington,IA,73,3.129
605652,TA Travel Center #8323,581 I-80 Exit 196,Lorain,OH,56,3.042
605653,Petro Stopping Center #3033,2592 I-95 Exit 340,Mchenry,KY,150,2.886
605654,QuikTrip #8643,5733 I-40 Exit 108,Islip Terrace,NY,217,3.088
605655,Kwik Trip #1307,4590 I-95 Exit 12,Swanton,MD,329,3.031
605656,Flying J #5615,9114 I-40 Exit 22,Westphalia,MI,382,3.383
605657,AMBEST #2296,7475 I-80 Exit 313,Arcadia University,PA,48,2.955
605658,Loves Travel Stop #2294,1889 I-80 Exit 313,Unionville,TN,21,3.080
605659,Sapp Bros #8653,8327 I-10 Exit 258,Faywood,NM,150,3.920
605660,Roadys Truck Stop #2859,6245 I-10 Exit 394,Haines,OR,357,4.027
605661,Flying J #1587,3730 I-10 Exit 155,Sierra Ridge,CO,300,3.352
605662,Kwik Trip #1229,8469 I-80 Exit 320,Head Of The Harbor,NY,173,3.129
605663,TA Travel Center #1877,9759 I-10 Exit 121,Girard,TX,279,3.272
605664,TA Travel Center #3675,2092 I-40 Exit 160,Putney,GA,95,2.966
605665,Flying J #1399,1399 US-287 Exit 160,Umatilla,FL,248,3.062
605666,QuikTrip #239,4320 I-95 Exit 375,Wynne,AR,321,2.828
605667,AMBEST #9463,8839 I-10 Exit 262,Georgetown,MD,337,3.141
605668,Road Ranger #2949,383 State Hwy 6 Exit 339,West Valley City,UT,19,3.566
605669,Sapp Bros #3868,9644 US-287 Exit 159,Fort Stockton,TX,126,3.217
605670,Kwik Trip #4636,5782 I-10 Exit 40,Longview,WA,67,3.831
605671,Bosselman Travel Center #9335,3524 I-95 Exit 235,Thomaston,CT,357,2.895
605672,Flying J #1356,154 State Hwy 6 Exit 150,Bennington,ID,293,3.538
605673,Loves Travel Stop #4405,8742 State Hwy 6 Exit 213,Addison,MI,144,3.151
605674,Pilot Travel Center #9683,2833 I-40 Exit 386,Greenfield,MN,52,3.238
605675,Kwik Trip #9299,8063 I-40 Exit 399,Noble,IL,215,2.917
605676,AMBEST #9014,3329 I-80 Exit 385,Alpine,UT,293,3.386
605677,TA Travel Center #4550,1015 I-40 Exit 59,Norwalk,WI,194,3.213
605678,Pilot Travel Center #1538,6907 I-95 Exit 18,Narberth,PA,238,3.260
605679,Flying J #2914,8596 I-40 Exit 295,Nesbitt,TX,238,3.183
605680,AMBEST #624,7548 State Hwy 6 Exit 77,Playas,NM,38,3.223
605681,Kwik Trip #9218,403 State Hwy 6 Exit 215,Viola,WI,180,2.959
605682,Roadys Truck Stop #6025,6168 I-80 Exit 144,Rockwood,PA,12,2.883
605683,Pilot Travel Center #2558,7234 I-10 Exit 253,El Reno,OK,43,2.960
605684,QuikTrip #7390,5302 I-80 Exit 346,Mount Pleasant,MS,313,3.128
605685,Bosselman Travel Center #5523,4344 I-80 Exit 348,Sparta,TN,48,2.963
605686,Roadys Truck Stop #1639,1305 I-95 Exit 209,Tocsin,IN,303,2.861
605687,Kwik Trip #1917,4671 I-10 Exit 89,New Paris,PA,334,3.218
605688,Bosselman Travel Center #3053,9382 I-80 Exit 27,Seneca,NE,13,3.117
605689,Petro Stopping Center #4597,2472 I-80 Exit 298,Valley Springs,SD,137,2.865
605690,Bosselman Travel Center #7770,6670 I-10 Exit 53,Maud,OK,209,3.260
605691,Roadys Truck Stop #2142,2008 I-95 Exit 191,Shirley,NY,238,3.141
605692,Pilot Travel Center #9496,2670 I-40 Exit 244,Bagley,IA,119,3.111
605693,QuikTrip #9136,7254 State Hwy 6 Exit 165,Darnestown,MD,184,2.921
605694,Loves Travel Stop #5604,5528 State Hwy 6 Exit 85,Oatman,AZ,291,3.313
605695,Pilot Travel Center #3227,4447 I-40 Exit 335,Teec Nos Pos,AZ,118,3.150
605696,Loves Travel Stop #7701,6403 State Hwy 6 Exit 348,Pikeville,NC,338,2.946
605697,AMBEST #3869,7922 I-80 Exit 249,Lusby,MD,88,2.937
605698,Road Ranger #565,6625 I-80 Exit 177,Gunnison,CO,314,3.591
605699,Road Ranger #3688,2082 I-80 Exit 396,Charleston,MO,61,3.028
605700,Pilot Travel Center #596,9905 I-95 Exit 56,Charlo,MT,90,3.634
605701,Bosselman Travel Center #9762,8735 I-80 Exit 373,Townville,PA,140,2.679
605702,Loves Travel Stop #3671,1465 I-40 Exit 1,Greencastle,IN,98,3.016
605703,Sapp Bros #8617,530 State Hwy 6 Exit 239,Nelsonia,VA,353,3.367
605704,Loves Travel Stop #2821,1048 I-10 Exit 130,Cross Roads,TX,368,3.253
605705,Sapp Bros #9608,3861 I-95 Exit 244,Lightstreet,PA,312,2.851
605706,Roadys Truck Stop #3799,8647 I-10 Exit 155,La Platte,NE,165,3.406
605707,Flying J #5436,4615 State Hwy 6 Exit 280,Twin Lakes,MN,59,2.993
605708,Flying J #874,248 I-80 Exit 228,Mineral Ridge,OH,120,2.977
605709,Roadys Truck Stop #3321,7727 I-10 Exit 177,Lodge Pole,MT,245,3.828
605710,Kwik Trip #1242,5526 I-40 Exit 356,Logan,IA,276,2.990
605711,Road Ranger #301,7561 State Hwy 6 Exit 277,Westphalia,MD,116,3.108
605712,TA Travel Center #6825,1145 US-287 Exit 355,Delaware Park,NJ,366,3.262
605713,Petro Stopping Center #6596,4429 US-287 Exit 187,Westbrook Center,CT,230,3.022
605714,Pilot Travel Center #819,2326 State Hwy 6 Exit 220,Palermo,NJ,287,3.170
605715,Bosselman Travel Center #7365,5176 I-80 Exit 243,Florida City,FL,164,2.873
605716,Kwik Trip #9854,1128 I-80 Exit 191,New Washington,PA,180,3.110
605717,TA Travel Center #1700,6742 US-287 Exit 104,Tall Timber,CO,312,3.466
605718,Petro Stopping Center #7496,4220 I-40 Exit 34,Holden Beach,NC,342,2.820
605719,Road Ranger #5568,9132 I-10 Exit 212,Millersville,PA,214,2.750
605720,Bosselman Travel Center #2913,7384 I-80 Exit 185,Potters Hill,NC,132,2.974
605721,Sapp Bros #2872,8779 I-80 Exit 371,Decker,IN,77,3.018
605722,TA Travel Center #3185,630 I-95 Exit 377,Kathryn,ND,299,3.539
605723,Road Ranger #1296,2334 I-80 Exit 382,Vandiver,MO,298,3.025
605724,Loves Travel Stop #5227,693 I-40 Exit 25,Mcmechen,WV,77,3.310
605725,AMBEST #4144,9464 US-287 Exit 60,Thayer,IN,159,2.960
605726,Bosselman Travel Center #1019,1111 I-95 Exit 155,Sharpsburg,NC,21,2.822
605727,Loves Travel Stop #7339,8011 I-10 Exit 134,Willard,MO,320,3.002
605728,TA Travel Center #8446,3419 I-80 Exit 152,Riverside,NY,290,3.044
605729,Sapp Bros #1687,1932 I-40 Exit 303,Mount Pulaski,IL,367,2.844
605730,Road Ranger #7496,605 I-10 Exit 91,Delton,MI,152,3.222
605731,Bosselman Travel Center #1147,1300 State Hwy 6 Exit 296,Samak,UT,312,3.570
605732,QuikTrip #9230,7521 State Hwy 6 Exit 213,Walton Park,NY,74,3.234
605733,Bosselman Travel Center #7834,4571 I-10 Exit 200,Pepin,WI,226,2.830
605734,Road Ranger #7666,2506 I-40 Exit 393,Casstown,OH,377,2.846
605735,QuikTrip #9186,2977 I-40 Exit 332,Hoot Owl,OK,300,2.923
605736,QuikTrip #9991,557 I-10 Exit 29,Terral,OK,208,2.715
605737,Road Ranger #8504,4244 State Hwy 6 Exit 149,Pageton,WV,91,2.647
605738,Petro Stopping Center #6092,7342 State Hwy 6 Exit 98,Lucky,LA,347,2.917
605739,Sapp Bros #8503,7620 I-80 Exit 50,Wilmington,OH,45,3.176
605740,Petro Stopping Center #3054,5236 I-95 Exit 196,North Beach Haven,NJ,241,3.137
605741,Petro Stopping Center #5338,6780 US-287 Exit 160,Wells,KS,115,3.218
605742,Kwik Trip #1909,6220 State Hwy 6 Exit 40,Browning,IL,104,3.151
605743,Roadys Truck Stop #8293,3141 I-80 Exit 121,Winchester,NH,339,3.070
605744,Pilot Travel Center #4881,7154 I-40 Exit 265,Lynnville,IL,150,2.842
605745,Roadys Truck Stop #7342,4972 I-40 Exit 241,Coleman,MI,69,3.048
605746,Pilot Travel Center #1881,8517 State Hwy 6 Exit 320,Rosebush,MI,319,3.403
605747,Bosselman Travel Center #8017,1776 State Hwy 6 Exit 310,Pawling,NY,12,2.970
605748,Loves Travel Stop #5321,2716 State Hwy 6 Exit 232,Almond,NY,357,3.070
605749,Loves Travel Stop #1285,5980 I-10 Exit 84,Gang Mills,NY,253,3.089
605750,AMBEST #3449,7073 I-40 Exit 123,Gallatin River Ranch,MT,96,3.627
605751,Pilot Travel Center #5077,1028 State Hwy 6 Exit 128,Wilburton Number Two,PA,397,3.142
605752,Roadys Truck Stop #2916,8396 I-40 Exit 329,Avalon,FL,365,3.074
605753,Road Ranger #9626,7577 I-95 Exit 319,Center Junction,IA,41,3.193
605754,Flying J #531,7879 I-80 Exit 216,Chevy Chase Village,MD,199,2.784
605755,Loves Travel Stop #9923,6734 State Hwy 6 Exit 57,Port Salerno,FL,297,2.557
605756,Roadys Truck Stop #9831,7281 I-95 Exit 35,Dudley,SD,195,3.520
605757,TA Travel Center #6672,6320 State Hwy 6 Exit 49,Wesley,AR,388,3.017
605758,Kwik Trip #2946,6768 I-10 Exit 354,Rocksprings,TX,187,3.308
605759,Bosselman Travel Center #8177,772 I-40 Exit 228,Moss Beach,CA,111,4.301
605760,Loves Travel Stop #2361,7506 I-40 Exit 342,Stewart Manor,NY,372,2.874
605761,TA Travel Center #1495,5905 I-40 Exit 396,Struble,IA,318,3.254
605762,Pilot Travel Center #6704,2618 State Hwy 6 Exit 113,Cypress,CA,56,3.332
605763,Roadys Truck Stop #7880,3431 US-287 Exit 291,Beaver Meadows,PA,318,3.281
605764,TA Travel Center #7166,8098 I-95 Exit 213,Lakeview,MI,377,3.377
605765,Loves Travel Stop #7431,8295 US-287 Exit 5,Addy,WA,166,3.762
605766,AMBEST #1950,2197 I-40 Exit 209,West Union,IL,55,3.222
605767,TA Travel Center #6285,8494 State Hwy 6 Exit 128,Country Club Hills,MO,241,3.202
605768,Bosselman Travel Center #8328,7574 State Hwy 6 Exit 52,Negley,OH,359,3.099
605769,Road Ranger #6113,8723 I-10 Exit 312,Walker Lake,NV,382,3.897
605770,QuikTrip #9189,1707 I-10 Exit 75,Selbyville,DE,352,2.825
605771,Sapp Bros #9863,8390 I-80 Exit 111,The Crossings,FL,368,3.194
605772,Loves Travel Stop #9780,8152 I-10 Exit 341,Marshall,MI,297,3.076
605773,Flying J #6977,8316 State Hwy 6 Exit 137,Cottonwood,TX,82,3.091
605774,Road Ranger #2289,6503 I-40 Exit 4,Kannapolis,NC,301,3.078
605775,Road Ranger #1185,2312 I-95 Exit 365,Severance,CO,78,3.217
605776,AMBEST #5857,3231 I-95 Exit 291,Smith Valley,NV,287,3.778
605777,Road Ranger #3587,8142 State Hwy 6 Exit 367,San Bernardino,CA,321,3.568
605778,TA Travel Center #7006,5131 I-80 Exit 224,Pecos,NM,339,3.250
605779,Roadys Truck Stop #7475,7351 I-80 Exit 15,Avilla,MO,45,3.045
605780,Flying J #5675,2341 State Hwy 6 Exit 346,Corinth,NY,315,3.203
605781,AMBEST #4486,4021 US-287 Exit 20,Gabbs,NV,235,3.970
605782,Road Ranger #6753,2423 I-10 Exit 249,Lohrville,IA,206,3.226
605783,Roadys Truck Stop #4350,7977 I-95 Exit 366,Tetonia,ID,357,3.512
605784,AMBEST #5266,6389 US-287 Exit 61,Baraga,MI,118,3.317
605785,Loves Travel Stop #482,6667 State Hwy 6 Exit 202,The Village,OK,399,3.203
605786,Road Ranger #8226,2451 I-95 Exit 156,Arlington,AZ,171,3.544
605787,Loves Travel Stop #3414,5911 State Hwy 6 Exit 4,Arthur,IL,308,3.020
605788,Petro Stopping Center #8625,332 State Hwy 6 Exit 284,Eaton,OH,37,3.041
605789,Pilot Travel Center #7130,5649 I-95 Exit 382,Los Alamos,CA,187,3.575
605790,AMBEST #6641,3662 I-10 Exit 76,Riggston,IL,221,2.678
605791,TA Travel Center #3815,7879 US-287 Exit 12,Pawleys Island,SC,172,3.339
605792,Petro Stopping Center #3533,2623 I-80 Exit 369,Springdale,NJ,215,3.073
605793,Pilot Travel Center #2694,7992 I-95 Exit 141,Turtle Lake,MT,200,4.058
605794,Petro Stopping Center #1011,6252 I-10 Exit 265,Vineland,NJ,105,2.943
605795,QuikTrip #5602,9848 I-10 Exit 133,Burnham,IL,368,2.975
605796,Road Ranger #991,2463 I-80 Exit 385,Colorado City,AZ,10,3.713
605797,QuikTrip #1167,805 I-10 Exit 169,Rineyville,KY,193,2.962
605798,Roadys Truck Stop #7475,5105 I-40 Exit 191,New Pittsburg,OH,269,3.351
605799,Roadys Truck Stop #8212,5313 I-10 Exit 68,Biscay,MN,147,3.091
605800,QuikTrip #4576,1731 US-287 Exit 387,Salem,NE,336,2.864
605801,AMBEST #6158,377 State Hwy 6 Exit 170,Gretna,FL,252,3.115
605802,Bosselman Travel Center #6263,4157 I-95 Exit 94,Willow City,ND,50,3.293
605803,Petro Stopping Center #9191,2066 I-95 Exit 202,Townsend,TN,160,3.105
605804,Pilot Travel Center #4731,3303 State Hwy 6 Exit 188,Ridgway,PA,149,3.212
605805,Road Ranger #5397,1398 I-95 Exit 39,Lykens,PA,365,3.253
605806,Pilot Travel Center #3001,2360 I-80 Exit 219,Wanblee,SD,349,3.240
605807,Sapp Bros #7013,8176 I-95 Exit 317,Springhill,MT,81,3.514
605808,Flying J #4655,1693 State Hwy 6 Exit 279,Dewitt,MI,337,3.152
605809,Loves Travel Stop #5048,8666 I-10 Exit 378,Kings,IL,22,2.842
605810,Roadys Truck Stop #6007,9249 State Hwy 6 Exit 53,Madison,IL,153,3.005
605811,Roadys Truck Stop #2590,2008 I-10 Exit 40,Fenton,LA,299,3.028
605812,Kwik Trip #7707,6037 State Hwy 6 Exit 141,Rowlett,TX,47,3.306
605813,TA Travel Center #2945,8427 State Hwy 6 Exit 220,Jackson,LA,249,3.117
605814,Petro Stopping Center #7870,1263 I-95 Exit 199,Cincinnati,IA,290,3.096
605815,Petro Stopping Center #1142,3826 I-95 Exit 27,Cameron,MO,131,3.132
605816,Roadys Truck Stop #2402,8630 I-10 Exit 119,Oatfield,OR,163,3.929
605817,Road Ranger #5467,7990 I-40 Exit 145,Waresboro,GA,95,2.771
605818,Loves Travel Stop #9858,1463 I-10 Exit 94,Avenal,CA,361,3.799
605819,Loves Travel Stop #2567,5596 I-10 Exit 299,Key Biscayne,FL,172,2.957
605820,AMBEST #2307,4821 I-40 Exit 85,Mariaville Lake,NY,218,3.261
605821,Roadys Truck Stop #6705,3013 I-10 Exit 24,Sams Corner,OK,218,2.908
605822,Roadys Truck Stop #811,157 I-10 Exit 78,Pierceville,IN,264,3.014
605823,Kwik Trip #5526,5076 I-40 Exit 36,Hutterville Colony,SD,40,3.171
605824,Pilot Travel Center #1572,5977 I-40 Exit 80,Montclair State University,NJ,193,2.853
605825,Loves Travel Stop #5593,6153 US-287 Exit 369,Waukegan,IL,78,2.725
605826,QuikTrip #1593,4572 I-40 Exit 27,Albemarle,NC,160,3.122
605827,Sapp Bros #2334,8643 I-95 Exit 242,Auburn,ND,209,3.189
605828,Kwik Trip #450,514 I-10 Exit 350,Arcadia,FL,130,3.127
605829,Bosselman Travel Center #5348,2659 State Hwy 6 Exit 15,Walsh,CO,172,3.237
605830,Road Ranger #8323,6145 US-287 Exit 376,Inwood,IA,379,3.075
605831,Roadys Truck Stop #4630,1636 I-80 Exit 249,Alamillo,NM,75,3.447
605832,Loves Travel Stop #2190,2843 I-80 Exit 40,Deepstep,GA,156,2.810
605833,Petro Stopping Center #9251,8836 State Hwy 6 Exit 118,Hutchinson,MN,213,3.090
605834,Bosselman Travel Center #5303,6122 US-287 Exit 279,Glens Falls North,NY,176,3.134
605835,Bosselman Travel Center #9871,7427 US-287 Exit 95,Windthorst,TX,211,2.937
605836,QuikTrip #723,1030 US-287 Exit 211,Freedom,OK,72,3.417
605837,Kwik Trip #4846,4749 I-80 Exit 75,Fleischmanns,NY,319,2.933
605838,Kwik Trip #1543,1626 State Hwy 6 Exit 23,Riverside,IA,366,2.887
605839,Bosselman Travel Center #6833,3016 I-95 Exit 352,Denton,KS,127,2.946
605840,Road Ranger #7204,1598 I-80 Exit 196,Tamaqua,PA,48,3.028
605841,Sapp Bros #1775,238 I-40 Exit 105,Kent Acres,DE,254,3.059
605842,Bosselman Travel Center #2530,2132 I-80 Exit 5,Arcola,MS,318,3.254
605843,Roadys Truck Stop #8498,6429 I-40 Exit 26,Irwin,IL,356,3.051
605844,AMBEST #5472,7427 I-40 Exit 186,San Felipe Pueblo,NM,186,3.171
605845,Sapp Bros #6419,2365 I-10 Exit 97,Mount Airy,GA,295,2.945
605846,Petro Stopping Center #6793,1131 I-10 Exit 145,Angleton,TX,173,2.802
605847,QuikTrip #8459,6228 I-95 Exit 358,Clarcona,FL,340,2.940
605848,Loves Travel Stop #9968,9123 I-40 Exit 301,Lealman,FL,161,2.736
605849,Bosselman Travel Center #1101,5969 State Hwy 6 Exit 10,Andover,NY,111,3.175
605850,Roadys Truck Stop #2295,5672 I-10 Exit 50,Dalzell,IL,29,2.941
605851,Flying J #1689,6067 I-80 Exit 13,Olivehurst,CA,261,3.780
605852,Flying J #112,2757 US-287 Exit 211,Norborne,MO,248,3.082
605853,QuikTrip #6963,6980 I-95 Exit 335,Pleasant Hill,OH,285,3.243
605854,Pilot Travel Center #7061,4912 I-40 Exit 29,Oak Grove,MS,261,2.905
605855,Pilot Travel Center #1187,225 State Hwy 6 Exit 336,Makoti,ND,80,3.539
605856,Roadys Truck Stop #8217,2903 I-80 Exit 146,Guilford,MO,395,2.940
605857,Kwik Trip #5649,5855 I-40 Exit 175,Pierre Part,LA,324,2.599
605858,Petro Stopping Center #3426,4739 I-95 Exit 48,Port Ludlow,WA,225,4.073
605859,Loves Travel Stop #919,965 I-80 Exit 335,Sun Prairie,WI,321,3.410
605860,AMBEST #768,5581 I-95 Exit 117,Hollins,AL,335,2.916
605861,Flying J #5147,9809 US-287 Exit 126,Mitchellville,TN,321,2.849
605862,Pilot Travel Center #7138,3509 State Hwy 6 Exit 286,Preemption,IL,173,3.108
605863,Flying J #9338,3115 I-95 Exit 205,Navajo Dam,NM,370,3.517
605864,AMBEST #3908,4225 I-10 Exit 41,Tiltonsville,OH,33,3.463
605865,Sapp Bros #2343,5933 State Hwy 6 Exit 138,Plainfield,IN,52,2.983
605866,Pilot Travel Center #7169,4963 I-80 Exit 362,Grants Pass,OR,117,3.779
605867,Pilot Travel Center #5756,4932 I-40 Exit 385,Lansford,PA,371,2.941
605868,Loves Travel Stop #4620,8476 I-80 Exit 198,Dawson,TX,286,3.149
605869,TA Travel Center #7572,2414 US-287 Exit 209,San Elizario,TX,391,3.640
605870,Bosselman Travel Center #4158,704 I-40 Exit 298,Morrisville,MO,325,3.017
605871,TA Travel Center #2641,4662 I-40 Exit 47,Cutlerville,MI,243,2.948
605872,Road Ranger #3245,7129 State Hwy 6 Exit 124,Palisades,TX,58,3.250
605873,Road Ranger #8021,4867 I-80 Exit 34,Danwood,SC,54,2.978
605874,Road Ranger #9607,2704 State Hwy 6 Exit 382,Perry,OH,308,3.164
605875,Flying J #6978,217 I-95 Exit 301,Seville,OH,254,3.197
605876,Bosselman Travel Center #6176,6063 I-40 Exit 120,Bonsall,CA,48,3.669
605877,Pilot Travel Center #4041,9414 I-95 Exit 220,Kevil,KY,395,2.663
605878,Roadys Truck Stop #3286,5554 I-95 Exit 152,Bastrop,LA,52,2.905
605879,TA Travel Center #3790,256 I-10 Exit 242,Bostic,NC,183,2.899
605880,Sapp Bros #4183,7726 I-10 Exit 251,Trail,OR,19,4.023
605881,Bosselman Travel Center #6578,4254 I-80 Exit 70,Cheyenne,OK,188,2.995
605882,Sapp Bros #1212,7221 I-40 Exit 102,New Hope,NC,57,3.138
605883,TA Travel Center #1142,1430 US-287 Exit 136,Mars,PA,68,3.071
605884,Loves Travel Stop #5206,5530 US-287 Exit 30,Brices Creek,NC,126,2.819
605885,TA Travel Center #7912,4553 I-40 Exit 176,Shamrock Colony,SD,131,3.111
605886,Sapp Bros #6158,9408 I-80 Exit 70,Sargent,TX,256,3.030
605887,Loves Travel Stop #3102,254 State Hwy 6 Exit 155,Elephant Butte,NM,141,3.429
605888,AMBEST #8587,6405 I-80 Exit 312,Midway City,CA,343,3.707
605889,Road Ranger #8077,8427 I-80 Exit 68,Marietta,MS,327,2.886
605890,Flying J #8632,1990 I-80 Exit 392,Oakley,KS,293,3.233
605891,Road Ranger #2144,7211 State Hwy 6 Exit 30,Woodbine,IA,138,2.998
605892,Pilot Travel Center #9595,9230 I-95 Exit 116,Lake Riverside,CA,377,3.291
605893,Roadys Truck Stop #8980,7457 I-40 Exit 34,Burlington,WI,241,3.363
605894,Road Ranger #1522,8835 US-287 Exit 331,Blountstown,FL,239,3.314
605895,Petro Stopping Center #4343,783 I-40 Exit 31,Lone Wolf,OK,163,3.140
605896,AMBEST #1576,2750 I-80 Exit 84,Otis,KS,365,3.655
605897,Roadys Truck Stop #5001,9653 I-80 Exit 114,Alden,IL,80,2.971
605898,Petro Stopping Center #5981,660 I-80 Exit 258,Paxico,KS,296,3.154
605899,Flying J #5090,7986 State Hwy 6 Exit 335,New Bavaria,OH,144,3.310
605900,TA Travel Center #3173,2578 US-287 Exit 103,Norwood,KY,373,3.004
605901,QuikTrip #7888,4949 I-80 Exit 81,Gannett,ID,328,3.501
605902,Roadys Truck Stop #4816,9084 US-287 Exit 124,Calvert Beach,MD,390,3.162
605903,Sapp Bros #2096,4796 US-287 Exit 147,Savoy,IL,372,3.038
605904,Pilot Travel Center #5389,5716 I-80 Exit 258,Whittier,NC,186,2.954
605905,Sapp Bros #5831,8971 I-95 Exit 174,Mauston,WI,293,2.884
605906,AMBEST #8773,9376 I-40 Exit 113,Arona,PA,138,2.935
605907,QuikTrip #7623,4229 US-287 Exit 382,Los Gatos,CA,316,3.552
605908,Kwik Trip #5578,3566 I-10 Exit 312,Greenville,CA,389,3.677
605909,Loves Travel Stop #2126,1251 I-80 Exit 28,Peoria,OR,273,3.964
605910,Loves Travel Stop #3153,1815 State Hwy 6 Exit 52,Grand Cane,LA,390,2.915
605911,AMBEST #7512,6974 I-80 Exit 183,Dawson,MD,47,3.088
605912,Flying J #1736,593 I-80 Exit 327,Patmos,AR,340,2.793
605913,Bosselman Travel Center #8575,4171 I-80 Exit 49,Clinton,UT,74,3.211
605914,TA Travel Center #8301,1664 I-40 Exit 29,East Patchogue,NY,228,3.240
605915,Petro Stopping Center #9053,9088 I-10 Exit 335,North Bay Village,FL,276,2.577
605916,Sapp Bros #4290,8666 US-287 Exit 19,Kelso,WA,141,3.979
605917,Flying J #9211,969 I-40 Exit 278,Moselle,MS,195,2.867
605918,AMBEST #1365,5253 I-80 Exit 319,Doerun,GA,128,3.076
605919,Roadys Truck Stop #2650,2492 I-80 Exit 395,Wellton Hills,AZ,124,3.975
605920,Roadys Truck Stop #4622,7135 I-95 Exit 179,Baltic,OH,137,2.901
605921,Bosselman Travel Center #5193,7160 US-287 Exit 357,Martinsville,IN,289,3.152
605922,Sapp Bros #5024,8668 I-95 Exit 269,Williston,ND,186,3.354
605923,Pilot Travel Center #7759,3579 I-80 Exit 189,Summers,AR,238,2.900
605924,AMBEST #1032,7979 State Hwy 6 Exit 85,Osceola Mills,PA,213,2.985
605925,Bosselman Travel Center #2207,6071 I-80 Exit 108,Crab Orchard,TN,67,3.266
605926,Roadys Truck Stop #6946,2497 State Hwy 6 Exit 69,Larrabee,IA,175,3.182
605927,Pilot Travel Center #8077,284 I-40 Exit 70,Lincoln,MI,396,3.451
605928,Petro Stopping Center #849,7892 US-287 Exit 266,Greene,NY,263,3.181
605929,TA Travel Center #2235,2487 State Hwy 6 Exit 66,Cecil Bishop,PA,348,3.026
605930,Bosselman Travel Center #3767,1137 State Hwy 6 Exit 264,Winnie,TX,172,3.116
605931,Kwik Trip #7812,8375 I-10 Exit 248,Copemish,MI,106,3.037
605932,Flying J #8948,6587 State Hwy 6 Exit 356,Weston,MO,207,3.675
605933,QuikTrip #7564,299 I-10 Exit 97,Palestine,OH,247,3.321
605934,QuikTrip #9367,6733 State Hwy 6 Exit 73,Edesville,MD,285,2.871
605935,Pilot Travel Center #3424,6797 State Hwy 6 Exit 63,Westport,MN,364,3.500
605936,Bosselman Travel Center #4210,6721 I-10 Exit 190,Irvington,IA,17,2.963
605937,Loves Travel Stop #3152,3264 US-287 Exit 248,Round Hill,VA,270,3.135
605938,AMBEST #4553,7652 I-40 Exit 278,Stony Brook University,NY,113,3.173
605939,Petro Stopping Center #898,7222 I-80 Exit 193,Antioch,IN,73,2.901
605940,Roadys Truck Stop #5218,5161 I-40 Exit 139,Rochester,IA,276,2.917
605941,QuikTrip #8128,7311 I-10 Exit 151,Sperry,IA,174,2.891
605942,Loves Travel Stop #8312,8885 I-80 Exit 195,North Las Vegas,NV,264,3.518
605943,Road Ranger #186,8975 I-95 Exit 270,Aspen,CO,269,3.650
605944,Bosselman Travel Center #3262,2822 I-40 Exit 225,Marietta,MN,307,3.026
605945,Roadys Truck Stop #4771,4890 I-10 Exit 270,Meredith,NH,392,3.247
605946,Sapp Bros #5915,2223 US-287 Exit 364,Hartland,MI,118,2.964
605947,Bosselman Travel Center #1186,3089 US-287 Exit 165,Plainfield,VT,71,3.158
605948,Pilot Travel Center #3253,932 I-95 Exit 295,Lasara,TX,353,3.006
605949,QuikTrip #3383,7892 State Hwy 6 Exit 26,Jamestown,TN,340,3.244
605950,QuikTrip #1019,3359 I-80 Exit 69,Pearl River,MS,59,3.396
605951,AMBEST #5649,8306 I-80 Exit 323,Eldridge,AL,207,3.048
605952,Bosselman Travel Center #2157,8470 US-287 Exit 269,Campbell,TX,377,3.147
605953,Roadys Truck Stop #7725,4546 I-80 Exit 323,Dodge,NE,197,3.350
605954,Bosselman Travel Center #8798,8630 I-80 Exit 124,Woodsville,NH,201,3.150
605955,TA Travel Center #9087,1970 State Hwy 6 Exit 375,Hodgenville,KY,163,3.455
605956,Pilot Travel Center #9773,4909 I-10 Exit 238,Wilmore,KY,34,3.075
605957,Kwik Trip #8473,8571 I-40 Exit 346,Tuscaloosa,AL,343,2.829
605958,Road Ranger #5758,1279 I-80 Exit 44,Forest Lake,MN,300,3.284
605959,Loves Travel Stop #4613,2776 I-95 Exit 209,Timberon,NM,230,3.605
605960,QuikTrip #4243,6507 I-95 Exit 373,Eutawville,SC,200,3.009
605961,Road Ranger #3447,8924 State Hwy 6 Exit 152,Mexico,IN,200,3.120
605962,Road Ranger #7566,9086 I-10 Exit 388,Griggsville,IL,51,3.026
605963,TA Travel Center #7496,7585 I-95 Exit 132,Fruitdale,SD,318,3.501
605964,Sapp Bros #8494,9154 I-95 Exit 67,Knowlton,WI,113,3.251
605965,Bosselman Travel Center #1166,6806 I-10 Exit 75,Arcade,NY,248,3.338
605966,Petro Stopping Center #2049,8648 US-287 Exit 214,Orange,OH,66,3.145
605967,Flying J #3981,3480 I-95 Exit 346,Clintonville,WI,122,3.280
605968,Bosselman Travel Center #868,670 I-80 Exit 232,Millersburg,IN,72,3.223
605969,AMBEST #5126,8149 I-40 Exit 379,Groveland,IN,339,2.965
605970,Road Ranger #5961,1514 I-80 Exit 27,Balmorhea,TX,251,3.172
605971,Petro Stopping Center #5460,6115 I-80 Exit 307,Highlands Ranch,CO,18,3.283
605972,Bosselman Travel Center #2869,430 US-287 Exit 245,Concord,CA,332,3.740
605973,Pilot Travel Center #9168,3318 I-95 Exit 350,Byrdstown,TN,68,3.091
605974,Flying J #135,3471 I-40 Exit 255,Hillsville,PA,259,3.003
605975,Flying J #8242,1185 I-10 Exit 210,Garden Farms,CA,134,3.899
605976,Road Ranger #6698,1754 I-80 Exit 323,Sterrett,AL,181,3.200
605977,AMBEST #8102,8872 I-10 Exit 339,Natoma,KS,63,3.243
605978,Flying J #2023,7009 I-40 Exit 102,Saint Leo,FL,27,2.879
605979,Kwik Trip #9940,3130 I-10 Exit 387,Fairview,UT,346,3.455
605980,AMBEST #1407,1531 US-287 Exit 12,Etowah,NC,88,3.124
605981,Road Ranger #1644,5829 I-80 Exit 26,Plainview Colony,SD,261,3.356
605982,Pilot Travel Center #2730,7620 State Hwy 6 Exit 37,Village Green Green Ridge,PA,239,2.789
605983,QuikTrip #9043,1760 I-80 Exit 354,Herkimer,NY,263,3.002
605984,Flying J #4616,6212 US-287 Exit 71,Neihart,MT,339,3.527
605985,TA Travel Center #3467,1497 I-10 Exit 245,Cicero,IN,349,2.999
605986,Roadys Truck Stop #3011,1931 I-10 Exit 141,Butlerville,OH,82,3.073
605987,QuikTrip #6901,6048 I-10 Exit 222,New Haven,IA,174,3.080
605988,Roadys Truck Stop #2571,1206 I-10 Exit 131,Bivalve,MD,62,3.077
605989,Roadys Truck Stop #3681,5229 I-40 Exit 348,Rockport,IN,72,3.160
605990,Pilot Travel Center #6280,2070 I-40 Exit 135,Richland,TX,36,3.083
605991,Pilot Travel Center #6485,4738 US-287 Exit 173,Clyde,NY,258,3.126
605992,Bosselman Travel Center #4273,1153 I-10 Exit 66,Watertown,FL,139,3.017
605993,Petro Stopping Center #5987,2138 State Hwy 6 Exit 50,Botsford,CT,306,3.032
605994,Flying J #7714,140 I-95 Exit 78,Hartland,WI,112,3.274
605995,Road Ranger #8481,7816 I-95 Exit 266,Berlin,AL,121,3.058
605996,Flying J #2877,4095 I-10 Exit 195,Jansen,CO,226,3.220
605997,QuikTrip #501,9890 I-95 Exit 291,Trinity,TX,190,3.041
605998,TA Travel Center #5901,1187 State Hwy 6 Exit 31,Johnson,NE,63,3.249
605999,Flying J #5290,8301 I-95 Exit 47,Alamo Beach,TX,348,3.101
606000,Sapp Bros #2307,4426 I-95 Exit 296,Braddock,ND,317,3.427
606001,Flying J #123,8375 State Hwy 6 Exit 64,Jobstown,NJ,105,3.159
606002,Loves Travel Stop #9205,8665 I-40 Exit 159,Madison,VA,395,3.070
606003,Loves Travel Stop #1797,3071 I-40 Exit 339,Neapolis,OH,67,3.054
606004,AMBEST #174,7065 I-10 Exit 61,Websters Crossing,NY,25,3.143
606005,Road Ranger #2341,9463 State Hwy 6 Exit 242,The Lakes,MN,137,3.454
606006,Bosselman Travel Center #7794,7291 I-95 Exit 13,Speculator,NY,100,2.992
606007,Petro Stopping Center #9461,3284 I-40 Exit 224,Bothell East,WA,120,3.846
606008,Road Ranger #5079,9009 I-80 Exit 188,Carolina,WV,186,2.616
606009,QuikTrip #5211,9540 I-40 Exit 278,Cambridge,OH,175,2.616
606010,QuikTrip #1466,8145 State Hwy 6 Exit 55,New Springfield,OH,164,3.273
606011,Sapp Bros #6816,4880 I-95 Exit 295,Vona,CO,354,3.204
606012,TA Travel Center #4389,6524 I-95 Exit 198,Bedford Park,IL,120,3.185
606013,Loves Travel Stop #8851,1749 US-287 Exit 273,Cecil,GA,305,2.982
606014,Bosselman Travel Center #3324,2713 State Hwy 6 Exit 104,Lodge,SC,129,3.004
606015,Flying J #952,9915 I-80 Exit 221,Spearman,TX,81,3.355
606016,TA Travel Center #4222,427 I-40 Exit 178,Portage,UT,75,3.605
606017,Loves Travel Stop #7480,3497 I-95 Exit 57,Evendale,OH,26,3.261
606018,Bosselman Travel Center #7385,4006 I-10 Exit 106,Delanson,NY,356,3.192
606019,AMBEST #3094,4764 State Hwy 6 Exit 51,Rio,IL,176,3.008
606020,Bosselman Travel Center #6629,7891 I-80 Exit 315,Bath,MI,31,2.977
606021,Flying J #1789,6452 I-95 Exit 229,Thayer,MO,399,3.137
606022,Kwik Trip #8456,6157 I-10 Exit 274,Moose Wilson Road,WY,129,3.748
606023,Pilot Travel Center #7588,4061 US-287 Exit 118,River Bluff,KY,43,2.727
606024,AMBEST #9094,5910 I-10 Exit 230,Saint Anthony,ID,359,3.430
606025,Flying J #4624,6563 I-95 Exit 388,Panama,NE,265,3.260
606026,QuikTrip #5665,9110 I-95 Exit 243,Wathena,KS,32,2.952
606027,Loves Travel Stop #5502,4799 I-80 Exit 341,Sharon,TN,69,3.268
606028,Pilot Travel Center #6125,6231 State Hwy 6 Exit 234,White Oak,NC,334,2.947
606029,TA Travel Center #669,868 I-10 Exit 165,East Dorset,VT,356,3.141
606030,Kwik Trip #9862,955 I-95 Exit 296,Lafferty,OH,222,3.375
606031,Petro Stopping Center #3715,5235 I-10 Exit 386,Marina Del Rey,CA,126,3.742
606032,Loves Travel Stop #8937,7783 State Hwy 6 Exit 212,Bennett,CO,232,3.256
606033,Road Ranger #1396,2782 I-95 Exit 138,San Clemente,CA,334,3.928
606034,Loves Travel Stop #6165,3716 I-10 Exit 2,Abbeville,LA,316,2.945
606035,Loves Travel Stop #2552,8188 I-10 Exit 29,Hershey,PA,228,3.141
606036,TA Travel Center #946,6808 I-10 Exit 394,South Henderson,NC,78,3.200
606037,QuikTrip #2148,4335 US-287 Exit 233,Wyldwood,TX,7,3.154
606038,Roadys Truck Stop #7809,4359 US-287 Exit 7,Letts,IA,233,2.894
606039,Loves Travel Stop #7173,2478 I-80 Exit 303,Mulberry,KS,80,3.181
606040,Roadys Truck Stop #5789,6072 US-287 Exit 355,Lena,MS,324,2.907
606041,QuikTrip #5651,7374 State Hwy 6 Exit 341,Bad Axe,MI,264,3.191
606042,Pilot Travel Center #694,5960 State Hwy 6 Exit 165,Clearwater,MN,352,3.205
606043,Sapp Bros #5767,4094 I-40 Exit 384,August,CA,341,3.801
606044,Road Ranger #4657,3363 I-10 Exit 305,Ohio City,OH,105,3.283
606045,Kwik Trip #7614,2686 I-10 Exit 231,South Oroville,CA,5,3.463
606046,Bosselman Travel Center #3616,3822 US-287 Exit 318,Cumberland,VA,335,3.112
606047,TA Travel Center #4786,2839 I-80 Exit 286,Pawnee,TX,154,3.050
606048,TA Travel Center #4145,2564 I-95 Exit 302,Rice,MN,7,3.504
606049,Loves Travel Stop #7824,1124 I-40 Exit 204,Ashland,KS,104,2.785
606050,Road Ranger #2101,9037 State Hwy 6 Exit 268,Richland Springs,TX,301,3.138
606051,Flying J #9005,3556 I-95 Exit 351,Thorp,WI,361,3.281
606052,Petro Stopping Center #3228,4639 I-10 Exit 171,Montvale,VA,396,2.825
606053,QuikTrip #1374,2289 I-95 Exit 146,Kings Valley,OR,29,4.036
606054,Petro Stopping Center #1117,6131 I-95 Exit 272,Hilltop,GA,238,2.744
606055,Pilot Travel Center #4223,1617 I-95 Exit 102,Otter Lake,MI,59,2.931
606056,TA Travel Center #3919,3247 US-287 Exit 53,Kinross,IA,291,3.040
606057,Sapp Bros #949,6887 I-80 Exit 97,Penalosa,KS,127,3.138
606058,Sapp Bros #9381,4103 I-95 Exit 375,Mirando City,TX,316,3.104
606059,Kwik Trip #3942,4082 I-80 Exit 108,Ghent,WV,229,2.972
606060,AMBEST #3864,5448 I-10 Exit 269,Sultan,WA,31,3.741
606061,Sapp Bros #9102,2747 I-95 Exit 323,Upton,KY,300,3.266
606062,Sapp Bros #9414,8353 I-40 Exit 145,Wawaka,IN,265,3.002
606063,Kwik Trip #297,5399 I-95 Exit 172,Underwood,MN,35,3.065
606064,Petro Stopping Center #6708,5031 I-80 Exit 94,Knoxville,GA,237,3.149
606065,Flying J #957,709 State Hwy 6 Exit 123,Coffee Springs,AL,201,2.979
606066,Kwik Trip #7945,1081 US-287 Exit 72,Antigo,WI,272,3.177
606067,AMBEST #834,4541 I-10 Exit 277,Chillicothe,IA,313,3.164
606068,Petro Stopping Center #4525,7356 State Hwy 6 Exit 110,Acacia Villas,FL,101,3.006
606069,AMBEST #7560,8105 I-95 Exit 294,Mathis,TX,123,2.650
606070,QuikTrip #767,1959 I-80 Exit 5,Industry,IL,102,3.058
606071,QuikTrip #7142,279 US-287 Exit 304,Fall River,MA,56,3.031
606072,QuikTrip #9845,9357 State Hwy 6 Exit 11,Ehrenfeld,PA,170,3.044
606073,QuikTrip #9595,7436 I-80 Exit 52,Table Grove,IL,11,2.808
606074,QuikTrip #1240,3836 State Hwy 6 Exit 86,Milan,TN,94,3.032
606075,Sapp Bros #6120,8065 I-95 Exit 145,Vandalia,MI,37,3.122
606076,TA Travel Center #2203,2292 I-40 Exit 60,Castalia,OH,113,3.094
606077,Road Ranger #8404,8425 State Hwy 6 Exit 316,Elderton,PA,329,3.141
606078,Roadys Truck Stop #7200,595 State Hwy 6 Exit 8,Ashville,PA,316,3.052
606079,Petro Stopping Center #1407,9630 US-287 Exit 254,Plantation,FL,82,2.950
606080,Roadys Truck Stop #9232,5680 I-10 Exit 260,Fairview,OK,339,3.068
606081,AMBEST #4292,5839 I-10 Exit 107,Stillman Valley,IL,372,2.761
606082,AMBEST #1312,735 US-287 Exit 103,Raton,NM,374,3.597
606083,Petro Stopping Center #253,6058 I-80 Exit 151,Whitestown,IN,255,3.200
606084,AMBEST #3575,781 I-10 Exit 277,Daphne,AL,34,2.801
606085,Pilot Travel Center #7818,9653 I-80 Exit 139,Hookerton,NC,182,2.980
606086,Flying J #9762,532 State Hwy 6 Exit 342,Palm Valley,TX,87,3.057
606087,Roadys Truck Stop #7550,5023 I-10 Exit 166,La Sal,UT,128,3.441
606088,TA Travel Center #5292,9501 I-95 Exit 290,Pala,CA,41,3.406
606089,QuikTrip #9114,580 I-10 Exit 366,West Middletown,PA,94,2.935
606090,TA Travel Center #7514,3945 State Hwy 6 Exit 360,Rock Port,MO,83,3.117
606091,Road Ranger #2383,6876 I-80 Exit 391,Rockton,IL,271,3.183
606092,QuikTrip #1905,6331 I-95 Exit 33,Hodgen,OK,99,3.003
606093,Kwik Trip #3204,5657 I-95 Exit 54,Huron,KS,253,3.045
606094,Sapp Bros #2612,4983 I-10 Exit 165,Herscher,IL,7,3.089
606095,Flying J #5245,7532 I-10 Exit 275,Parker City,IN,109,3.011
606096,Loves Travel Stop #3378,5639 State Hwy 6 Exit 317,Perrinton,MI,203,3.191
606097,Loves Travel Stop #5178,4389 US-287 Exit 12,Beaver Dam,WI,31,3.008
606098,QuikTrip #9088,5062 I-80 Exit 43,Del Rey Oaks,CA,175,4.004
606099,TA Travel Center #2765,8050 I-10 Exit 319,Elmwood,WI,44,3.325
606100,Petro Stopping Center #7224,5850 US-287 Exit 21,Glenrock,WY,208,3.580
606101,Sapp Bros #3977,258 I-80 Exit 335,Cleveland Heights,OH,4,3.303
606102,Roadys Truck Stop #5785,2765 I-80 Exit 81,Mole Lake,WI,26,3.169
606103,Petro Stopping Center #2327,463 I-10 Exit 148,Boxford,MA,82,3.189
606104,Pilot Travel Center #4386,2664 I-95 Exit 152,Mullin,TX,257,3.210
606105,Sapp Bros #895,1333 I-80 Exit 207,Mount Calvary,WI,248,3.218
606106,Kwik Trip #3983,2406 I-10 Exit 28,Burns City,IN,12,3.185
606107,Kwik Trip #5297,9112 I-10 Exit 227,Lake Mary Ronan,MT,166,3.923
606108,Flying J #2721,6378 I-95 Exit 153,Garibaldi,OR,142,4.231
606109,AMBEST #6244,5120 I-80 Exit 51,Upper Santan Village,AZ,11,3.545
606110,TA Travel Center #541,9341 State Hwy 6 Exit 224,Dibble,OK,335,3.165
606111,Sapp Bros #8613,3607 I-10 Exit 184,Williams,AZ,253,3.719
606112,QuikTrip #8636,7037 I-80 Exit 7,Warren,MN,267,3.386
606113,Road Ranger #9844,2917 State Hwy 6 Exit 297,Willow Valley,AZ,296,3.474
606114,Kwik Trip #3591,2955 I-95 Exit 130,Rutherford,TN,267,3.045
606115,Pilot Travel Center #8167,4444 I-80 Exit 206,Kingston Springs,TN,258,2.980
606116,Sapp Bros #1099,1661 State Hwy 6 Exit 245,Sterling,IL,179,3.038
606117,Petro Stopping Center #7496,5798 I-40 Exit 113,Mountain,WI,331,3.289
606118,AMBEST #8539,2107 US-287 Exit 235,San Jose,NM,98,3.436
606119,Roadys Truck Stop #7118,5196 I-10 Exit 8,Linoma Beach,NE,343,3.405
606120,Kwik Trip #209,1996 I-80 Exit 14,West Livingston,TX,10,2.970
606121,Flying J #9376,439 I-95 Exit 334,Mad River,CA,63,3.836
606122,Pilot Travel Center #5132,7359 State Hwy 6 Exit 174,Airport,CA,319,3.612
606123,Sapp Bros #4962,4832 I-40 Exit 287,Osborn,MO,277,2.933
606124,Pilot Travel Center #3330,8137 I-80 Exit 35,Winchester,NV,294,3.559
606125,Flying J #543,5130 I-40 Exit 285,Fordham Colony,SD,9,3.068
606126,TA Travel Center #9703,6780 I-40 Exit 366,Mechanicsville,MD,365,3.046
606127,Petro Stopping Center #6979,2668 I-40 Exit 282,Manitou Springs,CO,256,3.374
606128,Flying J #2374,2851 I-40 Exit 188,Aitkin,MN,392,3.359
606129,Roadys Truck Stop #3878,4958 I-80 Exit 310,Malcom,IA,365,2.767
606130,TA Travel Center #5842,2203 I-80 Exit 260,Saint Rose,LA,49,3.008
606131,Sapp Bros #4714,7854 US-287 Exit 108,High Springs,FL,361,3.094
606132,Bosselman Travel Center #5937,5431 State Hwy 6 Exit 182,Lancaster,CA,161,3.899
606133,Flying J #8770,3854 US-287 Exit 16,Carthage,IN,224,3.299
606134,Petro Stopping Center #1278,3193 I-95 Exit 16,Howard,OH,242,2.944
606135,AMBEST #4591,4217 I-80 Exit 66,Livingston,SC,293,2.925
606136,Pilot Travel Center #3143,2340 I-80 Exit 64,Rimersburg,PA,396,3.099
606137,TA Travel Center #3949,7519 I-10 Exit 5,Plumas Eureka,CA,337,3.836
606138,AMBEST #2360,8706 I-95 Exit 274,Sand Hill,PA,312,3.323
606139,Road Ranger #7864,1069 I-10 Exit 93,Castalia,IA,346,3.108
606140,AMBEST #5869,2376 I-40 Exit 217,Anniston,AL,390,2.975
606141,Loves Travel Stop #599,8689 US-287 Exit 56,Baldwin,WI,13,3.191
606142,Bosselman Travel Center #8221,7864 I-10 Exit 330,Tazewell,GA,237,2.847
606143,Sapp Bros #3182,2385 I-80 Exit 282,Naylor,GA,202,3.076
606144,QuikTrip #3467,6704 I-10 Exit 152,Edwardsville,KS,75,3.298
606145,Loves Travel Stop #7345,9052 US-287 Exit 365,Jeffersonville,OH,339,2.746
606146,Kwik Trip #416,4473 I-10 Exit 357,Inverness,CO,115,3.416
606147,Roadys Truck Stop #9963,1570 State Hwy 6 Exit 380,Fountain,NC,151,3.142
606148,Flying J #9182,968 I-10 Exit 275,Spearsville,LA,224,2.979
606149,Bosselman Travel Center #1555,9624 I-40 Exit 268,Fergus Falls,MN,28,2.984
606150,QuikTrip #5005,5328 US-287 Exit 360,Galt,CA,68,3.714
606151,Road Ranger #7464,5343 I-10 Exit 102,Muskegon,MI,254,3.340
606152,Petro Stopping Center #1916,654 I-80 Exit 377,Sykeston,ND,103,3.005
606153,Flying J #6434,2723 I-95 Exit 194,Gisela,AZ,147,3.542
606154,Bosselman Travel Center #2162,8140 State Hwy 6 Exit 334,Pine Grove,WA,26,3.813
606155,Flying J #9141,9841 I-80 Exit 348,Rocky Point,NY,370,3.199
606156,Road Ranger #7102,4329 I-95 Exit 11,Shenandoah,LA,125,3.036
606157,Roadys Truck Stop #5463,7480 I-40 Exit 217,Waltonville,IL,271,2.867
606158,Bosselman Travel Center #3729,1280 I-95 Exit 16,Manuel Garcia Ii,TX,39,3.024
606159,Pilot Travel Center #1464,8983 US-287 Exit 181,Post Mountain,CA,140,4.170
606160,Petro Stopping Center #4793,8554 State Hwy 6 Exit 12,Paxton,NE,113,3.291
606161,Kwik Trip #1506,8243 I-40 Exit 248,Northwood,PA,138,2.858
606162,Pilot Travel Center #7869,3091 I-80 Exit 73,Ryan Park,WY,270,3.442
606163,Sapp Bros #3423,3945 State Hwy 6 Exit 128,Seatac,WA,204,3.951
606164,Sapp Bros #7385,6674 I-80 Exit 353,Pitkin,LA,26,3.020
606165,Road Ranger #7670,2829 State Hwy 6 Exit 209,Landess,IN,309,3.103
606166,Road Ranger #6088,8303 US-287 Exit 89,Frankford,DE,361,3.415
606167,AMBEST #1759,8637 State Hwy 6 Exit 73,Mitchell,IA,190,3.142
606168,Roadys Truck Stop #3601,9618 US-287 Exit 348,Central City,IL,276,3.223
606169,QuikTrip #4719,3145 I-80 Exit 131,Proctor,OK,105,3.010
606170,Bosselman Travel Center #3391,4260 I-80 Exit 198,Kirbyville,MO,387,2.823
606171,Bosselman Travel Center #2660,6805 I-80 Exit 158,Avoca,MN,131,3.102
606172,Petro Stopping Center #1926,398 US-287 Exit 158,Pomfret,MD,173,3.177
606173,AMBEST #8780,6487 I-40 Exit 36,Bishop Hills,TX,305,3.258
606174,TA Travel Center #9131,6481 State Hwy 6 Exit 163,New Port Richey East,FL,329,3.147
606175,Roadys Truck Stop #6721,8903 I-40 Exit 252,Blair,NE,100,3.032
606176,Road Ranger #7624,2137 I-40 Exit 238,Flemington,WV,54,3.317
606177,QuikTrip #8501,463 State Hwy 6 Exit 181,Lorraine,NY,166,3.177
606178,Petro Stopping Center #7904,2298 I-80 Exit 104,Alto,TX,40,2.913
606179,Petro Stopping Center #6852,4904 I-80 Exit 24,Hebron,WI,78,3.293
606180,Sapp Bros #8085,9498 State Hwy 6 Exit 203,Furnace Creek,CA,388,3.679
606181,QuikTrip #5818,8655 I-40 Exit 354,Dulac,LA,106,2.885
606182,Road Ranger #4540,7694 State Hwy 6 Exit 380,Orient,WA,195,4.102
606183,Road Ranger #2858,3899 State Hwy 6 Exit 362,Grayhawk,MO,358,2.901
606184,Flying J #7414,9104 State Hwy 6 Exit 62,Baldwin,PA,94,3.011
606185,Pilot Travel Center #4375,5891 I-95 Exit 253,Nellysford,VA,255,3.088
606186,Road Ranger #4238,1034 US-287 Exit 318,Orchard Grass Hills,KY,179,2.870
606187,Pilot Travel Center #6586,9902 I-80 Exit 179,Pleasantville,NJ,44,3.073
606188,AMBEST #2136,1522 US-287 Exit 339,Hartford,CT,192,2.866
606189,Roadys Truck Stop #5725,3007 I-95 Exit 73,Mooresville,MO,234,3.035
606190,Flying J #6739,2455 US-287 Exit 349,Rocky Fork Point,OH,282,2.995
606191,Pilot Travel Center #4462,7201 State Hwy 6 Exit 241,Tivoli,NY,312,3.123
606192,Flying J #9653,5665 I-10 Exit 28,Windsor,CA,78,3.964
606193,AMBEST #7698,9281 State Hwy 6 Exit 339,Copper Harbor,MI,81,3.079
606194,AMBEST #1872,4429 I-40 Exit 117,Millsboro,PA,163,2.930
606195,Road Ranger #657,3261 I-10 Exit 311,Mcallister,MT,231,3.283
606196,Loves Travel Stop #5011,1261 I-80 Exit 9,Monmouth Junction,NJ,35,3.035
606197,Loves Travel Stop #9632,499 State Hwy 6 Exit 253,Taylorsville,GA,250,3.043
606198,Sapp Bros #2965,3958 State Hwy 6 Exit 394,Loco Hills,NM,329,3.438
606199,Petro Stopping Center #7705,6910 I-40 Exit 60,Clear Creek,CA,172,3.670
606200,Bosselman Travel Center #7926,3227 I-95 Exit 156,Collegeville,PA,5,3.313
606201,Pilot Travel Center #8609,1921 I-40 Exit 32,Eros,LA,183,3.047
606202,Petro Stopping Center #441,7940 State Hwy 6 Exit 371,Charlotte,IA,212,3.039
606203,QuikTrip #8666,6296 I-10 Exit 52,Rew,PA,315,2.817
606204,Roadys Truck Stop #4845,5889 I-80 Exit 125,Belterra,TX,265,3.010
606205,Flying J #7567,3819 I-80 Exit 63,Scammon,KS,24,3.160
606206,Petro Stopping Center #7275,6652 I-40 Exit 99,Hartwick,NY,45,2.809
606207,Pilot Travel Center #7794,7367 State Hwy 6 Exit 98,Clermont,IA,331,3.026
606208,Roadys Truck Stop #4421,1397 US-287 Exit 159,Talahi Island,GA,47,3.093
606209,TA Travel Center #7978,6151 State Hwy 6 Exit 292,Poplar Cotton Center,CA,275,3.625
606210,TA Travel Center #1035,3331 US-287 Exit 84,Euless,TX,187,3.033
606211,Loves Travel Stop #2631,115 I-95 Exit 272,Conesus Lake,NY,233,3.268
606212,Petro Stopping Center #6657,8268 I-10 Exit 29,Randlett,UT,6,3.490
606213,Petro Stopping Center #7876,5896 I-10 Exit 281,Essex Village,CT,236,3.524
606214,TA Travel Center #8600,416 I-95 Exit 235,Olde West Chester,OH,17,3.194
606215,Flying J #4593,1734 I-40 Exit 201,Government Camp,OR,101,3.826
606216,Loves Travel Stop #245,8781 I-80 Exit 28,Columbine,CO,53,3.345
606217,Sapp Bros #3277,5721 I-10 Exit 325,Sulphur Springs,OH,71,3.211
606218,Kwik Trip #458,842 I-10 Exit 168,Versailles,IN,210,2.931
606219,Pilot Travel Center #8436,8829 State Hwy 6 Exit 99,Georgetown,GA,286,3.292
606220,Loves Travel Stop #9948,6400 I-80 Exit 279,Salem,NM,160,3.263
606221,Loves Travel Stop #9911,4385 US-287 Exit 225,Carmel,NY,145,3.062
606222,Sapp Bros #8219,9591 I-80 Exit 128,Wauna,WA,87,3.964
606223,AMBEST #1132,8985 I-80 Exit 293,Roscoe,NY,166,2.836
606224,Sapp Bros #3317,8764 I-95 Exit 119,Letts,IN,98,3.104
606225,Sapp Bros #6246,2164 I-10 Exit 137,Alsen,ND,58,3.216
606226,Kwik Trip #6681,3946 I-40 Exit 279,Superior,CO,333,3.323
606227,Bosselman Travel Center #3041,7684 I-95 Exit 195,Dearing,KS,317,3.097
606228,Roadys Truck Stop #8497,7781 I-10 Exit 292,Parachute,CO,197,3.201
606229,Road Ranger #7543,3414 State Hwy 6 Exit 353,Westphalia,IN,306,3.037
606230,Roadys Truck Stop #8856,8630 I-40 Exit 375,Graysville,AL,266,2.784
606231,Sapp Bros #9899,6785 State Hwy 6 Exit 179,West Waynesburg,PA,74,3.201
606232,Flying J #5082,8713 State Hwy 6 Exit 283,Patton Village,CA,194,3.908
606233,Road Ranger #4506,8641 I-40 Exit 64,Buckner,IL,27,3.019
606234,Loves Travel Stop #8384,4761 I-80 Exit 339,Flower Mound,TX,382,3.144
606235,Roadys Truck Stop #5087,2126 I-10 Exit 3,Reile South Acres,ND,81,3.416
606236,Sapp Bros #8856,4020 US-287 Exit 297,Stevensville,MD,166,3.351
606237,AMBEST #7907,9157 I-95 Exit 11,Warm Springs,OR,357,3.718
606238,Roadys Truck Stop #2935,7432 I-80 Exit 341,Clarksville,PA,276,3.048
606239,TA Travel Center #7339,6595 I-40 Exit 224,Dakota,MN,364,3.103
606240,TA Travel Center #6099,173 I-95 Exit 42,Lebam,WA,344,3.911
606241,QuikTrip #2848,6709 I-40 Exit 49,Silver Springs,NV,317,3.962
606242,Pilot Travel Center #5439,7263 I-10 Exit 31,Blodgett Mills,NY,193,3.043
606243,AMBEST #9487,3991 I-10 Exit 93,Lucas,IA,126,3.162
606244,QuikTrip #4035,6649 I-10 Exit 175,Belfast,NY,352,3.189
606245,Petro Stopping Center #881,1442 I-95 Exit 375,Washington,DC,245,3.084
606246,TA Travel Center #470,2421 State Hwy 6 Exit 87,Winters,TX,92,3.203
606247,Loves Travel Stop #6561,4066 I-40 Exit 251,Saint Marys,GA,152,2.871
606248,Bosselman Travel Center #9834,3748 I-95 Exit 292,Riverland,MN,66,2.972
606249,AMBEST #7476,4074 I-80 Exit 143,Saint Joseph,KY,9,2.936
606250,Roadys Truck Stop #4104,5346 US-287 Exit 224,Bemiss,GA,300,2.894
606251,TA Travel Center #4189,2383 State Hwy 6 Exit 220,Fort Deposit,AL,72,2.989
606252,Bosselman Travel Center #7057,6267 I-80 Exit 303,Poulsbo,WA,9,4.165
606253,QuikTrip #4642,2256 I-10 Exit 198,Westport Village,CT,217,3.149
606254,AMBEST #1478,2957 I-80 Exit 271,Los Corralitos,TX,14,3.278
606255,Pilot Travel Center #3134,3745 I-10 Exit 242,Jersey,GA,29,2.802
606256,AMBEST #6818,449 I-95 Exit 351,Holiday Lakes,TX,101,2.751
606257,Loves Travel Stop #4782,1187 State Hwy 6 Exit 343,Fairhope,PA,126,3.034
606258,Loves Travel Stop #2721,3937 I-95 Exit 112,Lone Tree,CO,104,3.235
606259,Kwik Trip #1589,9078 I-95 Exit 132,Weaubleau,MO,176,3.197
606260,AMBEST #9653,7337 US-287 Exit 42,Peru,KS,353,3.080
606261,AMBEST #5614,2684 I-80 Exit 396,Proctor,VT,272,3.025
606262,QuikTrip #2573,5802 I-40 Exit 396,Kingman,AZ,196,3.373
606263,QuikTrip #1341,3780 I-80 Exit 69,Yulee,FL,350,2.998
606264,Road Ranger #363,9592 I-40 Exit 122,Alhambra,CA,54,3.491
606265,Flying J #5163,6514 US-287 Exit 150,Beach City,OH,117,2.876
606266,Sapp Bros #3816,3730 I-95 Exit 172,Maple Heights Lake Desire,WA,287,3.762
606267,Flying J #3197,2288 I-10 Exit 217,Crystal,ND,185,3.469
606268,Loves Travel Stop #2957,8747 I-40 Exit 259,Roachester,OH,158,3.131
606269,AMBEST #8837,3736 I-10 Exit 199,Radium,KS,154,3.000
606270,Pilot Travel Center #4144,955 I-40 Exit 199,White Cloud,KS,239,3.385
606271,Bosselman Travel Center #9808,1213 I-10 Exit 104,Lambert,MO,146,2.818
606272,Roadys Truck Stop #551,6390 US-287 Exit 203,Arcanum,OH,34,3.231
606273,TA Travel Center #1938,8176 US-287 Exit 242,Winston Salem,NC,72,3.237
606274,Flying J #5076,733 State Hwy 6 Exit 277,Rolla,ND,280,3.296
606275,Road Ranger #7305,8228 I-80 Exit 247,Daykin,NE,397,3.422
606276,AMBEST #3351,9079 State Hwy 6 Exit 200,Zeeland,MI,282,2.839
606277,Bosselman Travel Center #8066,1006 State Hwy 6 Exit 107,Biddeford,ME,374,2.938
606278,Loves Travel Stop #8904,365 I-10 Exit 388,Cleves,OH,262,3.619
606279,Bosselman Travel Center #3446,1880 State Hwy 6 Exit 310,Lindsborg,KS,259,3.372
606280,Flying J #8265,9544 I-95 Exit 381,Glen Rock,NJ,191,3.351
606281,Flying J #5038,2291 I-10 Exit 326,Lake Of The Pines,CA,15,3.726
606282,Pilot Travel Center #7578,3773 US-287 Exit 88,Roseburg,OR,203,4.068
606283,QuikTrip #5296,6465 US-287 Exit 91,Erma,NJ,319,3.339
606284,AMBEST #8932,222 US-287 Exit 125,Silver Springs,FL,333,2.780
606285,Pilot Travel Center #3287,6608 I-40 Exit 5,Tillatoba,MS,9,3.206
606286,AMBEST #431,5544 I-40 Exit 2,Jefferson,IA,12,2.951
606287,Loves Travel Stop #9339,5696 I-40 Exit 24,Despard,WV,320,3.145
606288,QuikTrip #2878,6576 US-287 Exit 215,Abbott,TX,74,2.853
606289,QuikTrip #1767,6943 State Hwy 6 Exit 180,Montrose,NY,67,3.185
606290,Flying J #5561,4405 I-40 Exit 190,Bay Hill,FL,255,2.833
606291,Road Ranger #2680,3949 I-95 Exit 254,Saint Rose,IL,134,3.187
606292,Petro Stopping Center #2543,5430 I-95 Exit 302,Dill City,OK,50,3.428
606293,Bosselman Travel Center #9621,5275 I-95 Exit 252,Portland,MI,387,2.917
606294,Loves Travel Stop #9509,8827 US-287 Exit 217,Holly Springs,MS,349,3.517
606295,Sapp Bros #6304,3561 I-10 Exit 57,Bolton,VT,203,3.237
606296,AMBEST #9284,9174 I-95 Exit 302,Kingston,OK,133,3.090
606297,AMBEST #8862,9476 State Hwy 6 Exit 286,Campti,LA,314,2.914
606298,QuikTrip #2170,7154 I-80 Exit 355,Alpine Northeast,WY,362,3.813
606299,Sapp Bros #2288,8604 I-95 Exit 71,Red Oaks Mill,NY,258,3.355
606300,TA Travel Center #3617,1695 US-287 Exit 99,Glendo,WY,340,3.406
606301,Road Ranger #724,2591 US-287 Exit 77,Carbonate,CO,21,3.515
606302,Bosselman Travel Center #8565,596 US-287 Exit 83,Bell Center,WI,344,3.119
606303,Roadys Truck Stop #9502,9067 I-40 Exit 278,Vadnais Heights,MN,245,2.790
606304,Flying J #4383,6279 State Hwy 6 Exit 337,Dixon,KY,1,2.960
606305,Bosselman Travel Center #9695,7367 I-10 Exit 259,Monterey,IN,384,3.069
606306,Roadys Truck Stop #1258,6377 I-40 Exit 128,Williams,OR,61,3.945
606307,AMBEST #2579,2084 State Hwy 6 Exit 271,Monroeville,OH,274,2.927
606308,Road Ranger #8624,1515 State Hwy 6 Exit 331,Osino,NV,95,3.406
606309,Roadys Truck Stop #7020,6695 I-95 Exit 261,Anna Maria,FL,244,2.914
606310,TA Travel Center #3973,3829 I-95 Exit 148,Sunnyside,WA,156,4.205
606311,Petro Stopping Center #6649,1220 I-40 Exit 236,Fleming Neon,KY,291,2.998
606312,Petro Stopping Center #9830,6129 I-10 Exit 235,Miles,IA,35,2.676
606313,AMBEST #1464,7326 I-40 Exit 151,Rockvale,TN,316,3.269
606314,Petro Stopping Center #1264,6054 I-80 Exit 198,Venice,FL,63,2.872
606315,Petro Stopping Center #5587,1278 I-10 Exit 341,Jugtown,PA,329,3.358
606316,Flying J #1313,3855 I-80 Exit 49,Walsenburg,CO,351,3.128
606317,Kwik Trip #1898,6276 State Hwy 6 Exit 21,Brazos,NM,155,3.412
606318,Sapp Bros #6541,1876 I-40 Exit 30,Gum Springs,AR,250,2.950
606319,TA Travel Center #7175,1114 State Hwy 6 Exit 195,Amboy,WA,263,3.853
606320,Roadys Truck Stop #4869,1028 I-10 Exit 218,Torrance,CA,148,3.536
606321,Pilot Travel Center #943,5613 I-95 Exit 392,Whitehawk,CA,381,3.939
606322,Petro Stopping Center #5786,1788 I-10 Exit 69,Matlock,IA,258,3.113
606323,TA Travel Center #8001,2395 I-95 Exit 134,Daly City,CA,82,4.021
606324,Loves Travel Stop #1904,7026 State Hwy 6 Exit 391,Bee,NE,146,3.002
606325,Bosselman Travel Center #7893,2758 I-10 Exit 139,Hanson,KY,269,3.049
606326,Sapp Bros #9947,5369 State Hwy 6 Exit 154,Scottsburg,VA,358,2.745
606327,Kwik Trip #6092,1878 I-80 Exit 106,Lazy Lake,FL,256,2.808
606328,Flying J #3763,4288 US-287 Exit 283,Carbon Hill,IL,96,3.272
606329,Flying J #9083,8834 I-40 Exit 258,Cimarron Hills,CO,251,3.517
606330,Roadys Truck Stop #7294,5744 State Hwy 6 Exit 288,Peppermill Village,MD,400,3.216
606331,Bosselman Travel Center #2327,9993 I-10 Exit 94,Hillman,MN,159,3.027
606332,Kwik Trip #624,7840 I-80 Exit 169,Los Centenarios,TX,241,2.926
606333,AMBEST #9447,7350 US-287 Exit 324,Matoaca,VA,38,3.108
606334,Petro Stopping Center #6953,3174 State Hwy 6 Exit 256,Winnebago,NE,336,3.284
606335,Roadys Truck Stop #2576,1802 I-80 Exit 352,Tamassee,SC,223,3.102
606336,Bosselman Travel Center #4771,9768 US-287 Exit 137,Toomsboro,GA,239,2.843
606337,AMBEST #3101,8269 I-80 Exit 160,Castleton,VT,182,3.030
606338,Bosselman Travel Center #9722,9672 I-95 Exit 396,Maple Park,IL,256,3.275
606339,Sapp Bros #1203,1815 I-95 Exit 147,Cottonwood Falls,KS,271,3.000
606340,Flying J #3745,6612 I-80 Exit 316,Fredericksburg,IA,290,3.039
606341,Roadys Truck Stop #593,1198 US-287 Exit 140,Fort Dix,NJ,253,3.399
606342,Road Ranger #9567,9496 I-10 Exit 235,Tamaroa,IL,254,3.336
606343,AMBEST #1332,9527 US-287 Exit 323,Waubeka,WI,140,3.038
606344,Road Ranger #6532,1386 US-287 Exit 20,Hallstead,PA,315,3.242
606345,QuikTrip #7533,5161 I-40 Exit 261,Orange Beach,AL,145,3.272
606346,Roadys Truck Stop #4229,572 US-287 Exit 127,Mingoville,PA,186,3.308
606347,TA Travel Center #9896,3721 I-80 Exit 70,Biscayne Park,FL,237,2.720
606348,Flying J #1066,5434 State Hwy 6 Exit 93,South Venice,FL,62,3.098
606349,Kwik Trip #7157,4671 US-287 Exit 348,Radford,VA,114,3.176
606350,Roadys Truck Stop #1352,7779 US-287 Exit 294,Mifflinburg,PA,290,3.221
606351,Flying J #4653,5755 I-10 Exit 84,Lexington,VA,86,2.664
606352,Loves Travel Stop #8574,276 US-287 Exit 161,Picture Rocks,PA,136,3.229
606353,QuikTrip #932,1011 I-10 Exit 213,Hewitt,WI,387,2.944
606354,Flying J #174,2402 I-95 Exit 214,Triumph,IL,335,3.024
606355,TA Travel Center #507,5757 I-10 Exit 210,Butterfield,MN,332,3.128
606356,Petro Stopping Center #885,9580 State Hwy 6 Exit 209,Armstrong,IA,76,3.496
606357,Kwik Trip #2737,7362 I-40 Exit 339,Kanawha,WV,82,3.067
606358,TA Travel Center #6820,4109 I-40 Exit 11,Bertha,MN,375,2.927
606359,Bosselman Travel Center #6750,9046 State Hwy 6 Exit 89,Sangrey,MT,192,3.721
606360,QuikTrip #8175,4234 I-95 Exit 272,Nash,TX,370,2.975
606361,Loves Travel Stop #6906,8418 I-80 Exit 6,North Highlands,CA,143,3.883
606362,Loves Travel Stop #2311,7664 State Hwy 6 Exit 112,Glenwillow,OH,58,3.412
606363,QuikTrip #7699,4950 I-10 Exit 87,Park Forest,IL,348,2.865
606364,AMBEST #4439,3201 State Hwy 6 Exit 279,Rockham,SD,349,3.264
606365,Kwik Trip #7807,2722 US-287 Exit 71,Druid Hills,GA,237,2.845
606366,Petro Stopping Center #509,6363 US-287 Exit 30,Madrid,AL,371,3.231
606367,Sapp Bros #9046,231 I-10 Exit 293,Miami Springs,FL,327,2.883
606368,Petro Stopping Center #7328,877 US-287 Exit 313,Fancy Farm,KY,325,3.107
606369,Petro Stopping Center #9109,9196 State Hwy 6 Exit 174,Sadorus,IL,98,3.066
606370,AMBEST #3643,3049 I-95 Exit 326,Bolivar,WV,152,3.029
606371,Sapp Bros #6261,8996 I-95 Exit 346,North San Pedro,TX,294,3.043
606372,Kwik Trip #1168,7960 I-40 Exit 19,Conestee,SC,281,3.120
606373,TA Travel Center #2443,9036 I-40 Exit 290,Prince George,VA,138,3.160
606374,Bosselman Travel Center #7964,7595 US-287 Exit 327,Wamac,IL,324,3.104
606375,Bosselman Travel Center #4160,3557 State Hwy 6 Exit 227,Epworth,GA,399,2.875
606376,Kwik Trip #4721,5689 US-287 Exit 298,Opdyke,IL,17,3.020
606377,AMBEST #9013,6819 State Hwy 6 Exit 325,West Stewartstown,NH,269,3.297
606378,TA Travel Center #3907,1813 I-10 Exit 373,Cassville,MO,51,3.159
606379,Bosselman Travel Center #6775,8286 I-10 Exit 204,Oakville,MO,344,3.036
606380,Kwik Trip #4185,4090 US-287 Exit 194,Aldine,TX,195,3.135
606381,Flying J #8594,8548 I-10 Exit 392,Cienega Springs,AZ,86,3.651
606382,QuikTrip #244,6638 I-10 Exit 324,El Lago,TX,298,2.920
606383,QuikTrip #8277,7571 State Hwy 6 Exit 121,Tarsney Lakes,MO,17,2.925
606384,TA Travel Center #9586,8385 US-287 Exit 31,Nibbe,MT,231,3.479
606385,QuikTrip #738,2392 I-80 Exit 222,Pellston,MI,277,3.183
606386,AMBEST #4347,7026 I-80 Exit 199,Menifee,AR,342,3.061
606387,Flying J #2417,412 I-40 Exit 177,Cerulean,KY,154,2.986
606388,Petro Stopping Center #9707,1590 I-10 Exit 90,De Smet,SD,328,3.259
606389,TA Travel Center #8891,6894 I-10 Exit 229,Indian Rocks Beach,FL,97,3.139
606390,Road Ranger #2077,9552 US-287 Exit 294,Barnhill,OH,77,3.222
606391,AMBEST #6904,5326 I-10 Exit 54,Fall Creek,WI,61,2.869
606392,Kwik Trip #1010,3001 I-40 Exit 93,North Washington,PA,333,3.039
606393,Flying J #1609,5410 I-10 Exit 331,Saint Ansgar,IA,86,3.326
606394,AMBEST #9044,314 I-95 Exit 211,Upper Arlington,OH,36,3.238
606395,TA Travel Center #5186,2628 I-40 Exit 58,Lake Waynoka,OH,282,3.003
606396,Road Ranger #3891,5417 I-10 Exit 369,Vernon,WI,305,2.754
606397,QuikTrip #3779,296 I-95 Exit 267,Cornish,OK,28,2.933
606398,QuikTrip #3188,8614 I-40 Exit 53,Colbert,OK,214,3.164
606399,Road Ranger #5642,9154 US-287 Exit 186,Friendship,NY,215,3.190
606400,Sapp Bros #4821,213 I-10 Exit 185,Westmont,PA,116,3.325
606401,Roadys Truck Stop #112,6649 US-287 Exit 217,Henniker,NH,260,3.233
606402,AMBEST #236,9952 I-95 Exit 399,Mcleansville,NC,187,3.129
606403,AMBEST #2682,1680 State Hwy 6 Exit 361,Delano,PA,242,3.225
606404,Roadys Truck Stop #2231,2541 I-95 Exit 96,Valley,WA,117,4.105
606405,Road Ranger #4739,6852 State Hwy 6 Exit 55,Kahlotus,WA,277,3.758
606406,AMBEST #7310,3206 I-80 Exit 232,Deering,MO,153,3.210
606407,Flying J #515,7374 State Hwy 6 Exit 372,East Stroudsburg,PA,344,2.909
606408,QuikTrip #4230,186 I-40 Exit 51,Chandler,MN,325,2.952
606409,Kwik Trip #5013,7705 I-10 Exit 332,Vancouver,WA,219,4.109
606410,Road Ranger #6091,3230 US-287 Exit 293,Geraldine,MT,193,3.468
606411,Pilot Travel Center #7370,1533 I-80 Exit 141,Powhattan,KS,28,2.973
606412,QuikTrip #6368,5976 I-10 Exit 80,Allensworth,CA,15,3.690
606413,AMBEST #5786,6350 I-80 Exit 95,Cairnbrook,PA,352,3.026
606414,Kwik Trip #1070,3172 I-10 Exit 265,Lawrenceville,VA,271,3.226
606415,Loves Travel Stop #4866,4020 State Hwy 6 Exit 53,Concrete,WA,31,4.144
606416,Sapp Bros #8669,3165 State Hwy 6 Exit 31,West Bountiful,UT,303,3.413
606417,Roadys Truck Stop #686,528 I-10 Exit 233,Silver City,NC,162,3.275
606418,Bosselman Travel Center #7538,5606 I-80 Exit 83,Eureka,NC,38,3.124
606419,QuikTrip #8397,246 State Hwy 6 Exit 210,Salina,UT,253,3.411
606420,Kwik Trip #1251,8481 I-95 Exit 103,Homosassa,FL,6,3.018
606421,Road Ranger #1199,6634 I-80 Exit 354,Lemon Hill,CA,343,4.122
606422,Roadys Truck Stop #8329,4549 I-80 Exit 218,Coolidge,AZ,124,3.458
606423,Flying J #7260,1443 I-95 Exit 301,Tuscumbia,MO,49,3.209
606424,Bosselman Travel Center #7235,6060 State Hwy 6 Exit 84,Sugar Bush Knolls,OH,239,3.068
606425,TA Travel Center #9111,8168 I-95 Exit 58,Springfield,LA,337,2.937
606426,Petro Stopping Center #1974,5085 State Hwy 6 Exit 195,Coburg,IA,95,2.800
606427,AMBEST #3986,8444 I-40 Exit 81,Mount Carmel,TN,202,3.122
606428,Bosselman Travel Center #4841,6771 I-40 Exit 286,Formoso,KS,219,2.981
606429,QuikTrip #8027,1536 I-10 Exit 209,Rosita,TX,392,3.083
606430,Petro Stopping Center #6980,951 US-287 Exit 339,Allendale,CA,345,4.031
606431,Bosselman Travel Center #9580,1526 I-80 Exit 301,Brookland,AR,339,3.190
606432,Flying J #2478,2510 I-95 Exit 16,Oakwood Hills,IL,378,3.005
606433,AMBEST #2841,7438 I-95 Exit 262,Moore Station,TX,3,3.087
606434,Flying J #4971,8058 I-80 Exit 383,Chatsworth,IL,22,2.774
606435,Bosselman Travel Center #7210,8128 I-80 Exit 276,Bobtown,PA,372,3.227
606436,Sapp Bros #1206,7163 US-287 Exit 108,Waldron,AR,228,2.951
606437,Roadys Truck Stop #7593,512 I-80 Exit 320,Saumsville,VA,370,3.241
606438,Bosselman Travel Center #9856,1506 US-287 Exit 119,Kingston,TN,279,2.946
606439,Flying J #7348,5330 I-40 Exit 176,Bessemer,MI,113,3.529
606440,Flying J #3583,6257 I-40 Exit 53,Windom,TX,151,3.078
606441,Roadys Truck Stop #8124,1932 US-287 Exit 39,La Mesa,CA,43,3.836
606442,Kwik Trip #8557,9216 I-10 Exit 95,Arkadelphia,AR,250,2.965
606443,Pilot Travel Center #4045,2708 I-10 Exit 87,Mapleton,OR,152,3.897
606444,Flying J #6270,738 US-287 Exit 100,Pawhuska,OK,230,2.854
606445,Petro Stopping Center #5741,6148 State Hwy 6 Exit 331,Estelline,TX,203,2.616
606446,Road Ranger #4151,9434 US-287 Exit 10,Bloomington,TX,275,3.259
606447,Loves Travel Stop #9455,2234 State Hwy 6 Exit 170,Misquamicut,RI,260,3.124
606448,Kwik Trip #2673,8106 State Hwy 6 Exit 189,Massapequa,NY,304,2.954
606449,Petro Stopping Center #7501,9989 I-80 Exit 88,Green Lane,PA,238,2.936
606450,Loves Travel Stop #9781,2571 US-287 Exit 335,River Heights,UT,193,3.306
606451,QuikTrip #5916,5255 State Hwy 6 Exit 316,Marion,NC,323,2.942
606452,Loves Travel Stop #1269,9941 I-80 Exit 164,Diaperville,WI,61,3.232
606453,QuikTrip #602,9148 State Hwy 6 Exit 57,Pretty Bayou,FL,214,2.901
606454,Loves Travel Stop #7763,911 I-80 Exit 349,Warrington,IN,225,3.271
606455,Roadys Truck Stop #1218,3654 US-287 Exit 84,Viola,TN,148,3.292
606456,Roadys Truck Stop #9607,4608 US-287 Exit 124,Sandersville,MS,360,3.363
606457,Road Ranger #9010,4341 US-287 Exit 176,Bonney,TX,153,3.112
606458,AMBEST #7709,2287 US-287 Exit 140,Lehigh Acres,FL,328,3.151
606459,QuikTrip #5765,3422 I-95 Exit 322,Orleans,MA,284,2.865
606460,Road Ranger #2277,652 I-40 Exit 145,Peppertown,IN,266,3.153
606461,TA Travel Center #2851,3358 State Hwy 6 Exit 313,Fort Atkinson,IA,93,2.963
606462,AMBEST #9938,6344 I-95 Exit 211,Herculaneum,MO,342,3.227
606463,Sapp Bros #236,6317 State Hwy 6 Exit 14,Vineyard Haven,MA,62,3.139
606464,Sapp Bros #5617,8719 State Hwy 6 Exit 182,Clyde,KS,49,3.087
606465,Loves Travel Stop #5773,577 I-80 Exit 166,Wachapreague,VA,187,3.002
606466,Kwik Trip #1015,939 State Hwy 6 Exit 205,El Rancho,CA,336,3.782
606467,Pilot Travel Center #5924,7036 I-10 Exit 390,Lock Springs,MO,248,2.777
606468,AMBEST #1819,3176 State Hwy 6 Exit 10,Stowe,PA,21,3.120
606469,Kwik Trip #4579,3603 I-95 Exit 18,D Hanis,TX,13,3.242
606470,Flying J #9973,3933 State Hwy 6 Exit 272,Hoffman,OK,71,2.958
606471,Flying J #7012,9685 I-10 Exit 59,Syracuse,NE,7,2.932
606472,QuikTrip #8739,7520 I-80 Exit 34,Hartsdale,NY,296,2.947
606473,Loves Travel Stop #6381,3342 I-10 Exit 4,Minco,OK,353,2.991
606474,Loves Travel Stop #7178,5514 I-40 Exit 215,Iona,ID,279,3.397
606475,Pilot Travel Center #611,4520 State Hwy 6 Exit 95,Hillside Lake,NY,53,3.026
606476,AMBEST #622,434 I-95 Exit 107,Delco,NC,170,3.158
606477,Kwik Trip #7472,1417 State Hwy 6 Exit 31,Kelso,MO,96,3.301
606478,Sapp Bros #5467,6077 I-40 Exit 335,Woodbury,PA,56,3.098
606479,Road Ranger #9005,7491 I-95 Exit 297,Madisonburg,PA,7,3.138
606480,Sapp Bros #3167,9756 I-95 Exit 393,Osmond,WY,135,3.526
606481,TA Travel Center #3784,2247 US-287 Exit 178,York Haven,PA,340,3.053
606482,AMBEST #3324,4321 I-95 Exit 88,Ellwood City,PA,352,3.394
606483,Flying J #2952,1472 I-80 Exit 347,Geistown,PA,155,3.089
606484,Sapp Bros #8543,3423 I-80 Exit 355,Lexington,IL,9,3.106
606485,Flying J #6651,1296 I-80 Exit 70,Binghamton University,NY,72,3.459
606486,Road Ranger #9596,340 US-287 Exit 333,Othello,NJ,345,3.033
606487,Road Ranger #8022,4419 US-287 Exit 255,Nicholasville,KY,336,3.077
606488,AMBEST #8513,1769 I-40 Exit 16,Brackenridge,PA,380,3.067
606489,QuikTrip #9214,318 I-10 Exit 286,Haverhill,IA,250,2.954
606490,Kwik Trip #5096,5663 I-80 Exit 102,Coalton,IL,149,3.154
606491,AMBEST #3232,4071 US-287 Exit 348,Surf City,NJ,398,2.938
606492,QuikTrip #745,1243 I-10 Exit 38,Blanco,OK,260,3.085
606493,AMBEST #851,3363 I-80 Exit 380,Dillon,CO,205,3.467
606494,Flying J #7977,5444 I-40 Exit 216,Bridge City,TX,12,2.895
606495,Sapp Bros #1085,3715 I-80 Exit 370,Pedricktown,NJ,192,3.410
606496,Loves Travel Stop #6573,3971 I-10 Exit 339,Smyrna,GA,396,3.252
606497,QuikTrip #9215,4812 US-287 Exit 349,Pine Crest,TN,231,2.955
606498,TA Travel Center #5853,4050 I-40 Exit 126,Ontario,WI,137,3.029
606499,AMBEST #2158,7193 I-40 Exit 87,Medora,ND,226,3.447
606500,TA Travel Center #6677,2239 State Hwy 6 Exit 70,Maurice,IA,326,3.049
606501,Kwik Trip #7701,526 I-80 Exit 95,Snohomish,WA,310,3.918
606502,Bosselman Travel Center #8115,5511 I-40 Exit 36,Marcellus,MI,2,3.127
606503,TA Travel Center #9415,3984 I-95 Exit 323,Scio,OH,360,3.082
606504,Bosselman Travel Center #6864,5866 State Hwy 6 Exit 240,Mingo,IA,286,3.123
606505,Bosselman Travel Center #5970,6323 US-287 Exit 380,Mehan,OK,182,2.896
606506,Kwik Trip #1598,7336 I-40 Exit 108,Dry Run,OH,20,2.913
606507,Flying J #2736,9818 I-80 Exit 288,Panthersville,GA,150,2.936
606508,Loves Travel Stop #3573,9026 US-287 Exit 378,Mansfield,SD,105,3.492
606509,Flying J #2193,1629 I-80 Exit 118,New Home,TX,392,3.268
606510,Pilot Travel Center #4840,2813 I-95 Exit 170,Mountain Lake,NJ,193,3.103
606511,Pilot Travel Center #3211,573 I-80 Exit 306,Thornville,OH,102,2.987
606512,Kwik Trip #8134,3092 I-40 Exit 87,De Soto,MO,13,2.857
606513,QuikTrip #5925,2609 I-40 Exit 11,Abie,NE,356,3.224
606514,Bosselman Travel Center #3571,1473 I-95 Exit 222,Centerville,AR,4,3.172
606515,Roadys Truck Stop #2755,3750 I-10 Exit 60,Toston,MT,137,3.618
606516,Petro Stopping Center #3884,8184 I-80 Exit 4,Timberville,VA,180,3.260
606517,Flying J #5869,6977 I-80 Exit 250,Renovo,PA,212,3.097
606518,Bosselman Travel Center #8130,6357 I-80 Exit 396,Exeland,WI,325,3.182
606519,TA Travel Center #5429,2347 State Hwy 6 Exit 337,New Lebanon,IN,126,2.783
606520,QuikTrip #4339,9100 I-95 Exit 46,Dolliver,IA,119,2.885
606521,Bosselman Travel Center #1650,4593 I-80 Exit 5,Tarlton,OH,119,3.234
606522,Roadys Truck Stop #5180,1125 US-287 Exit 128,Lansdowne,VA,36,3.043
606523,Petro Stopping Center #575,1765 I-80 Exit 302,Kinsman,IL,271,2.848
606524,Petro Stopping Center #2750,6128 I-80 Exit 364,Eckhart Mines,MD,400,2.978
606525,Flying J #7668,1792 I-95 Exit 301,Neah Bay,WA,131,4.219
606526,Kwik Trip #4719,294 I-95 Exit 358,Boyceville,WI,322,2.946
606527,Kwik Trip #8397,6110 State Hwy 6 Exit 345,Harperville,MS,114,2.897
606528,Kwik Trip #5599,2534 I-40 Exit 78,Emery,SD,389,3.189
606529,Pilot Travel Center #900,4799 I-10 Exit 47,Summerfield,OH,207,3.055
606530,Road Ranger #5992,1622 US-287 Exit 181,Jeffersonville,IL,291,3.279
606531,Roadys Truck Stop #4387,8953 State Hwy 6 Exit 17,Mineral,CA,97,3.899
606532,Loves Travel Stop #8582,7689 I-40 Exit 123,Dunning,NE,315,3.176
606533,Sapp Bros #769,9079 I-95 Exit 281,Walton,NY,265,3.046
606534,AMBEST #6043,4442 I-40 Exit 70,North Gates,NY,376,3.407
606535,Loves Travel Stop #6847,9524 I-95 Exit 356,Randolph,ME,24,3.301
606536,Flying J #5711,6482 I-80 Exit 351,Amagansett,NY,365,2.969
606537,Roadys Truck Stop #2497,2440 US-287 Exit 351,Macedonia,IL,148,2.962
606538,Roadys Truck Stop #5565,6060 State Hwy 6 Exit 63,Hydesville,CA,187,3.954
606539,AMBEST #8145,7483 I-80 Exit 118,Hilltop,TX,174,2.906
606540,QuikTrip #2264,7659 US-287 Exit 353,Mountain View,CA,282,3.542
606541,Petro Stopping Center #7560,9850 I-10 Exit 96,Mcgovern,PA,240,3.235
606542,Bosselman Travel Center #4448,4658 State Hwy 6 Exit 51,Darlington,MO,231,3.124
606543,Flying J #5266,3811 State Hwy 6 Exit 29,Aurora,OR,215,3.881
606544,Petro Stopping Center #8266,144 State Hwy 6 Exit 371,Alexandria Bay,NY,357,2.989
606545,QuikTrip #5135,177 I-95 Exit 380,Hewlett Bay Park,NY,33,3.018
606546,TA Travel Center #8410,7558 I-10 Exit 28,Keokuk,IA,12,2.931
606547,Road Ranger #7431,1164 I-40 Exit 14,Napa,CA,220,4.026
606548,TA Travel Center #3284,2474 US-287 Exit 345,Terrace Park,OH,387,3.000
606549,Kwik Trip #6602,9326 I-95 Exit 322,Menlo,IA,262,3.151
606550,Kwik Trip #8873,1717 US-287 Exit 269,Mount Vernon,KY,154,3.030
606551,Kwik Trip #9997,5192 State Hwy 6 Exit 352,Spaulding,IL,169,3.059
606552,TA Travel Center #4643,2959 I-80 Exit 307,Earlington,KY,211,3.316
606553,Pilot Travel Center #7054,1449 I-80 Exit 285,Dumb Hundred,PA,93,3.101
606554,Road Ranger #2696,5225 I-80 Exit 353,Corwin Springs,MT,40,3.495
606555,Kwik Trip #6847,7154 State Hwy 6 Exit 265,Kirkwood,PA,74,3.164
606556,Bosselman Travel Center #6761,8013 US-287 Exit 221,Calpella,CA,369,4.220
606557,QuikTrip #6849,6176 I-95 Exit 149,Teaticket,MA,351,3.227
606558,QuikTrip #9226,7838 I-10 Exit 339,Farmers Branch,TX,272,2.953
606559,Sapp Bros #5573,9762 I-10 Exit 228,Fort Peck,MT,57,3.775
606560,Kwik Trip #7987,2245 US-287 Exit 367,Winnsboro,TX,266,2.785
606561,Loves Travel Stop #8786,7368 I-40 Exit 222,Zaleski,OH,102,3.121
606562,QuikTrip #4387,7387 I-80 Exit 363,Coker,AL,211,3.247
606563,QuikTrip #3568,2788 State Hwy 6 Exit 383,Old Hundred,NC,266,3.165
606564,Sapp Bros #3740,6636 US-287 Exit 25,Winnett,MT,248,3.640
606565,Road Ranger #6519,2285 I-40 Exit 358,Elsie,MI,323,3.298
606566,Kwik Trip #2633,573 State Hwy 6 Exit 158,Gallant,AL,323,2.652
606567,Bosselman Travel Center #5374,6795 I-80 Exit 380,Loganton,PA,143,3.199
606568,TA Travel Center #4682,5728 I-95 Exit 376,Alamogordo,NM,56,3.387
606569,Road Ranger #2213,4034 I-10 Exit 38,Pine Beach,NJ,147,3.041
606570,TA Travel Center #1440,5858 I-95 Exit 76,Ferryville,WI,176,3.053
606571,Petro Stopping Center #5700,2020 US-287 Exit 113,Golden View Colony,SD,157,3.266
606572,Sapp Bros #1098,1027 I-95 Exit 373,Markham,WA,196,4.358
606573,AMBEST #9998,9734 I-80 Exit 19,Longford,KS,179,3.239
606574,Road Ranger #1326,5995 I-95 Exit 156,Lyden,NM,385,3.401
606575,Bosselman Travel Center #2343,9003 I-80 Exit 145,Twelve Mile,IN,297,3.046
606576,Sapp Bros #2319,7350 I-40 Exit 215,Burbank,OK,6,3.297
606577,QuikTrip #8003,1317 US-287 Exit 308,Virginia City,NV,246,3.696
606578,Roadys Truck Stop #1850,8172 I-10 Exit 24,Searingtown,NY,121,3.145
606579,TA Travel Center #5219,2937 I-80 Exit 117,Sunset Bay,NY,145,3.276
606580,AMBEST #7588,9721 I-10 Exit 395,Madisonville,TN,78,3.115
606581,Road Ranger #1407,1824 State Hwy 6 Exit 31,Bayfield,WI,19,3.055
606582,Bosselman Travel Center #6545,318 I-95 Exit 13,Finlayson,MN,49,3.247
606583,TA Travel Center #7831,2080 State Hwy 6 Exit 88,Sac City,IA,20,2.909
606584,Pilot Travel Center #2662,7387 I-40 Exit 330,Twin Brooks,SD,295,3.101
606585,Petro Stopping Center #3316,1589 US-287 Exit 88,Wareham Center,MA,60,3.350
606586,Bosselman Travel Center #8125,2110 State Hwy 6 Exit 268,Glen,MS,214,3.194
606587,Road Ranger #3099,5752 I-10 Exit 206,Hickory Corners,MI,356,3.196
606588,Flying J #7026,9199 I-95 Exit 205,Berlin,ND,140,3.108
606589,AMBEST #6422,5639 I-10 Exit 10,Tyler,MN,146,3.165
606590,Roadys Truck Stop #186,6893 I-80 Exit 266,Conneautville,PA,180,2.933
606591,Flying J #6426,8092 US-287 Exit 310,Soudan,MN,88,2.872
606592,Kwik Trip #7802,1350 I-40 Exit 356,Beverly Beach,FL,104,2.865
606593,Road Ranger #6831,3924 US-287 Exit 395,Whitmire,SC,148,3.056
606594,Flying J #2026,1610 I-10 Exit 73,Huntington Park,CA,352,3.757
606595,QuikTrip #952,7256 I-10 Exit 147,Millstadt,IL,164,2.936
606596,Kwik Trip #3455,9458 I-10 Exit 336,Leisure Knoll,NJ,291,3.408
606597,Pilot Travel Center #4672,9580 State Hwy 6 Exit 311,Wautoma,WI,366,3.227
606598,Road Ranger #3536,3797 State Hwy 6 Exit 301,Nanafalia,AL,312,3.068
606599,Loves Travel Stop #6729,1262 I-95 Exit 172,Deweyville,TX,367,3.218
606600,Roadys Truck Stop #7293,957 State Hwy 6 Exit 132,Athens,LA,145,3.009
606601,Pilot Travel Center #9889,3536 I-40 Exit 360,Amherst Junction,WI,387,3.046
606602,Road Ranger #1522,4867 I-40 Exit 197,New Windsor,MD,300,3.241
606603,Road Ranger #2615,6519 I-40 Exit 23,La Habra,CA,177,3.623
606604,Flying J #5795,8103 US-287 Exit 20,South Hill,NY,286,3.316
606605,Kwik Trip #5626,1851 State Hwy 6 Exit 158,Sinai,SD,136,3.054
606606,Flying J #8735,9043 I-80 Exit 162,K Bar Ranch,TX,277,3.458
606607,AMBEST #3065,4120 I-10 Exit 180,Batesville,IN,176,3.148
606608,Flying J #4119,8871 I-40 Exit 197,Presidential Lakes Estates,NJ,392,3.176
606609,Loves Travel Stop #8215,7944 I-95 Exit 308,Santa Claus,IN,263,2.934
606610,Flying J #8853,1516 I-40 Exit 6,Saint Marys,PA,204,3.040
606611,Flying J #1863,143 US-287 Exit 306,Owings,MD,324,3.044
606612,Pilot Travel Center #7662,6700 I-40 Exit 131,Reo,IN,3,2.770
606613,AMBEST #4406,8531 State Hwy 6 Exit 260,Utica,PA,240,3.284
606614,Bosselman Travel Center #1072,7984 I-80 Exit 116,Varnell,GA,285,3.192
606615,TA Travel Center #1848,1032 I-95 Exit 94,Lakeview Estates,GA,28,3.095
606616,Petro Stopping Center #9978,8711 I-95 Exit 71,Kirkland,WA,60,3.951
606617,AMBEST #6356,9189 US-287 Exit 12,Boyne Falls,MI,294,3.558
606618,Kwik Trip #9965,4678 State Hwy 6 Exit 319,Canastota,NY,99,3.025
606619,Bosselman Travel Center #8634,3700 I-10 Exit 198,Lisbon,LA,132,3.198
606620,AMBEST #7005,1950 I-40 Exit 314,Richmond,LA,219,2.873
606621,Pilot Travel Center #3719,3933 I-95 Exit 373,Berthoud,CO,80,3.617
606622,AMBEST #3533,9155 I-10 Exit 363,Rake,IA,85,2.976
606623,TA Travel Center #4027,6227 I-80 Exit 235,Gary City,TX,163,2.909
606624,TA Travel Center #7719,708 US-287 Exit 314,Shenandoah,TX,68,3.172
606625,AMBEST #5293,560 I-10 Exit 34,La Escondida,TX,279,3.199
606626,Kwik Trip #7379,2584 I-40 Exit 210,Lisbon,IA,316,2.908
606627,Roadys Truck Stop #5997,7330 State Hwy 6 Exit 208,East Lansdowne,PA,250,3.352
606628,QuikTrip #9058,8364 State Hwy 6 Exit 63,Success,AR,98,2.942
606629,Pilot Travel Center #8494,4264 I-95 Exit 108,Skelp,PA,309,3.077
606630,Pilot Travel Center #6519,7065 I-80 Exit 67,Chauvin,LA,317,2.975
606631,Sapp Bros #7101,8425 I-95 Exit 277,Theresa,NY,193,3.033
606632,Bosselman Travel Center #4071,6665 State Hwy 6 Exit 328,Fulton,CA,10,3.968
606633,Roadys Truck Stop #1175,9394 I-10 Exit 383,Cockeysville,MD,254,3.094
606634,Flying J #8684,1359 I-10 Exit 153,Hays,KS,332,3.181
606635,Pilot Travel Center #4316,3458 I-95 Exit 277,Valley Center,CA,2,3.918
606636,Loves Travel Stop #5886,203 I-40 Exit 386,Brockport,NY,185,3.287
606637,Road Ranger #8830,3540 US-287 Exit 344,Saint Martin,MN,98,3.066
606638,AMBEST #9188,4905 I-80 Exit 170,Marsing,ID,169,3.934
606639,Roadys Truck Stop #1226,4612 I-40 Exit 377,Carney,OK,227,3.231
606640,QuikTrip #6489,561 I-40 Exit 397,Mount Angel,OR,268,3.871
606641,Road Ranger #3347,3162 US-287 Exit 245,Glenn Dale,MD,348,2.664
606642,Road Ranger #6398,9871 US-287 Exit 357,Ophir,CO,342,3.229
606643,Flying J #6098,2548 US-287 Exit 346,Harrison,WI,372,2.856
606644,Flying J #7105,947 US-287 Exit 390,Twilight,PA,367,3.257
606645,TA Travel Center #5474,9483 I-95 Exit 11,Colonial Park,PA,133,3.069
606646,Road Ranger #218,1229 I-95 Exit 124,Lily Lake,WI,294,2.849
606647,Sapp Bros #9276,9512 I-95 Exit 41,Danbury,WI,362,3.133
606648,Flying J #3154,4678 US-287 Exit 186,Yolo,CA,255,3.553
606649,Road Ranger #5189,3935 US-287 Exit 333,Hattieville,AR,94,2.970
606650,Loves Travel Stop #2683,2655 I-95 Exit 207,Limestone,NY,389,3.246
606651,Bosselman Travel Center #5569,2432 I-95 Exit 392,Pemberton,MN,365,3.169
606652,AMBEST #8312,2728 I-40 Exit 26,Rose Hill,NC,223,3.302
606653,TA Travel Center #8924,6355 I-95 Exit 178,Bandana,KY,70,3.092
606654,Road Ranger #7589,3770 US-287 Exit 306,Ipswich,MA,17,3.136
606655,Loves Travel Stop #3414,3104 I-10 Exit 328,La Jara,CO,181,3.473
606656,AMBEST #5084,4802 I-40 Exit 133,Okay,OK,261,2.893
606657,TA Travel Center #2533,4674 I-80 Exit 10,Ina,IL,94,3.233
606658,Kwik Trip #8655,9242 US-287 Exit 167,Logan,UT,228,3.414
606659,Flying J #9832,3706 I-95 Exit 251,Caney City,TX,137,3.273
606660,Pilot Travel Center #9005,5980 US-287 Exit 23,Slinger,WI,70,3.541
606661,AMBEST #6543,2679 US-287 Exit 301,Fillmore,MO,314,3.302
606662,Flying J #5291,3667 I-95 Exit 185,Hillsdale,IL,305,3.278
606663,Sapp Bros #6772,9964 I-40 Exit 239,Hardwick,MN,83,3.334
606664,Flying J #7233,8061 I-95 Exit 286,Buffalo,SC,258,2.966
606665,Bosselman Travel Center #3433,7869 I-80 Exit 200,Jarrettsville,MD,113,3.119
606666,Sapp Bros #3101,7828 State Hwy 6 Exit 103,Penn Farms,PA,240,3.052
606667,Petro Stopping Center #8985,1624 I-40 Exit 273,Plattsburgh West,NY,155,3.096
606668,Bosselman Travel Center #376,5955 I-80 Exit 295,Louisville,AL,52,3.194
606669,Kwik Trip #4755,4841 I-40 Exit 292,Keystone,WV,12,3.459
606670,Sapp Bros #5367,8552 State Hwy 6 Exit 262,Westlake,TX,79,3.236
606671,Sapp Bros #7694,3361 I-40 Exit 109,Oberlin,LA,12,3.133
606672,Pilot Travel Center #3893,7517 I-80 Exit 323,Pen Argyl,PA,178,3.396
606673,Petro Stopping Center #790,6087 I-10 Exit 120,Murfreesboro,AR,103,2.970
606674,Pilot Travel Center #1671,6940 US-287 Exit 351,Trivoli,IL,236,2.967
606675,Kwik Trip #6016,1096 I-10 Exit 214,Eldridge,CA,17,3.650
606676,Flying J #8283,1231 I-95 Exit 275,Kingstown,NC,195,2.842
606677,Sapp Bros #8386,5335 I-40 Exit 11,Meyer,IL,67,3.016
606678,Road Ranger #1240,4833 State Hwy 6 Exit 166,Shawsville,VA,134,2.798
606679,Kwik Trip #1827,9338 I-10 Exit 106,Hudson,WI,89,3.230
606680,Pilot Travel Center #6512,1198 US-287 Exit 88,Port Hadlock Irondale,WA,351,3.926
606681,Sapp Bros #587,1404 I-95 Exit 41,Pahokee,FL,225,2.564
606682,Road Ranger #7346,9342 US-287 Exit 11,Nokomis,FL,154,2.994
606683,QuikTrip #619,287 State Hwy 6 Exit 94,Metcalf,IL,72,2.935
606684,Pilot Travel Center #1344,7499 State Hwy 6 Exit 171,Cloverland,IN,313,3.367
606685,Loves Travel Stop #7716,4718 I-95 Exit 331,Hurlburt Field,FL,304,3.208
606686,TA Travel Center #3363,9323 I-80 Exit 210,Arrow Rock,MO,9,3.124
606687,Road Ranger #5149,4696 State Hwy 6 Exit 10,Apple Mountain Lake,VA,238,3.349
606688,Pilot Travel Center #6972,7197 I-40 Exit 373,Cetronia,PA,184,3.037
606689,QuikTrip #6328,5362 I-80 Exit 242,Evergreen,NC,106,2.759
606690,Kwik Trip #4135,1256 I-10 Exit 49,Rusk,TX,82,2.862
606691,Road Ranger #5429,9809 I-95 Exit 82,Weaverville,NC,72,3.099
606692,Road Ranger #9894,8880 State Hwy 6 Exit 5,Columbia,TN,57,3.000
606693,Roadys Truck Stop #2654,4869 I-10 Exit 131,Corsicana,TX,138,2.947
606694,Roadys Truck Stop #1449,3625 State Hwy 6 Exit 8,Bonner West Riverside,MT,125,3.826
606695,Petro Stopping Center #584,8967 I-10 Exit 145,Buckingham Courthouse,VA,311,2.907
606696,Loves Travel Stop #5305,827 I-80 Exit 321,Claypool,AZ,234,3.486
606697,AMBEST #4873,4065 I-95 Exit 125,Elizabethtown,PA,311,3.063
606698,Bosselman Travel Center #1758,6327 US-287 Exit 143,Sheffield,IA,162,3.027
606699,Bosselman Travel Center #4704,8947 I-40 Exit 211,Springfield,VA,69,3.307
606700,TA Travel Center #8204,5578 I-95 Exit 325,Lakeport,TX,203,3.090
606701,Pilot Travel Center #7459,2672 US-287 Exit 32,Tonkawa,OK,305,3.201
606702,AMBEST #3697,452 I-80 Exit 26,Winterville,GA,214,3.245
606703,Kwik Trip #3142,2434 I-40 Exit 165,Buffalo Grove,IL,110,3.205
606704,Petro Stopping Center #5617,2749 I-95 Exit 58,Johnstown,OH,106,2.627
606705,Petro Stopping Center #9487,7774 I-95 Exit 163,Laguna Vista,TX,229,3.314
606706,Flying J #2472,6280 State Hwy 6 Exit 44,Hibernia,NJ,17,2.943
606707,Flying J #9110,2647 I-40 Exit 61,Sherrelwood,CO,269,3.344
606708,Sapp Bros #805,2200 US-287 Exit 164,Moore Haven,FL,34,2.959
606709,Flying J #868,9337 I-10 Exit 301,Zeeland,ND,318,3.195
606710,Petro Stopping Center #3050,6774 US-287 Exit 330,Morro Bay,CA,314,3.832
606711,QuikTrip #8151,371 State Hwy 6 Exit 11,Oregon,MO,112,3.041
606712,Loves Travel Stop #5932,5987 US-287 Exit 70,Downieville,CA,249,3.967
606713,Petro Stopping Center #2610,1903 State Hwy 6 Exit 292,Benson,VT,53,2.979
606714,QuikTrip #5920,9394 US-287 Exit 59,Maryville,TN,340,2.957
606715,Bosselman Travel Center #350,4210 US-287 Exit 136,Gainesville,VA,295,3.211
606716,Road Ranger #8240,8719 I-10 Exit 76,Maskell,NE,312,3.209
606717,TA Travel Center #5027,1018 I-10 Exit 315,Fort Worth,TX,257,2.773
606718,Roadys Truck Stop #1309,1869 I-95 Exit 228,Burgoon,OH,30,3.049
606719,Pilot Travel Center #7281,4514 I-95 Exit 396,Westfield Center,OH,390,2.798
606720,Pilot Travel Center #6908,1597 I-95 Exit 21,Roswell,NM,79,3.180
606721,Pilot Travel Center #3206,1982 US-287 Exit 190,Wesleyville,PA,222,3.255
606722,Sapp Bros #3141,1987 State Hwy 6 Exit 101,Hoyleton,IL,189,2.954
606723,Bosselman Travel Center #2677,4304 I-10 Exit 144,Forestville,MD,155,3.225
606724,Pilot Travel Center #7482,7218 US-287 Exit 157,New Cumberland,WV,234,3.055
606725,Kwik Trip #8490,9560 I-40 Exit 163,White City,KS,191,2.948
606726,Bosselman Travel Center #7739,8146 US-287 Exit 349,Redbird Smith,OK,342,2.870
606727,Loves Travel Stop #5136,2284 US-287 Exit 368,Pocahontas,MO,257,3.333
606728,TA Travel Center #2699,1970 I-80 Exit 1,Shellytown,PA,400,3.121
606729,Flying J #7784,3597 State Hwy 6 Exit 7,Beatty,OR,6,3.967
606730,Flying J #2997,4101 I-80 Exit 390,Valle Hermoso,TX,320,3.144
606731,Loves Travel Stop #4821,2291 I-10 Exit 18,Walnuttown,PA,136,3.088
606732,Flying J #9482,5474 I-80 Exit 262,Pineville,KY,150,2.851
606733,Flying J #344,8020 I-40 Exit 354,Madison Heights,VA,262,2.995
606734,Bosselman Travel Center #517,4093 I-10 Exit 170,Meadow Woods,FL,57,3.134
606735,AMBEST #4512,9887 I-40 Exit 335,Rock Springs,WY,107,3.523
606736,Loves Travel Stop #4148,9425 I-80 Exit 196,Horizon City,TX,379,3.435
606737,Pilot Travel Center #5928,7853 I-80 Exit 375,Tashua,CT,390,3.269
606738,Loves Travel Stop #1264,6018 I-10 Exit 391,Hughson,CA,368,3.849
606739,Roadys Truck Stop #8121,6859 I-10 Exit 90,Milton,WA,122,3.747
606740,Kwik Trip #2272,6736 I-80 Exit 14,Heron Bay,GA,50,3.010
606741,Road Ranger #6270,1371 I-95 Exit 29,Olean,MO,97,3.358
606742,Flying J #8680,7273 I-95 Exit 390,Wanamie,PA,390,3.156
606743,Petro Stopping Center #2682,6618 I-80 Exit 346,Loyall,KY,145,3.207
606744,QuikTrip #5961,6202 I-40 Exit 171,Tornado,WV,388,3.071
606745,AMBEST #6687,8621 I-80 Exit 81,Brasher Falls,NY,96,2.955
606746,Road Ranger #9069,1197 I-80 Exit 260,Butler,MO,322,2.921
606747,Pilot Travel Center #1216,9333 I-40 Exit 240,Potomac,IL,241,3.061
606748,Road Ranger #8718,3162 State Hwy 6 Exit 238,Clinton,SC,331,2.959
606749,Loves Travel Stop #7580,9778 US-287 Exit 208,Cedar Highlands,UT,255,3.148
606750,Kwik Trip #7270,6600 State Hwy 6 Exit 63,Roxboro,NC,80,2.994
606751,Loves Travel Stop #7480,8116 I-10 Exit 377,Wardsboro,VT,380,3.054
606752,Petro Stopping Center #1875,5761 State Hwy 6 Exit 185,Ganado,TX,231,3.281
606753,Petro Stopping Center #3611,7985 US-287 Exit 308,Campbell Hill,IL,271,3.222
606754,Loves Travel Stop #3633,2483 I-95 Exit 60,Homeland,CA,259,4.013
606755,Pilot Travel Center #1653,3064 I-95 Exit 352,Riverdale Park,CA,188,3.713
606756,Petro Stopping Center #5291,7430 I-80 Exit 167,Tribune,KS,86,3.365
606757,Roadys Truck Stop #4418,671 State Hwy 6 Exit 56,Pultneyville,NY,358,3.085
606758,AMBEST #9454,1473 I-80 Exit 56,Reno,TX,22,2.940
606759,Petro Stopping Center #7167,6188 I-80 Exit 256,Ranchettes,WY,160,3.627
606760,Sapp Bros #7174,4218 US-287 Exit 144,Driggs,ID,109,3.667
606761,Loves Travel Stop #3013,9520 I-40 Exit 122,Mount Clare,IL,271,3.140
606762,Loves Travel Stop #2608,9714 US-287 Exit 231,Garfield,CO,95,3.221
606763,Bosselman Travel Center #9639,2252 State Hwy 6 Exit 395,Fairfield,WA,115,3.797
606764,AMBEST #648,9914 US-287 Exit 63,Theodore,AL,36,3.027
606765,Flying J #1461,3122 I-80 Exit 80,Gorham,NH,226,3.027
606766,Loves Travel Stop #5852,9160 US-287 Exit 399,Amidon,ND,78,2.874
606767,Sapp Bros #1482,1526 I-95 Exit 385,Hitterdal,MN,243,3.048
606768,TA Travel Center #4008,2067 I-95 Exit 169,Isle Of Hope,GA,260,2.633
606769,Flying J #1534,3655 I-80 Exit 320,O Fallon,IL,248,3.043
606770,Petro Stopping Center #571,7349 I-40 Exit 374,Bear Creek,CA,275,3.805
606771,Loves Travel Stop #4486,8862 US-287 Exit 158,Fronton,TX,118,3.150
606772,QuikTrip #4469,8628 I-10 Exit 55,Harviell,MO,288,3.017
606773,QuikTrip #3205,2000 State Hwy 6 Exit 372,Nottingham,PA,284,3.182
606774,Bosselman Travel Center #7949,7179 US-287 Exit 84,Socastee,SC,261,2.912
606775,Petro Stopping Center #6493,9110 US-287 Exit 64,Spring Lake Colony,SD,303,3.220
606776,Road Ranger #5869,8945 State Hwy 6 Exit 308,Brewster,NY,77,3.145
606777,QuikTrip #4742,2733 I-10 Exit 314,Jacksonville,VT,26,3.135
606778,Bosselman Travel Center #2059,6527 I-40 Exit 22,Camden,IN,71,3.037
606779,Kwik Trip #1443,1874 I-40 Exit 52,Peggs,OK,251,3.076
606780,Road Ranger #8233,9015 I-10 Exit 337,Highland,AR,241,3.050
606781,Flying J #7899,5002 I-95 Exit 26,Hughes,AR,192,3.209
606782,QuikTrip #161,2203 I-40 Exit 256,Lorenzo,IL,124,3.299
606783,Bosselman Travel Center #8014,1020 I-10 Exit 41,Elmo,TX,214,2.849
606784,Roadys Truck Stop #2224,9584 US-287 Exit 264,Okauchee Lake,WI,34,2.713
606785,Pilot Travel Center #7496,7943 I-40 Exit 298,Valentine,NE,203,3.156
606786,QuikTrip #4297,1186 I-10 Exit 207,Tuolumne City,CA,197,3.609
606787,Pilot Travel Center #6737,4466 I-95 Exit 174,Inkster,ND,282,3.548
606788,Kwik Trip #8963,4801 I-10 Exit 160,Arp,TX,137,2.964
606789,AMBEST #2331,4800 US-287 Exit 30,Armorel,AR,140,3.010
606790,Kwik Trip #6719,4874 US-287 Exit 114,Pinckneyville,IL,258,2.781
606791,Roadys Truck Stop #9258,4899 US-287 Exit 55,Cove Forge,PA,89,2.779
606792,QuikTrip #6908,7007 State Hwy 6 Exit 122,Wells,MN,56,3.294
606793,Sapp Bros #6143,2917 US-287 Exit 139,Lyndon,KS,48,2.978
606794,Flying J #3090,1551 I-40 Exit 78,Linden,NJ,195,2.785
606795,Kwik Trip #1890,9156 State Hwy 6 Exit 265,Center Line,MI,190,3.628
606796,Flying J #4986,5438 I-95 Exit 346,South Taft,CA,175,3.803
606797,Roadys Truck Stop #9764,8154 State Hwy 6 Exit 33,Sumner,OK,1,3.043
606798,Roadys Truck Stop #8371,9186 I-80 Exit 223,Apache Junction,AZ,358,3.722
606799,Flying J #5059,2993 US-287 Exit 94,Eagle River,WI,106,3.070
606800,Kwik Trip #7874,289 I-40 Exit 170,Naco,AZ,70,3.500
606801,Sapp Bros #1444,3535 State Hwy 6 Exit 94,Deerfield Beach,FL,244,3.236
606802,Sapp Bros #8851,6702 I-40 Exit 260,Geyserville,CA,95,3.699
606803,Loves Travel Stop #1167,4310 I-40 Exit 364,Sylva,NC,281,2.974
606804,Kwik Trip #7755,4338 I-80 Exit 212,Arcade,GA,59,3.424
606805,Sapp Bros #5205,7762 I-40 Exit 88,Silver Lake,KS,36,3.114
606806,TA Travel Center #7836,6230 State Hwy 6 Exit 323,Lockwood,CA,99,3.614
606807,Flying J #3115,642 I-40 Exit 216,Distant,PA,49,3.275
606808,Bosselman Travel Center #3756,7222 I-95 Exit 313,Virden,IL,177,3.235
606809,TA Travel Center #7793,4747 I-95 Exit 6,Fair Oaks,AR,87,3.106
606810,AMBEST #5977,2721 I-80 Exit 164,Great Notch,NJ,265,3.005
606811,AMBEST #4258,6222 I-95 Exit 222,Richmond,CA,121,3.872
606812,AMBEST #8555,5146 State Hwy 6 Exit 32,Sullivan,MO,231,2.950
606813,Petro Stopping Center #9655,1259 State Hwy 6 Exit 383,Picture Rocks,AZ,313,3.377
606814,Sapp Bros #5397,7237 I-40 Exit 100,Inglis,FL,312,2.958
606815,Roadys Truck Stop #941,5192 State Hwy 6 Exit 331,Berwyn,NE,166,3.293
606816,AMBEST #210,4856 I-80 Exit 138,Cumberland,IN,71,3.033
606817,Sapp Bros #9217,4356 State Hwy 6 Exit 192,Broseley,MO,266,3.259
606818,Flying J #4101,5651 State Hwy 6 Exit 48,Dillon Beach,CA,230,3.781
606819,Roadys Truck Stop #9061,6000 I-80 Exit 260,Chillicothe,MO,139,2.823
606820,Pilot Travel Center #8673,4525 I-10 Exit 232,Lake Seneca,OH,238,2.934
606821,TA Travel Center #7781,7519 I-80 Exit 262,North Haledon,NJ,13,3.022
606822,QuikTrip #1305,4965 I-40 Exit 13,Havre,MT,351,3.517
606823,Petro Stopping Center #6275,4303 I-40 Exit 271,Walthill,NE,255,3.081
606824,QuikTrip #3965,7178 I-40 Exit 261,Saint John,MO,269,3.021
606825,Sapp Bros #7473,5728 I-80 Exit 139,New Straitsville,OH,187,3.120
606826,Petro Stopping Center #2801,666 I-10 Exit 48,Mason,TN,57,3.105
606827,Road Ranger #8575,925 I-95 Exit 87,Hooven,OH,397,2.976
606828,Sapp Bros #4228,9307 I-10 Exit 164,Milton,IA,69,2.858
606829,Loves Travel Stop #1439,2347 I-40 Exit 356,Gladbrook,IA,187,2.972
606830,Roadys Truck Stop #4131,3184 I-80 Exit 288,Fort Mill,SC,55,2.962
606831,Road Ranger #7849,9427 I-10 Exit 275,Edison,CA,130,3.989
606832,Bosselman Travel Center #837,1759 State Hwy 6 Exit 240,Stroh,IN,14,3.468
606833,Roadys Truck Stop #949,5501 I-80 Exit 101,North Hurley,NM,240,3.460
606834,AMBEST #3970,6312 I-80 Exit 309,Williamsburg,NM,393,3.392
606835,Road Ranger #8665,6760 I-10 Exit 174,Troy,MT,33,3.946
606836,Flying J #6784,4209 State Hwy 6 Exit 95,North Salt Lake,UT,292,3.416
606837,Roadys Truck Stop #9470,1010 US-287 Exit 160,Butternut,WI,368,3.104
606838,Pilot Travel Center #9647,2825 State Hwy 6 Exit 243,Whitney,TX,64,3.122
606839,TA Travel Center #5327,8899 US-287 Exit 6,Millerville,AL,152,3.066
606840,Pilot Travel Center #8411,4154 I-10 Exit 14,Preston,ID,225,3.412
606841,Flying J #5503,4673 State Hwy 6 Exit 25,Gerty,OK,8,3.056
606842,Road Ranger #4265,1073 I-10 Exit 242,Crooked Lake Park,FL,224,2.734
606843,Kwik Trip #5842,6358 US-287 Exit 133,Burdette,AR,388,2.957
606844,Sapp Bros #9546,3881 I-80 Exit 130,Shelburn,IN,273,3.017
606845,Kwik Trip #6343,9402 US-287 Exit 158,Lake City,IA,209,3.086
606846,TA Travel Center #342,7362 State Hwy 6 Exit 141,Perrysburg,OH,200,3.090
606847,Sapp Bros #3399,1228 I-10 Exit 373,Combs,KY,255,3.185
606848,Bosselman Travel Center #5638,9365 State Hwy 6 Exit 69,Foster,OK,352,2.999
606849,AMBEST #7859,4428 I-80 Exit 111,Old Fort,NC,119,2.958
606850,TA Travel Center #9041,4041 US-287 Exit 122,Zion,IL,327,3.342
606851,QuikTrip #483,4051 State Hwy 6 Exit 175,Assumption,IL,96,2.892
606852,Roadys Truck Stop #8499,6234 State Hwy 6 Exit 183,Manns Choice,PA,117,3.227
606853,Bosselman Travel Center #1162,6371 I-10 Exit 312,Buhl,ID,54,3.716
606854,Kwik Trip #3879,3952 I-80 Exit 248,Webber,KS,201,3.288
606855,Roadys Truck Stop #1544,6265 I-80 Exit 319,Talmage,KS,257,3.119
606856,Loves Travel Stop #7612,2584 I-80 Exit 174,East Williston,FL,61,3.052
606857,TA Travel Center #5424,7979 US-287 Exit 266,Fleming,CO,61,3.500
606858,TA Travel Center #5140,7193 I-10 Exit 27,Lechee,AZ,327,3.286
606859,Roadys Truck Stop #3817,8516 I-40 Exit 321,Porter,MN,269,3.312
606860,Petro Stopping Center #2916,675 State Hwy 6 Exit 2,Secretary,MD,313,3.071
606861,AMBEST #4193,6568 I-40 Exit 29,Forbestown,CA,362,3.599
606862,Petro Stopping Center #9548,3615 US-287 Exit 394,Damascus,VA,4,3.066
606863,Roadys Truck Stop #1705,8080 State Hwy 6 Exit 93,Oro Valley,AZ,105,3.529
606864,QuikTrip #5857,1285 I-40 Exit 123,Bremond,TX,154,2.984
606865,Kwik Trip #7152,5662 State Hwy 6 Exit 303,Calico Rock,AR,215,2.983
606866,Pilot Travel Center #4091,3153 I-40 Exit 71,Healy,KS,84,3.016
606867,Petro Stopping Center #149,1723 State Hwy 6 Exit 114,Saint Jo,TX,348,3.126
606868,Bosselman Travel Center #5378,5150 I-80 Exit 34,Champlin,MN,74,3.191
606869,Petro Stopping Center #6786,8103 US-287 Exit 5,Bridgeport,AL,359,3.265
606870,Pilot Travel Center #5027,4099 State Hwy 6 Exit 281,Fairmead,CA,52,3.771
606871,Petro Stopping Center #1247,2015 I-95 Exit 192,North Courtland,AL,271,2.646
606872,Flying J #6970,923 State Hwy 6 Exit 358,Gahanna,OH,119,3.160
606873,Petro Stopping Center #755,6180 I-40 Exit 104,Franklin,KS,19,3.237
606874,Flying J #9362,6221 I-80 Exit 96,Pierce,CO,232,3.418
606875,Bosselman Travel Center #1969,8418 I-80 Exit 117,Smithland,IA,113,3.202
606876,Loves Travel Stop #6958,2344 I-95 Exit 297,Greenville,DE,213,2.920
606877,Road Ranger #9119,1172 I-10 Exit 240,Liverpool,IL,397,2.976
606878,Loves Travel Stop #4805,4929 I-80 Exit 333,Poydras,LA,367,3.166
606879,Flying J #3697,5737 I-80 Exit 342,Mattawamkeag,ME,51,3.114
606880,Flying J #2852,5030 State Hwy 6 Exit 157,Milton,LA,203,3.031
606881,Kwik Trip #7964,9401 I-80 Exit 253,Stroudsburg,PA,44,2.939
606882,Loves Travel Stop #3867,7753 I-40 Exit 107,Ecru,MS,360,2.974
606883,Sapp Bros #9623,7501 I-95 Exit 235,Santa Fe,NM,278,3.718
606884,Kwik Trip #8197,8393 I-10 Exit 149,Roseland,KS,52,3.014
606885,QuikTrip #8488,6948 State Hwy 6 Exit 317,Haverhill,FL,333,2.995
606886,Flying J #7233,9866 I-80 Exit 293,Seba Dalkai,AZ,155,3.242
606887,Road Ranger #9846,9706 I-10 Exit 169,Lame Deer,MT,252,3.501
606888,Flying J #5284,2777 I-40 Exit 32,Gilbert,SC,155,3.102
606889,Kwik Trip #1676,2043 US-287 Exit 214,Shalimar,FL,271,2.899
606890,Kwik Trip #9724,3821 I-80 Exit 38,Enterprise,OR,109,3.672
606891,Kwik Trip #7153,3358 I-10 Exit 338,Wynnewood,OK,148,2.982
606892,Sapp Bros #2301,4667 I-95 Exit 101,Combee Settlement,FL,250,2.907
606893,Road Ranger #1930,827 US-287 Exit 51,Valley Park,OK,238,2.817
606894,Kwik Trip #5547,1823 I-40 Exit 128,Kilbourne,IL,333,3.266
606895,Pilot Travel Center #1257,6846 US-287 Exit 22,Linwood,NY,379,3.096
606896,Bosselman Travel Center #7770,6657 I-80 Exit 60,Maugansville,MD,57,3.198
606897,Kwik Trip #9206,432 State Hwy 6 Exit 314,Cairo,MO,19,3.021
606898,Kwik Trip #9734,1409 I-40 Exit 156,Anderson,SC,332,3.348
606899,Kwik Trip #2509,1245 I-95 Exit 296,Lynndyl,UT,58,3.648
606900,Petro Stopping Center #4807,1144 I-95 Exit 162,Talent,OR,385,4.034
606901,Pilot Travel Center #1233,6926 State Hwy 6 Exit 375,Waterford,MS,150,3.095
606902,Pilot Travel Center #6128,8201 I-10 Exit 170,Fidelis,FL,198,2.979
606903,Kwik Trip #1520,1312 I-10 Exit 118,Beaver,OK,130,3.232
606904,TA Travel Center #9948,3740 I-40 Exit 133,Pittsburg,CA,300,3.974
606905,Flying J #2298,8575 I-10 Exit 80,Hallsboro,NC,399,3.113
606906,Bosselman Travel Center #6677,4068 US-287 Exit 365,Henderson,MI,245,3.246
606907,TA Travel Center #7131,2825 I-10 Exit 139,Petros,TN,228,3.222
606908,Road Ranger #3924,9467 I-40 Exit 216,Silver Lake Colony,SD,163,3.342
606909,TA Travel Center #7371,7344 I-10 Exit 102,Lucas Valley Marinwood,CA,3,3.588
606910,AMBEST #4228,266 I-80 Exit 203,Fallston,PA,147,3.015
606911,Kwik Trip #761,303 I-10 Exit 85,Grafton,NE,341,3.467
606912,AMBEST #4806,250 State Hwy 6 Exit 364,Annetta,TX,138,2.995
606913,Road Ranger #6354,7527 State Hwy 6 Exit 188,Oakland,SC,34,2.825
606914,QuikTrip #5234,3697 I-80 Exit 296,Waterbury Center,VT,58,3.134
606915,TA Travel Center #3428,6382 US-287 Exit 377,Easley,SC,171,2.907
606916,Petro Stopping Center #9710,3313 I-40 Exit 16,Belen,NM,38,3.414
606917,Road Ranger #6130,118 I-80 Exit 287,Glen Dale,WV,94,3.079
606918,Pilot Travel Center #9672,2789 I-80 Exit 345,Brushton,NY,260,3.155
606919,Flying J #5168,3399 State Hwy 6 Exit 140,Sheppards Mill,NJ,154,2.952
606920,Pilot Travel Center #9823,828 State Hwy 6 Exit 219,Pumpkin Center,NC,293,3.159
606921,Sapp Bros #9101,969 I-10 Exit 147,Hamorton,PA,396,3.053
606922,Roadys Truck Stop #6761,5038 US-287 Exit 209,Runnemede,NJ,189,3.057
606923,Loves Travel Stop #5530,7687 I-40 Exit 249,Ravensdale,WA,340,3.687
606924,Pilot Travel Center #307,2346 I-95 Exit 258,Tahoka,TX,104,3.081
606925,Petro Stopping Center #9571,2174 I-95 Exit 137,Justin,TX,152,2.936
606926,Pilot Travel Center #7887,5180 I-10 Exit 88,Clinton,MS,317,3.252
606927,AMBEST #8538,2420 I-95 Exit 11,Kill Devil Hills,NC,101,2.934
606928,AMBEST #4586,4490 I-40 Exit 27,Camdenton,MO,6,2.627
606929,Loves Travel Stop #160,5489 State Hwy 6 Exit 272,Rosebud,MT,296,3.643
606930,Pilot Travel Center #3773,7181 US-287 Exit 312,Plymouth Meeting,PA,193,3.002
606931,Petro Stopping Center #5039,2301 I-10 Exit 79,Maysville,MO,59,3.179
606932,AMBEST #8675,2882 I-10 Exit 257,Eau Claire,WI,222,2.927
606933,Bosselman Travel Center #8073,9659 State Hwy 6 Exit 298,Brooklyn,MI,120,3.209
606934,Sapp Bros #7185,3175 US-287 Exit 243,Vernal,UT,65,3.328
606935,TA Travel Center #3370,1491 US-287 Exit 65,East Foothills,CA,397,3.982
606936,Sapp Bros #7598,9825 US-287 Exit 281,Stallings,NC,36,2.992
606937,Sapp Bros #7591,5326 I-95 Exit 62,Archdale,NC,13,3.314
606938,Petro Stopping Center #5152,7627 US-287 Exit 33,Woodland,MS,92,3.080
606939,Petro Stopping Center #6182,8132 I-80 Exit 245,Arcadia,OK,348,2.911
606940,Kwik Trip #721,1034 I-80 Exit 3,Los Berros,CA,350,3.664
606941,Flying J #2853,8595 State Hwy 6 Exit 330,Davie,FL,390,3.332
606942,Bosselman Travel Center #6397,1211 State Hwy 6 Exit 270,Greeneville,TN,371,3.173
606943,Flying J #2556,2280 US-287 Exit 341,Astoria,IL,30,3.017
606944,Sapp Bros #6010,7511 I-80 Exit 82,Radisson,NY,92,3.066
606945,TA Travel Center #3118,4072 I-10 Exit 70,Patterson,CA,206,3.851
606946,Sapp Bros #4788,2457 State Hwy 6 Exit 320,Washington,NE,373,3.079
606947,Road Ranger #8797,8629 I-80 Exit 86,White Rock,NM,31,3.557
606948,AMBEST #1410,2328 US-287 Exit 77,El Dara,IL,107,2.955
606949,Petro Stopping Center #9149,3186 I-10 Exit 318,Watertown,NY,332,3.122
606950,Roadys Truck Stop #1388,8568 US-287 Exit 395,Gulf Park Estates,MS,170,2.937
606951,Roadys Truck Stop #8026,2453 State Hwy 6 Exit 262,Orangeville,OH,180,3.057
606952,Road Ranger #3540,9796 US-287 Exit 286,Louisville,OH,150,3.093
606953,QuikTrip #7340,1402 US-287 Exit 202,Aledo,TX,242,3.106
606954,Road Ranger #895,2621 I-40 Exit 125,Hagan,GA,383,3.245
606955,QuikTrip #750,1943 I-95 Exit 109,Golden Shores,AZ,81,3.554
606956,Flying J #2014,7259 I-95 Exit 148,Ramsey,IN,328,3.065
606957,Road Ranger #7928,4492 I-80 Exit 134,Dunseith,ND,44,3.232
606958,Sapp Bros #7419,7125 I-10 Exit 391,Saltese,MT,191,3.716
606959,Loves Travel Stop #6224,1096 I-80 Exit 50,Findlay,IL,262,2.968
606960,Sapp Bros #9277,2374 I-40 Exit 295,Catalina Foothills,AZ,156,3.530
606961,Loves Travel Stop #6079,1483 State Hwy 6 Exit 210,North Crows Nest,IN,389,3.278
606962,Loves Travel Stop #9141,544 I-95 Exit 180,Severn,MD,155,3.029
606963,Pilot Travel Center #3753,1109 I-80 Exit 74,Lake Bungee,CT,184,3.126
606964,Bosselman Travel Center #9990,6008 I-80 Exit 306,East Atlantic Beach,NY,230,3.234
606965,TA Travel Center #281,5416 State Hwy 6 Exit 9,Volo,IL,2,2.928
606966,Petro Stopping Center #2393,136 I-95 Exit 89,Easthampton Town,MA,73,2.901
606967,Sapp Bros #9403,8157 I-80 Exit 317,Royer,PA,213,3.033
606968,Loves Travel Stop #799,6475 I-10 Exit 12,Tryon,NC,52,3.044
606969,Road Ranger #1499,3910 I-10 Exit 3,Odessa,MN,115,3.247
606970,AMBEST #2713,4192 US-287 Exit 364,Prairie Du Sac,WI,157,3.201
606971,Flying J #3357,8193 I-10 Exit 133,Kramer,ND,164,3.376
606972,Sapp Bros #6639,716 I-80 Exit 200,Clarendon,TX,244,3.370
606973,Road Ranger #5209,1735 I-80 Exit 42,Los Minerales,TX,203,3.125
606974,Petro Stopping Center #5248,9664 State Hwy 6 Exit 96,Phelan,CA,86,3.862
606975,Flying J #8091,2444 US-287 Exit 354,Port Washington,OH,276,3.132
606976,Roadys Truck Stop #909,9885 I-95 Exit 195,Punxsutawney,PA,358,2.981
606977,Pilot Travel Center #7614,9641 I-80 Exit 298,Henry,TN,41,3.461
606978,Sapp Bros #605,7632 I-40 Exit 322,Golden,MS,31,3.036
606979,Kwik Trip #1368,6854 US-287 Exit 103,Lometa,TX,354,3.230
606980,AMBEST #8828,6032 I-10 Exit 339,Manheim,PA,33,2.910
606981,Sapp Bros #3395,2637 I-40 Exit 366,Eldred,IL,316,3.131
606982,Sapp Bros #3992,4559 I-80 Exit 334,Snow Lake,IN,141,3.205
606983,AMBEST #9989,5531 I-40 Exit 361,Valmont,CO,41,3.183
606984,Road Ranger #8823,338 I-40 Exit 373,Belvidere,NJ,214,3.489
606985,Petro Stopping Center #8737,6801 I-40 Exit 321,Sunset Lake,NJ,161,2.897
606986,Bosselman Travel Center #9634,3568 I-10 Exit 95,Granite Falls,WA,138,3.987
606987,Roadys Truck Stop #6657,4456 I-95 Exit 88,Grand Ronde,OR,268,4.100
606988,Kwik Trip #9316,9560 State Hwy 6 Exit 261,Newhope,AR,6,2.935
606989,Loves Travel Stop #3127,7003 State Hwy 6 Exit 292,Saratoga,NC,370,2.793
606990,Pilot Travel Center #5346,5200 State Hwy 6 Exit 207,Altmar,NY,144,2.906
606991,TA Travel Center #4816,4556 US-287 Exit 73,Binger,OK,380,2.827
606992,Loves Travel Stop #8529,3241 I-80 Exit 173,Hinckley,MN,187,3.016
606993,Loves Travel Stop #2693,6251 State Hwy 6 Exit 375,Oldham,SD,305,3.413
606994,TA Travel Center #7291,2675 I-95 Exit 235,Crescent Springs,KY,95,3.169
606995,Loves Travel Stop #4018,7206 I-95 Exit 354,Moose Run,PA,12,2.921
606996,TA Travel Center #2215,9703 State Hwy 6 Exit 118,Strong City,OK,38,3.104
606997,Roadys Truck Stop #5926,886 I-40 Exit 365,Dateland,AZ,93,3.524
606998,AMBEST #262,3522 US-287 Exit 50,Seatonville,IL,246,3.153
606999,Roadys Truck Stop #166,8097 I-40 Exit 103,Donnelsville,OH,256,2.755
607000,Flying J #8615,6304 US-287 Exit 12,Kilbourne,OH,135,3.130
607001,QuikTrip #601,4551 I-80 Exit 23,Prospect,TN,339,2.712
607002,Roadys Truck Stop #4967,8187 I-10 Exit 272,Keenesburg,CO,215,3.263
607003,Flying J #6060,9824 I-10 Exit 138,Aquasco,MD,128,3.327
607004,TA Travel Center #2220,6451 I-95 Exit 155,Lancaster,VA,61,3.080
607005,Sapp Bros #4097,5397 US-287 Exit 102,Cofield,NC,63,2.734
607006,Pilot Travel Center #5780,759 I-95 Exit 282,Briar,TX,84,3.075
607007,TA Travel Center #1169,6762 I-80 Exit 371,New Haven,KY,192,3.343
607008,TA Travel Center #3062,4601 I-40 Exit 362,Lankin,ND,400,3.062
607009,Kwik Trip #4928,369 I-10 Exit 255,Iowa,LA,151,2.796
607010,Petro Stopping Center #1410,6769 I-80 Exit 125,Belmore,OH,388,2.998
607011,TA Travel Center #5348,2276 I-95 Exit 256,Mystic,IA,142,2.960
607012,TA Travel Center #9429,1940 I-80 Exit 108,Sammamish,WA,70,4.255
607013,TA Travel Center #7940,7030 I-40 Exit 106,Pinedale,NM,301,3.709
607014,Bosselman Travel Center #1794,6829 US-287 Exit 257,Haxtun,CO,386,3.222
607015,Pilot Travel Center #6464,4326 I-80 Exit 321,Stuckey,SC,263,2.912
607016,Loves Travel Stop #2374,9633 I-95 Exit 218,Brigantine,NJ,207,3.185
607017,Road Ranger #3967,1943 I-95 Exit 350,Mcclure,OH,16,2.887
607018,Pilot Travel Center #7496,6500 I-95 Exit 15,Arnaudville,LA,338,3.402
607019,Petro Stopping Center #6254,3378 US-287 Exit 12,Mound City,IL,255,2.628
607020,Loves Travel Stop #9070,8887 US-287 Exit 319,Davidson,OK,121,3.208
607021,QuikTrip #7627,6027 I-80 Exit 112,Alberta,MN,180,2.949
607022,AMBEST #829,9439 US-287 Exit 336,Kulpsville,PA,335,2.935
607023,Flying J #3266,2878 I-10 Exit 137,Naples,FL,348,2.852
607024,Flying J #5464,413 State Hwy 6 Exit 295,Reyno,AR,385,2.952
607025,Kwik Trip #4855,5080 I-80 Exit 112,Spencerville,MD,375,3.037
607026,Sapp Bros #4454,8275 I-10 Exit 46,Lake Bosworth,WA,340,3.921
607027,TA Travel Center #7855,9007 I-40 Exit 202,Saint Anthony,IN,194,3.062
607028,Sapp Bros #6762,8010 I-95 Exit 354,Leona,TX,193,3.165
607029,Kwik Trip #9890,2896 State Hwy 6 Exit 384,Tonganoxie,KS,257,2.981
607030,TA Travel Center #7968,964 I-10 Exit 49,New Cassel,NY,53,3.204
607031,Kwik Trip #3438,6998 I-40 Exit 203,Meriden,IA,116,3.230
607032,Road Ranger #8239,296 I-10 Exit 336,Stateburg,SC,373,2.692
607033,Sapp Bros #5618,5143 US-287 Exit 210,Makanda,IL,364,2.977
607034,AMBEST #1562,4659 I-80 Exit 113,Central Square,NY,358,3.244
607035,Kwik Trip #6949,1344 US-287 Exit 162,Floris,IA,11,3.020
607036,AMBEST #9193,2887 I-80 Exit 182,Tallapoosa,MO,396,2.990
607037,Kwik Trip #1153,4478 I-10 Exit 18,Newman,CA,44,3.487
607038,AMBEST #2088,9555 I-40 Exit 177,Purcell,OK,18,2.750
607039,AMBEST #5059,5145 I-10 Exit 88,Grady,NM,343,3.093
607040,Sapp Bros #8358,672 I-10 Exit 383,Kenton Vale,KY,271,3.023
607041,Loves Travel Stop #662,6603 I-10 Exit 116,Tower Lakes,IL,170,2.964
607042,TA Travel Center #6634,3219 US-287 Exit 363,Ogden,AR,140,3.191
607043,Sapp Bros #5317,6920 US-287 Exit 283,Lewisburg,WV,82,3.014
607044,TA Travel Center #5281,8856 US-287 Exit 183,Park Rapids,MN,302,3.322
607045,QuikTrip #2278,2541 I-40 Exit 190,Gurnee,IL,23,3.156
607046,Pilot Travel Center #467,2393 State Hwy 6 Exit 266,Arlington,NE,155,3.183
607047,AMBEST #9682,7249 State Hwy 6 Exit 235,Georgetown,KY,254,2.984
607048,TA Travel Center #880,2273 I-95 Exit 239,Southwest Sandhill,TX,206,3.255
607049,Flying J #7301,7413 US-287 Exit 178,Barnard,MO,185,2.987
607050,Petro Stopping Center #3904,1798 I-10 Exit 351,Davenport,WA,306,3.655
607051,Flying J #6374,6359 State Hwy 6 Exit 48,Glen Allan,MS,47,2.760
607052,Flying J #5593,3031 I-80 Exit 311,Hurtsboro,AL,117,3.184
607053,Kwik Trip #6617,2834 I-95 Exit 333,Naples Park,FL,42,2.707
607054,Flying J #7750,5670 I-95 Exit 396,Bethel Island,CA,128,3.760
607055,AMBEST #7539,2248 State Hwy 6 Exit 182,Rosemont,PA,51,3.142
607056,Sapp Bros #8621,6314 I-80 Exit 12,Dupuyer,MT,242,3.946
607057,Loves Travel Stop #3467,8690 I-95 Exit 129,Leavittsburg,OH,244,2.861
607058,Kwik Trip #5605,5006 I-10 Exit 325,Las Lomas,CA,27,3.408
607059,QuikTrip #9690,4362 US-287 Exit 127,Tradesville,SC,315,3.045
607060,TA Travel Center #3676,6784 US-287 Exit 209,Hillandale,MD,355,3.140
607061,TA Travel Center #8999,5411 I-40 Exit 193,Rockwell,IA,294,2.900
607062,Road Ranger #200,6608 US-287 Exit 236,Mantachie,MS,158,3.177
607063,Pilot Travel Center #5678,6171 I-10 Exit 9,Apache Creek,NM,115,3.378
607064,Road Ranger #6806,101 US-287 Exit 187,Baker,OK,251,3.223
607065,Road Ranger #810,4648 State Hwy 6 Exit 261,Saint Meinrad,IN,229,2.876
607066,TA Travel Center #3903,7958 I-10 Exit 382,Hospers,IA,91,2.808
607067,Kwik Trip #7782,3987 US-287 Exit 251,Bluewater,CA,206,3.669
607068,Roadys Truck Stop #4248,2582 I-95 Exit 212,John Day,OR,178,3.624
607069,Flying J #9597,9785 I-40 Exit 318,Clearview,WA,161,3.913
607070,Road Ranger #7284,4259 I-10 Exit 50,Oxford,MD,217,3.135
607071,Kwik Trip #7021,8094 US-287 Exit 353,Brogan,OR,143,3.527
607072,Loves Travel Stop #5608,1789 I-10 Exit 335,Sinking Spring,OH,222,3.033
607073,Pilot Travel Center #384,9218 I-40 Exit 131,Barrelville,MD,146,3.230
607074,Kwik Trip #3836,5725 I-10 Exit 390,Jennerstown,PA,55,3.030
607075,Pilot Travel Center #873,6929 I-10 Exit 242,Reddell,LA,18,3.055
607076,AMBEST #7172,501 I-80 Exit 368,Bishopville,SC,352,2.759
607077,Petro Stopping Center #6101,3738 I-40 Exit 17,Chillicothe,IL,336,3.157
607078,Flying J #4700,1536 US-287 Exit 80,Platter,OK,246,2.887
607079,Petro Stopping Center #2620,1492 I-80 Exit 276,Owingsville,KY,63,3.073
607080,Bosselman Travel Center #4948,4048 I-95 Exit 29,Herbst,IN,62,3.511
607081,Kwik Trip #999,8950 State Hwy 6 Exit 362,Trail Creek,IN,181,3.121
607082,Petro Stopping Center #1850,2951 I-10 Exit 214,Bethlehem,WV,10,2.895
607083,Pilot Travel Center #2744,7040 I-10 Exit 376,Folly Beach,SC,225,2.980
607084,Kwik Trip #6423,1306 I-95 Exit 292,Terrell,TX,326,3.300
607085,AMBEST #4320,2241 I-40 Exit 197,Weiner,AR,78,3.129
607086,Kwik Trip #7586,8325 I-80 Exit 342,Elko,SC,16,2.907
607087,TA Travel Center #9294,2446 US-287 Exit 100,Crooked Creek,WV,399,3.060
607088,Sapp Bros #2546,2640 I-40 Exit 161,Elroy,WI,97,2.960
607089,Kwik Trip #4803,8681 I-40 Exit 120,Alexandria,NE,5,3.223
607090,Sapp Bros #7735,1993 State Hwy 6 Exit 33,East Salem,PA,309,3.227
607091,Sapp Bros #4977,6819 State Hwy 6 Exit 78,Hillside,NY,98,2.864
607092,Petro Stopping Center #5079,1841 I-95 Exit 188,Sunray,OK,352,2.942
607093,Pilot Travel Center #7378,1247 I-40 Exit 107,Saint Clair,MN,258,3.441
607094,AMBEST #5749,1193 US-287 Exit 224,Georgetown,MS,127,2.942
607095,Sapp Bros #4861,7653 State Hwy 6 Exit 189,Deerfield Colony,MT,275,3.524
607096,Road Ranger #9182,5388 US-287 Exit 395,Blanchard,PA,363,3.349
607097,Road Ranger #7605,6802 I-80 Exit 1,Woodlawn,NC,218,3.353
607098,Road Ranger #4749,8461 State Hwy 6 Exit 249,Heathsville,VA,109,3.000
607099,QuikTrip #378,3131 I-40 Exit 362,Lodgepole,NE,306,3.008
607100,QuikTrip #4355,3383 I-80 Exit 216,Barnegat Light,NJ,156,3.120
607101,Road Ranger #1471,7974 I-80 Exit 345,Bear Creek,TX,95,3.010
607102,Sapp Bros #9168,8428 US-287 Exit 12,East Syracuse,NY,64,3.177
607103,Kwik Trip #3073,9689 I-95 Exit 292,Newburg,WI,8,3.096
607104,Loves Travel Stop #1018,2895 State Hwy 6 Exit 126,Mineral Bluff,GA,299,3.014
607105,AMBEST #746,313 I-10 Exit 53,Pettisville,OH,309,2.934
607106,Flying J #9396,4558 I-95 Exit 388,Harwick,PA,286,2.994
607107,Flying J #5101,106 I-80 Exit 308,Erlands Point,WA,19,3.934
607108,AMBEST #7881,1175 I-95 Exit 237,New Britain,PA,91,3.086
607109,Bosselman Travel Center #8066,881 I-80 Exit 134,Jupiter,FL,161,3.104
607110,AMBEST #8355,2875 I-10 Exit 23,Winchester,TN,88,3.087
607111,Petro Stopping Center #4231,6650 I-10 Exit 393,Lesslie,SC,302,2.961
607112,Flying J #7819,4859 I-80 Exit 77,Osceola,AR,167,3.349
607113,QuikTrip #8156,9824 I-10 Exit 262,Sandy Lake,PA,114,3.428
607114,TA Travel Center #1808,4596 US-287 Exit 105,Casa Blanca,AZ,261,3.510
607115,TA Travel Center #3326,4030 I-80 Exit 47,Eupora,MS,111,3.006
607116,Bosselman Travel Center #3678,9096 State Hwy 6 Exit 326,Platte Colony,SD,264,3.186
607117,TA Travel Center #2338,6608 State Hwy 6 Exit 89,Montura,FL,127,2.903
607118,Bosselman Travel Center #4814,3245 State Hwy 6 Exit 51,Vera,OK,145,3.135
607119,QuikTrip #5467,6458 I-80 Exit 301,Hennepin,OK,230,3.001
607120,Sapp Bros #5657,3530 I-40 Exit 273,Lanett,AL,329,2.974
607121,Road Ranger #4312,4892 US-287 Exit 362,Middleton,WI,200,2.995
607122,Kwik Trip #3390,5603 State Hwy 6 Exit 103,Portage,IN,146,3.012
607123,QuikTrip #1717,7155 I-95 Exit 330,Clarkedale,AR,270,3.347
607124,QuikTrip #7598,1510 I-40 Exit 280,Woodfield,SC,378,3.141
607125,Roadys Truck Stop #9833,6529 US-287 Exit 134,Bradley,SC,21,2.712
607126,Pilot Travel Center #2484,3332 US-287 Exit 207,Athens,OH,371,3.310
607127,Petro Stopping Center #1465,4995 I-40 Exit 242,California,KY,233,3.169
607128,TA Travel Center #1432,470 US-287 Exit 158,Mount Pleasant,NC,126,3.117
607129,Sapp Bros #1506,3233 State Hwy 6 Exit 52,Gifford,SC,260,3.022
607130,Bosselman Travel Center #8144,9625 I-95 Exit 77,Goleta,CA,79,3.860
607131,Bosselman Travel Center #1770,1060 I-10 Exit 280,Beacon Square,FL,22,2.764
607132,Sapp Bros #8409,5400 I-95 Exit 322,Tyndall,SD,307,3.268
607133,Loves Travel Stop #2955,8525 I-95 Exit 346,Anita,IA,347,3.270
607134,QuikTrip #7204,9726 State Hwy 6 Exit 30,Hunter,KS,117,3.407
607135,Kwik Trip #3963,4386 State Hwy 6 Exit 269,Hibbing,MN,221,3.235
607136,Loves Travel Stop #6591,2050 US-287 Exit 334,Grand View Estates,CO,332,3.463
607137,Pilot Travel Center #1192,8819 State Hwy 6 Exit 12,Mckay,OR,173,3.957
607138,Pilot Travel Center #314,8272 I-95 Exit 398,Purcell,MO,208,3.065
607139,Loves Travel Stop #1680,4278 I-40 Exit 351,Oxford,ME,238,3.090
607140,Petro Stopping Center #7715,436 I-40 Exit 260,Lawtonka Acres,OK,68,3.142
607141,Roadys Truck Stop #3230,8018 US-287 Exit 345,Lattimore,NC,210,3.075
607142,TA Travel Center #5792,808 I-10 Exit 230,Ampere North,NJ,134,2.928
607143,QuikTrip #7233,2850 I-40 Exit 289,Tualatin,OR,281,4.066
607144,Road Ranger #9001,3649 I-10 Exit 352,Steele,AL,164,2.783
607145,Bosselman Travel Center #3860,321 I-40 Exit 202,Anacortes,WA,260,3.993
607146,Pilot Travel Center #7332,1182 I-95 Exit 301,Marmet,WV,66,2.848
607147,Sapp Bros #8019,5458 I-40 Exit 53,Saratoga,IN,235,3.208
607148,Road Ranger #510,3251 US-287 Exit 92,Three Rocks,CA,275,3.831
607149,QuikTrip #5329,6729 State Hwy 6 Exit 104,Justice,WV,356,3.117
607150,Pilot Travel Center #2146,7720 State Hwy 6 Exit 198,East Charlotte,VT,2,3.176
607151,TA Travel Center #7310,1602 I-10 Exit 68,Dumas,AR,213,3.141
607152,Bosselman Travel Center #8508,6102 State Hwy 6 Exit 309,Lance Creek,WY,43,3.447
607153,Pilot Travel Center #3857,9764 I-80 Exit 153,Woodburn,OR,287,3.964
607154,Flying J #5213,5674 I-80 Exit 394,Carlisle,KY,294,3.104
607155,Flying J #1912,7895 US-287 Exit 370,Pluckemin,NJ,67,3.198
607156,Bosselman Travel Center #8308,1682 I-40 Exit 185,Edgar Springs,MO,377,3.200
607157,Road Ranger #7913,9350 I-40 Exit 102,Nelson,MN,199,3.239
607158,Kwik Trip #9908,5697 I-80 Exit 227,Carthage,NC,311,2.874
607159,TA Travel Center #8963,1074 State Hwy 6 Exit 124,North Tustin,CA,317,3.869
607160,TA Travel Center #4377,8652 I-40 Exit 253,Fairfield,NE,387,3.025
607161,AMBEST #3148,8173 I-40 Exit 112,Woodland,MN,35,3.256
607162,Kwik Trip #2861,5469 I-40 Exit 276,Barbee,IN,150,3.176
607163,Flying J #4665,3114 I-40 Exit 376,El Rancho,WY,61,3.462
607164,Kwik Trip #3097,8911 I-95 Exit 383,Morocco,IN,87,3.077
607165,Bosselman Travel Center #1648,4349 US-287 Exit 160,Tierra Verde,FL,240,3.197
607166,Petro Stopping Center #4168,3529 I-80 Exit 48,Hurdland,MO,79,3.149
607167,Sapp Bros #9755,5973 I-10 Exit 151,Bronson,FL,99,3.141
607168,Petro Stopping Center #3626,3106 I-80 Exit 31,Andover,SD,239,3.419
607169,Kwik Trip #1899,502 US-287 Exit 371,Fredonia,KS,16,3.198
607170,Road Ranger #9881,4522 I-10 Exit 377,Oaklawn Sunview,KS,27,2.930
607171,Road Ranger #8957,1453 State Hwy 6 Exit 322,Kilgore,TX,237,3.214
607172,Flying J #6684,9682 I-80 Exit 191,Shinnston,WV,52,3.408
607173,Road Ranger #816,7703 I-80 Exit 263,Robersonville,NC,192,3.324
607174,Flying J #4829,3579 US-287 Exit 218,Chowchilla,CA,245,3.886
607175,Bosselman Travel Center #4777,1269 US-287 Exit 148,Ashland,PA,344,3.323
607176,Roadys Truck Stop #1665,7380 US-287 Exit 189,Brownsburg,IN,164,3.087
607177,Roadys Truck Stop #3301,8106 I-95 Exit 391,Millstone,NJ,20,3.227
607178,Loves Travel Stop #5443,1568 I-80 Exit 5,Silver Lake,MN,3,3.263
607179,Roadys Truck Stop #3196,4962 I-40 Exit 304,Glen,MT,215,3.660
607180,AMBEST #9721,9492 I-80 Exit 194,Oakdale,CA,77,3.717
607181,AMBEST #3833,6445 I-40 Exit 279,Brooklyn,CT,394,3.238
607182,QuikTrip #7355,6761 US-287 Exit 68,Brookston,TX,104,3.154
607183,QuikTrip #8792,8320 US-287 Exit 19,Stevenson,AL,232,3.257
607184,AMBEST #5139,7649 US-287 Exit 179,Mill Plain,CT,81,2.955
607185,Flying J #255,4086 I-80 Exit 355,Warrenton,NC,356,2.909
607186,Loves Travel Stop #3020,3829 I-80 Exit 292,Symonds,MS,3,3.341
607187,Pilot Travel Center #1795,2006 I-10 Exit 84,Boyd,MT,137,3.430
607188,AMBEST #5910,8400 I-80 Exit 72,Oacoma,SD,43,3.151
607189,TA Travel Center #1473,6174 I-40 Exit 53,Red Level,AL,23,2.656
607190,Pilot Travel Center #9998,8983 I-95 Exit 176,Janesville,IL,26,2.960
607191,Roadys Truck Stop #6771,6205 I-95 Exit 361,Oxville,IL,116,2.902
607192,Road Ranger #4529,1059 I-40 Exit 281,Cumming,GA,371,3.291
607193,Loves Travel Stop #5036,5838 I-80 Exit 329,Bonita,LA,283,2.875
607194,Bosselman Travel Center #2658,1536 State Hwy 6 Exit 379,Taylorsville,MS,158,3.106
607195,Petro Stopping Center #8163,368 State Hwy 6 Exit 129,Lebanon,SD,308,3.191
607196,TA Travel Center #4960,4425 I-10 Exit 311,San Manuel,AZ,332,3.316
607197,Kwik Trip #9595,7355 State Hwy 6 Exit 118,Tutuilla,OR,292,3.838
607198,QuikTrip #6572,9419 US-287 Exit 43,Wyatt,IN,355,3.124
607199,Roadys Truck Stop #5439,9242 State Hwy 6 Exit 14,Catoosa,OK,384,3.186
607200,Bosselman Travel Center #5802,956 State Hwy 6 Exit 126,Hamilton,KS,388,2.994
607201,Sapp Bros #4964,1905 I-10 Exit 364,Eureka,IL,222,2.623
607202,Sapp Bros #3746,528 US-287 Exit 156,Weekapaug,RI,161,3.265
607203,Roadys Truck Stop #7723,5749 I-10 Exit 297,Marvell,AR,263,3.520
607204,Loves Travel Stop #9190,6713 I-80 Exit 70,Tunica,MS,328,2.822
607205,Petro Stopping Center #3526,3357 US-287 Exit 5,Prairietown,IL,275,3.498
607206,Loves Travel Stop #1986,2182 State Hwy 6 Exit 134,Indian River Shores,FL,263,2.754
607207,AMBEST #1739,6383 I-80 Exit 216,Zeandale,KS,382,3.154
607208,TA Travel Center #504,5666 State Hwy 6 Exit 341,Radar Base,TX,212,2.921
607209,Pilot Travel Center #5564,9530 I-95 Exit 293,Gagetown,MI,375,3.109
607210,AMBEST #1154,9541 State Hwy 6 Exit 394,Carnegie,OK,140,3.038
607211,Roadys Truck Stop #6239,6558 I-80 Exit 324,Butterfield,MO,272,3.152
607212,Pilot Travel Center #2679,8716 State Hwy 6 Exit 327,Dante,SD,202,3.340
607213,Loves Travel Stop #7292,6868 I-95 Exit 48,Roseland,NE,114,2.450
607214,Loves Travel Stop #452,2232 I-10 Exit 21,Lybrook,NM,279,3.366
607215,QuikTrip #5203,633 I-80 Exit 273,Van Etten,NY,302,2.820
607216,Sapp Bros #393,792 I-10 Exit 342,Honaker,VA,128,2.890
607217,Loves Travel Stop #444,8816 US-287 Exit 234,Burlington,NC,285,3.218
607218,Sapp Bros #8681,4541 I-80 Exit 95,Big Cabin,OK,10,2.927
607219,Kwik Trip #6278,5925 I-80 Exit 28,Albion,WA,233,3.455
607220,Roadys Truck Stop #891,3045 US-287 Exit 385,Amity,IN,209,3.078
607221,Flying J #7883,8429 I-40 Exit 46,Nazareth College,NY,354,3.022
607222,Bosselman Travel Center #970,7273 I-80 Exit 227,Deanville,TX,125,2.891
607223,TA Travel Center #8299,6175 US-287 Exit 397,Daingerfield,TX,253,3.017
607224,QuikTrip #4470,9208 US-287 Exit 383,Vinita,OK,1,2.824
607225,Kwik Trip #6011,2801 I-80 Exit 269,Clyde,CA,214,4.024
607226,TA Travel Center #7295,2513 State Hwy 6 Exit 4,Woonsocket,RI,194,3.219
607227,Sapp Bros #7933,7204 I-95 Exit 82,Basco,IL,394,2.982
607228,Roadys Truck Stop #7810,2505 I-95 Exit 92,Mingo Junction,OH,158,2.727
607229,Loves Travel Stop #7653,8314 I-10 Exit 207,Java,SD,260,3.391
607230,Kwik Trip #8930,8127 I-95 Exit 350,Calpine,CA,306,3.735
607231,TA Travel Center #5460,9443 I-95 Exit 203,Cloverdale,IN,226,2.981
607232,Loves Travel Stop #5957,4829 I-40 Exit 321,Tusculum,TN,187,2.798
607233,QuikTrip #1236,7884 State Hwy 6 Exit 88,Green Oaks,IL,207,2.931
607234,TA Travel Center #8854,9376 I-80 Exit 185,Rocklake,ND,249,3.208
607235,Roadys Truck Stop #5802,5543 US-287 Exit 34,Blue Valley,CO,135,3.228
607236,Bosselman Travel Center #8383,3858 I-40 Exit 138,Beeville,TX,103,3.110
607237,Pilot Travel Center #9843,9838 US-287 Exit 118,Victoria,MS,82,3.206
607238,Flying J #1835,6047 I-10 Exit 128,Peculiar,MO,24,3.201
607239,Sapp Bros #8479,6335 US-287 Exit 135,Clinton,OH,279,3.121
607240,Kwik Trip #9303,828 State Hwy 6 Exit 256,Jefferson,NY,56,3.224
607241,Bosselman Travel Center #1799,8174 US-287 Exit 89,Merrimac,VA,187,3.244
607242,AMBEST #7082,7739 I-10 Exit 169,Schnecksville,PA,342,3.018
607243,Roadys Truck Stop #6294,7870 I-40 Exit 398,Stantonsburg,NC,232,2.846
607244,TA Travel Center #5018,847 I-95 Exit 234,Two Rivers,WI,359,2.838
607245,Sapp Bros #8570,6266 I-40 Exit 127,Fredonia,NY,336,3.456
607246,Bosselman Travel Center #3869,4582 State Hwy 6 Exit 134,Veguita,NM,341,3.352
607247,AMBEST #9614,6064 I-40 Exit 25,Palm Springs North,FL,153,2.918
607248,Sapp Bros #1017,258 I-10 Exit 388,Connersville,IN,220,3.135
607249,Pilot Travel Center #3272,229 State Hwy 6 Exit 399,Keewatin,MN,336,3.104
607250,Flying J #6267,3910 US-287 Exit 270,Richardson,TX,205,2.858
607251,Loves Travel Stop #5382,7119 US-287 Exit 280,Watrous,NM,262,3.545
607252,Flying J #4884,607 I-10 Exit 132,Hampton,GA,284,2.960
607253,Roadys Truck Stop #4164,8992 I-10 Exit 136,Warren Park,IN,37,3.250
607254,Pilot Travel Center #7349,8647 State Hwy 6 Exit 15,Churchill,MT,118,4.126
607255,AMBEST #3213,945 I-40 Exit 144,Dardanelle,AR,34,3.106
607256,Roadys Truck Stop #1025,7168 I-10 Exit 23,Tunnelton,IN,399,3.130
607257,Roadys Truck Stop #8740,2838 I-10 Exit 373,Bethel,DE,42,2.885
607258,Roadys Truck Stop #4578,6642 State Hwy 6 Exit 11,Gerrard,CO,397,3.415
607259,Sapp Bros #8249,4989 I-80 Exit 1,Portage,WI,177,3.175
607260,Pilot Travel Center #251,696 I-40 Exit 271,Whitefish Bay,WI,335,3.124
607261,TA Travel Center #6954,164 I-10 Exit 205,Weleetka,OK,95,3.144
607262,Bosselman Travel Center #9984,228 State Hwy 6 Exit 275,Minden,IA,286,3.143
607263,QuikTrip #176,757 I-95 Exit 28,Chino,CA,158,3.712
607264,Roadys Truck Stop #6877,3760 I-10 Exit 144,Stones Landing,CA,179,3.899
607265,Roadys Truck Stop #5157,5651 I-40 Exit 325,Montpelier,ND,321,3.244
607266,QuikTrip #9796,4909 I-80 Exit 330,Creve Coeur,MO,180,3.111
607267,Bosselman Travel Center #2416,2160 I-40 Exit 86,Troy,SC,33,3.250
607268,Sapp Bros #2233,525 State Hwy 6 Exit 212,Cambridge,KS,135,3.039
607269,AMBEST #4169,5730 I-95 Exit 111,Richmond,IL,78,2.846
607270,AMBEST #8450,3412 I-10 Exit 241,Keystone,FL,21,3.254
607271,Loves Travel Stop #5715,7539 State Hwy 6 Exit 157,Sandoval,IL,160,3.219
607272,Roadys Truck Stop #2592,2017 US-287 Exit 359,Paradise Park,CA,167,3.907
607273,Road Ranger #9336,8530 US-287 Exit 348,Elsa,TX,336,2.766
607274,Petro Stopping Center #7961,1398 State Hwy 6 Exit 328,Fort Branch,IN,386,3.034
607275,AMBEST #9480,3760 State Hwy 6 Exit 374,Kekoskee,WI,51,2.965
607276,Kwik Trip #2896,6645 I-95 Exit 393,Maryland City,MD,33,3.077
607277,Petro Stopping Center #2017,6096 US-287 Exit 338,North Powder,OR,16,3.990
607278,Sapp Bros #7558,327 I-40 Exit 145,Jasper,MI,346,2.979
607279,Pilot Travel Center #1638,8048 I-80 Exit 329,Floydada,TX,117,2.982
607280,Loves Travel Stop #1790,2891 I-95 Exit 321,Calumet,MI,216,3.212
607281,Road Ranger #1373,3846 I-40 Exit 391,Vista Santa Rosa,CA,268,3.385
607282,Sapp Bros #7430,687 I-40 Exit 216,Lawton,ND,15,3.235
607283,Loves Travel Stop #7098,1515 I-10 Exit 313,Covington,TN,318,3.027
607284,Bosselman Travel Center #4968,2875 US-287 Exit 355,Bayonet Point,FL,128,2.691
607285,Sapp Bros #2348,6017 I-80 Exit 231,Ocilla,GA,8,2.921
607286,Road Ranger #6458,5957 I-95 Exit 300,Union,MS,301,2.941
607287,Sapp Bros #4692,4602 I-40 Exit 282,Jacksonville,NY,7,3.078
607288,Kwik Trip #2650,8593 I-80 Exit 60,Mountain View Acres,CA,331,3.435
607289,Sapp Bros #5123,9588 I-10 Exit 353,Esperance,WA,372,3.471
607290,Kwik Trip #3955,7943 State Hwy 6 Exit 71,Garden Ridge,TX,337,3.301
607291,Sapp Bros #1958,8976 I-95 Exit 118,Philipsburg,MT,100,3.439
607292,Sapp Bros #4095,5045 I-95 Exit 41,California Polytechnic State University,CA,18,3.671
607293,TA Travel Center #6466,3782 I-95 Exit 280,Chidester,AR,378,2.819
607294,Sapp Bros #4926,4327 I-95 Exit 317,Roberts,IL,332,3.199
607295,QuikTrip #299,7430 US-287 Exit 164,Macy,IN,149,2.954
607296,TA Travel Center #2652,4050 I-10 Exit 373,Orland Park,IL,140,3.257
607297,Pilot Travel Center #9362,2078 State Hwy 6 Exit 18,Mount Vernon,WA,397,3.676
607298,Sapp Bros #8050,5101 I-80 Exit 270,Enoree,SC,74,3.023
607299,Roadys Truck Stop #8244,8764 I-80 Exit 287,Ovett,MS,82,2.786
607300,Kwik Trip #7511,6266 I-95 Exit 23,Lizton,IN,239,3.160
607301,Bosselman Travel Center #9182,1222 I-40 Exit 183,Sabula,IA,63,3.072
607302,Roadys Truck Stop #9642,2687 I-95 Exit 320,Mount Union,PA,113,3.007
607303,Flying J #8301,6272 I-10 Exit 346,Ross,TX,111,3.038
607304,TA Travel Center #3772,6401 I-80 Exit 335,Braselton,GA,193,3.222
607305,TA Travel Center #8703,5524 I-10 Exit 363,Harmonyville,VT,258,3.053
607306,Bosselman Travel Center #9026,1311 I-40 Exit 328,Burton,TX,133,3.266
607307,Sapp Bros #8079,6015 I-95 Exit 369,Burns,OR,236,3.832
607308,Roadys Truck Stop #9041,8717 I-40 Exit 188,Flat Willow Colony,MT,25,3.736
607309,Road Ranger #7611,5040 US-287 Exit 50,Lincoln,AR,64,2.969
607310,Loves Travel Stop #8737,7301 I-10 Exit 44,Dublin,TX,10,3.218
607311,AMBEST #732,496 I-80 Exit 1,Newport,TN,27,3.047
607312,AMBEST #7879,5417 I-40 Exit 238,Toronto,SD,326,3.422
607313,TA Travel Center #8782,6533 I-80 Exit 66,Mount Hood Villages,OR,144,3.682
607314,Kwik Trip #8166,8367 I-80 Exit 218,Greensburg,LA,388,2.774
607315,Pilot Travel Center #783,2516 I-95 Exit 259,Robie Creek,ID,156,3.663
607316,AMBEST #5978,9018 I-80 Exit 259,Lakes Of The North,MI,37,2.870
607317,Petro Stopping Center #6715,1748 State Hwy 6 Exit 377,Lower Grand Lagoon,FL,86,3.083
607318,Loves Travel Stop #9203,9435 I-40 Exit 108,Hickory Hill,KY,264,2.901
607319,Kwik Trip #8205,2150 I-40 Exit 249,Shingletown,CA,346,3.990
607320,Roadys Truck Stop #133,7204 I-95 Exit 195,Irvington,VA,217,3.212
607321,Kwik Trip #8379,4578 US-287 Exit 280,South Solon,OH,253,2.877
607322,Loves Travel Stop #7503,3269 I-80 Exit 69,New Eucha,OK,67,2.924
607323,Pilot Travel Center #6783,2979 US-287 Exit 363,Broxton,GA,284,3.457
607324,QuikTrip #4757,3653 US-287 Exit 262,Craigmont,ID,348,3.841
607325,Sapp Bros #6401,9449 I-80 Exit 66,Alachua,FL,258,3.252
607326,Petro Stopping Center #4126,4845 I-80 Exit 27,Huntington,TX,170,2.936
607327,Pilot Travel Center #2768,4788 I-40 Exit 299,Blocher,IN,3,2.936
607328,Flying J #4771,5799 I-40 Exit 101,Mulford,CO,232,3.592
607329,Flying J #6211,302 I-95 Exit 92,Marietta,OH,334,2.854
607330,TA Travel Center #5719,2753 State Hwy 6 Exit 35,Foresta,CA,242,3.955
607331,Sapp Bros #1470,6104 US-287 Exit 45,Victor,CO,268,3.576
607332,Road Ranger #3012,8411 State Hwy 6 Exit 17,Guilford,NY,29,2.995
607333,TA Travel Center #1211,3666 State Hwy 6 Exit 385,Opdyke West,TX,334,3.419
607334,Bosselman Travel Center #2888,3513 I-80 Exit 111,Grand View,WI,301,3.265
607335,AMBEST #8371,7378 I-10 Exit 144,Lakeland North,WA,347,3.833
607336,TA Travel Center #2499,7753 State Hwy 6 Exit 334,Ivan,AR,352,2.900
607337,AMBEST #143,7485 I-95 Exit 215,Mulberry,OH,220,3.257
607338,Road Ranger #6708,4861 US-287 Exit 333,Lee,FL,343,2.993
607339,TA Travel Center #157,7536 I-40 Exit 253,Lafe,AR,251,3.362
607340,Sapp Bros #9482,2655 I-10 Exit 121,Kalkaska,MI,127,3.369
607341,Loves Travel Stop #2966,9064 I-95 Exit 299,Natural Bridge,AL,257,2.991
607342,Road Ranger #7142,145 US-287 Exit 138,Green Level,NC,66,3.108
607343,Flying J #1332,1756 I-10 Exit 85,Coaldale,CO,194,3.505
607344,QuikTrip #4533,8503 I-95 Exit 144,Sciota,IL,203,3.003
607345,Roadys Truck Stop #8197,5104 State Hwy 6 Exit 367,Raubsville,PA,167,2.998
607346,Sapp Bros #1132,9419 US-287 Exit 119,Hastings,MN,131,3.262
607347,TA Travel Center #5608,4635 I-95 Exit 73,Spring Valley,OH,325,3.067
607348,Kwik Trip #6071,1130 I-40 Exit 185,Castleton On Hudson,NY,157,3.126
607349,Bosselman Travel Center #4446,7478 I-10 Exit 192,Woodward,IA,383,3.305
607350,Roadys Truck Stop #6177,3631 US-287 Exit 88,Armona,CA,175,3.586
607351,Petro Stopping Center #2602,2568 I-95 Exit 288,Alamo,TN,12,2.887
607352,Roadys Truck Stop #146,2885 I-95 Exit 246,Rivervale,AR,332,2.818
607353,Road Ranger #4841,9289 I-40 Exit 166,Riverside,MD,234,2.858
607354,AMBEST #9185,7466 I-10 Exit 102,Disputanta,VA,107,2.906
607355,Sapp Bros #2771,687 I-40 Exit 267,Cypress Gardens,FL,282,2.826
607356,Loves Travel Stop #1494,948 I-10 Exit 307,Brunsville,IA,229,3.039
607357,Roadys Truck Stop #3381,734 I-80 Exit 266,Lindcove,CA,217,3.287
607358,AMBEST #5732,4093 US-287 Exit 360,Ringling,OK,338,3.320
607359,Kwik Trip #1355,9112 I-95 Exit 282,Betsy Layne,KY,182,3.212
607360,Bosselman Travel Center #1849,7359 I-80 Exit 42,Freetown,IN,136,2.733
607361,Kwik Trip #6657,9224 I-95 Exit 85,Marietta,GA,326,3.044
607362,Sapp Bros #5750,2077 I-10 Exit 177,Rockbridge,OH,53,3.341
607363,Pilot Travel Center #9670,4115 US-287 Exit 207,Tremonton,UT,217,3.534
607364,Kwik Trip #206,4358 I-95 Exit 340,Caruthersville,MO,3,3.062
607365,Kwik Trip #1606,2927 I-10 Exit 249,Algood,TN,395,3.363
607366,Road Ranger #4648,7154 I-40 Exit 22,Marshfield,MO,42,2.976
607367,Loves Travel Stop #1559,6090 State Hwy 6 Exit 213,Wetherington,OH,121,3.154
607368,Road Ranger #1167,531 I-10 Exit 261,Raymond City,WV,137,3.033
607369,Kwik Trip #6166,5687 State Hwy 6 Exit 360,Prestbury,IL,311,3.031
607370,Bosselman Travel Center #3774,8582 I-40 Exit 76,Vail,PA,129,2.998
607371,Pilot Travel Center #1804,4786 State Hwy 6 Exit 208,Harmony,RI,198,2.950
607372,Kwik Trip #4430,7165 I-40 Exit 170,Hallowell,ME,315,3.038
607373,Loves Travel Stop #546,1968 US-287 Exit 164,Friendswood,TX,87,3.323
607374,AMBEST #1777,7567 I-10 Exit 104,Stuart,IA,379,2.905
607375,Pilot Travel Center #4582,3174 I-10 Exit 51,Cedro,NM,393,3.431
607376,QuikTrip #5411,216 I-95 Exit 98,Granger,IN,38,3.021
607377,AMBEST #145,6829 I-10 Exit 54,Madill,OK,247,3.111
607378,AMBEST #8117,2111 State Hwy 6 Exit 245,Lady Lake,FL,227,3.231
607379,TA Travel Center #1960,7125 State Hwy 6 Exit 148,Jackson,KY,31,3.110
607380,Roadys Truck Stop #3015,5350 I-95 Exit 176,Hermosa,SD,101,3.307
607381,Petro Stopping Center #5990,4514 State Hwy 6 Exit 314,Stratford Downtown,CT,385,2.885
607382,Road Ranger #608,8322 I-95 Exit 388,Alva,FL,100,2.983
607383,QuikTrip #2637,5355 I-95 Exit 179,Moody,TX,220,3.273
607384,Bosselman Travel Center #9309,3393 State Hwy 6 Exit 343,Newport,MN,162,3.298
607385,Pilot Travel Center #1834,5111 I-95 Exit 64,Meeker,CO,386,3.272
607386,TA Travel Center #8246,551 I-10 Exit 123,Glendale,OR,204,3.579
607387,Petro Stopping Center #6740,5874 I-10 Exit 244,Elizaville,KY,204,3.282
607388,Pilot Travel Center #5999,2394 State Hwy 6 Exit 89,Kiowa,OK,98,3.152
607389,AMBEST #8274,5750 US-287 Exit 101,Pacolet,SC,167,2.962
607390,AMBEST #1017,2049 US-287 Exit 89,Brandt,OH,221,3.262
607391,AMBEST #279,8131 US-287 Exit 274,San Pedro,NM,198,3.132
607392,Sapp Bros #8524,8652 I-80 Exit 293,Hanover,PA,249,2.983
607393,Road Ranger #9143,4453 State Hwy 6 Exit 307,Southampton,NY,58,3.356
607394,Roadys Truck Stop #6648,5389 I-95 Exit 329,Clay City,KY,42,3.041
607395,Petro Stopping Center #5037,4341 US-287 Exit 9,Leavenworth,IN,116,3.111
607396,TA Travel Center #4409,8455 I-10 Exit 374,Perryopolis,PA,290,3.182
607397,Loves Travel Stop #4283,2707 State Hwy 6 Exit 136,Okeechobee,FL,66,3.075
607398,Bosselman Travel Center #1785,5996 I-95 Exit 195,Saint Augusta,MN,165,3.045
607399,Petro Stopping Center #5518,8981 I-80 Exit 247,Lookout Mountain,TN,112,2.925
607400,Petro Stopping Center #1974,7245 I-95 Exit 301,Catasauqua,PA,103,3.114
607401,Bosselman Travel Center #4471,2849 US-287 Exit 62,Platina,CA,269,4.152
607402,Petro Stopping Center #8702,9716 I-40 Exit 6,Wynot,NE,199,2.888
607403,Pilot Travel Center #6564,8164 I-40 Exit 270,Notre Dame,IN,363,2.926
607404,TA Travel Center #4491,605 I-95 Exit 66,Tunis,TX,287,3.035
607405,Flying J #3632,958 I-40 Exit 345,Leander,TX,296,3.116
607406,Kwik Trip #5376,2609 I-95 Exit 308,Ferriday,LA,92,3.105
607407,Sapp Bros #8193,504 I-80 Exit 366,Greenville,KY,205,3.008
607408,Kwik Trip #2850,5876 State Hwy 6 Exit 39,Priest River,ID,185,3.693
607409,QuikTrip #8147,3904 I-10 Exit 63,Milford,MO,246,2.912
607410,Flying J #7387,8931 State Hwy 6 Exit 336,Mccoll,SC,305,3.292
607411,Pilot Travel Center #3714,6532 I-40 Exit 270,Freeman,SD,144,3.200
607412,Kwik Trip #2817,2718 I-95 Exit 264,Max Meadows,VA,336,3.322
607413,Flying J #3500,6845 I-95 Exit 38,Leitchfield,KY,301,3.013
607414,Kwik Trip #3501,268 I-40 Exit 355,Hinsdale,NH,100,3.178
607415,Pilot Travel Center #6130,6308 US-287 Exit 129,Blythe,GA,42,2.914
607416,Kwik Trip #9596,8048 US-287 Exit 267,Hackensack,MN,77,3.355
607417,AMBEST #9048,7528 US-287 Exit 330,Roca,NE,275,3.102
607418,AMBEST #3244,1693 I-95 Exit 336,Chiefland,FL,125,2.598
607419,AMBEST #397,2225 I-40 Exit 168,Kimberton,PA,362,2.770
607420,TA Travel Center #204,8855 I-80 Exit 360,New Lexington,OH,211,3.093
607421,Loves Travel Stop #6284,3127 I-80 Exit 258,Continental,OH,241,2.928
607422,Loves Travel Stop #1151,354 I-95 Exit 259,Allen Park,MI,66,3.000
607423,Pilot Travel Center #4924,8630 I-40 Exit 209,Cohasset,CA,49,3.956
607424,TA Travel Center #9226,9099 I-10 Exit 378,Woodland Hills,NE,190,3.178
607425,QuikTrip #1118,1789 US-287 Exit 279,Hudson,CO,384,3.734
607426,Roadys Truck Stop #7840,1870 I-95 Exit 213,Laketon,IN,179,2.741
607427,TA Travel Center #7191,4031 I-10 Exit 5,Val Verde Park,TX,85,3.056
607428,Roadys Truck Stop #8709,859 I-80 Exit 71,Sylvan Beach,NY,329,2.960
607429,AMBEST #7361,3527 I-95 Exit 382,Belle Terre,NY,376,3.346
607430,Roadys Truck Stop #6396,3014 I-95 Exit 11,Garrett,TX,296,2.923
607431,Loves Travel Stop #3431,7580 US-287 Exit 35,Villa Del Sol,TX,82,2.903
607432,Bosselman Travel Center #1270,7340 US-287 Exit 342,Bearden,OK,194,3.040
607433,QuikTrip #3596,5652 I-40 Exit 350,Chaplin,KY,274,3.178
607434,Pilot Travel Center #4594,8191 I-10 Exit 346,Ozark,AR,353,3.268
607435,Flying J #461,1658 I-95 Exit 67,Franklin,IA,135,3.051
607436,QuikTrip #4681,8455 I-95 Exit 91,Millerton,IA,143,3.070
607437,Loves Travel Stop #9066,3594 I-10 Exit 111,Highland Park,FL,181,2.875
607438,QuikTrip #1133,9738 I-40 Exit 56,Park View,IA,139,3.144
607439,Road Ranger #8026,3757 I-10 Exit 142,Woods Hole,MA,380,3.269
607440,TA Travel Center #913,8554 I-95 Exit 189,Stanhope,NJ,276,3.010
607441,AMBEST #268,522 I-10 Exit 54,Beverly Hills,MI,185,3.124
607442,Petro Stopping Center #8947,9819 I-95 Exit 210,Hewlett,NY,68,3.022
607443,TA Travel Center #417,6772 I-95 Exit 215,Hopewell,IL,247,3.109
607444,Flying J #8852,9871 US-287 Exit 33,Laguna Park,TX,394,3.635
607445,Sapp Bros #2774,4177 US-287 Exit 302,Mcleod,ND,267,3.220
607446,AMBEST #1111,2313 I-95 Exit 325,Bret Harte,CA,22,3.685
607447,Loves Travel Stop #6557,6661 US-287 Exit 55,West Slope,OR,186,4.042
607448,QuikTrip #2712,4078 I-10 Exit 145,Filer,ID,108,3.718
607449,AMBEST #7152,6538 I-10 Exit 215,Wiley Ford,WV,145,2.884
607450,AMBEST #4868,7165 US-287 Exit 334,Lucien,OK,4,3.191
607451,Flying J #4037,5968 I-40 Exit 137,Quentin,PA,197,2.821
607452,Road Ranger #1775,5355 I-10 Exit 69,Theresa,WI,230,3.107
607453,Roadys Truck Stop #5823,717 I-95 Exit 202,Four Bridges,OH,18,3.078
607454,Sapp Bros #8310,5720 State Hwy 6 Exit 312,Mandeville,LA,341,3.171
607455,Flying J #6889,3916 I-80 Exit 89,King William,VA,302,2.995
607456,Petro Stopping Center #5610,8046 State Hwy 6 Exit 121,Pleasant Plain,OH,333,3.011
607457,Petro Stopping Center #3680,4159 I-95 Exit 298,Vidette,GA,396,2.905
607458,Roadys Truck Stop #3711,709 State Hwy 6 Exit 61,Garrison,ND,311,3.340
607459,Flying J #7388,7751 I-10 Exit 32,Bladen,NE,203,3.333
607460,QuikTrip #8862,879 I-10 Exit 42,Mount Vernon,AR,282,3.170
607461,QuikTrip #1183,6841 State Hwy 6 Exit 336,Port Allen,LA,300,3.417
607462,Petro Stopping Center #1538,997 US-287 Exit 175,Lavaca,AR,196,2.984
607463,QuikTrip #2797,4424 I-80 Exit 231,Montfort,WI,141,3.380
607464,AMBEST #7355,8499 US-287 Exit 92,Buna,TX,325,3.278
607465,QuikTrip #2041,7609 I-10 Exit 33,Parmele,NC,99,2.894
607466,Roadys Truck Stop #5104,9227 State Hwy 6 Exit 226,Junction City,KY,383,3.114
607467,Loves Travel Stop #4419,3731 State Hwy 6 Exit 142,Pima,AZ,273,3.319
607468,Roadys Truck Stop #1466,7653 US-287 Exit 307,Fort Belvoir,VA,6,3.012
607469,Kwik Trip #8504,7922 I-10 Exit 7,Red Oak,NC,31,3.149
607470,Kwik Trip #9206,2903 I-95 Exit 57,Haysville,PA,202,2.963
607471,Pilot Travel Center #2839,5438 I-80 Exit 121,Hanna,OK,135,2.972
607472,Loves Travel Stop #118,2913 I-80 Exit 18,Granville,ND,38,3.649
607473,Flying J #9320,2305 I-40 Exit 211,Rollingwood,CA,13,3.684
607474,TA Travel Center #2537,8743 I-95 Exit 97,Cuylerville,NY,235,2.944
607475,Pilot Travel Center #9880,8078 I-80 Exit 215,Heceta Beach,OR,126,3.958
607476,Flying J #953,299 I-80 Exit 105,Savageville,VA,88,3.276
607477,Kwik Trip #5388,2770 I-40 Exit 73,Williamstown,VT,138,3.290
607478,TA Travel Center #2237,4532 I-40 Exit 248,Greenfield,OH,156,3.082
607479,Road Ranger #8750,6737 I-40 Exit 12,Howe,TX,206,3.021
607480,AMBEST #8489,8353 I-10 Exit 81,Wilbur Park,MO,129,3.397
607481,QuikTrip #7216,512 I-10 Exit 87,Cibolo,TX,304,3.343
607482,QuikTrip #6671,9698 I-10 Exit 311,Algonquin,IL,298,3.129
607483,Pilot Travel Center #4495,5265 I-40 Exit 345,Romancoke,MD,286,3.195
607484,TA Travel Center #7188,2269 State Hwy 6 Exit 283,Burrows,IN,85,3.385
607485,AMBEST #8145,2741 I-10 Exit 170,Erwin,TN,110,2.944
607486,QuikTrip #4844,5282 I-80 Exit 228,Griffith Creek,TN,137,2.982
607487,Pilot Travel Center #1330,3154 State Hwy 6 Exit 278,Itasca,TX,137,3.063
607488,Kwik Trip #5738,6922 US-287 Exit 102,Holyrood,KS,74,3.116
607489,AMBEST #254,6839 US-287 Exit 319,Appleton,WI,117,3.496
607490,Kwik Trip #4013,8812 I-80 Exit 231,Fruitville,FL,312,3.294
607491,Pilot Travel Center #6496,5282 US-287 Exit 173,Mountain Lake Park,MD,232,3.093
607492,Road Ranger #5487,4564 I-40 Exit 112,Dow City,IA,70,3.366
607493,Flying J #7243,6344 I-40 Exit 214,Sims,IN,94,3.140
607494,Pilot Travel Center #9145,1207 I-95 Exit 343,Canonsburg,PA,237,2.990
607495,Flying J #3251,4389 I-95 Exit 154,Maverick Mountain,MT,171,3.665
607496,Sapp Bros #2521,4691 I-80 Exit 336,Locust,NC,31,3.056
607497,Sapp Bros #2825,6875 I-10 Exit 252,Grandfather Village,NC,104,2.751
607498,Bosselman Travel Center #302,7498 State Hwy 6 Exit 371,Brandywine Bay,NC,59,2.994
607499,Flying J #2073,9082 State Hwy 6 Exit 360,Oahe Acres,SD,197,3.317
607500,Bosselman Travel Center #5641,4857 I-10 Exit 22,Union Gap,WA,13,4.166
607501,TA Travel Center #2353,243 I-10 Exit 82,Morristown,IN,363,3.276
607502,Kwik Trip #9225,6957 I-95 Exit 185,Las Palomas,NM,53,3.146
607503,TA Travel Center #7919,129 US-287 Exit 251,Whitmore Lake,MI,15,3.057
607504,AMBEST #438,3908 I-95 Exit 94,Foxcliff Estates,IN,31,2.885
607505,Pilot Travel Center #238,718 I-80 Exit 301,Obion,TN,7,3.087
607506,Kwik Trip #902,928 I-95 Exit 89,East Islip,NY,287,3.019
607507,TA Travel Center #1940,160 I-80 Exit 279,Ridott,IL,272,3.023
607508,Loves Travel Stop #4856,1821 State Hwy 6 Exit 258,Sherrill,AR,298,3.033
607509,TA Travel Center #7070,6112 US-287 Exit 29,Valley Falls,KS,41,3.344
607510,TA Travel Center #4709,2385 I-95 Exit 182,Doolittle,MO,347,2.795
607511,Sapp Bros #6134,3738 I-95 Exit 247,Cantu Addition,TX,26,2.664
607512,Loves Travel Stop #5299,5057 I-80 Exit 90,Artesia,CA,364,3.494
607513,Road Ranger #940,5990 I-95 Exit 339,Thatcher,AZ,103,3.678
607514,Flying J #7792,1126 I-10 Exit 192,Kirksville,MO,272,2.993
607515,QuikTrip #5496,5212 US-287 Exit 313,Jasper,AL,208,3.048
607516,TA Travel Center #4872,6520 State Hwy 6 Exit 30,Romulus,MI,160,3.232
607517,QuikTrip #3071,9914 US-287 Exit 262,Paguate,NM,137,3.589
607518,Bosselman Travel Center #476,338 I-40 Exit 382,Tekamah,NE,150,3.430
607519,Flying J #1704,751 I-40 Exit 223,Gratton,VA,329,3.222
607520,Pilot Travel Center #7157,7622 I-10 Exit 24,Maxbass,ND,131,3.409
607521,Road Ranger #4102,280 I-80 Exit 140,Little Chute,WI,56,3.473
607522,Bosselman Travel Center #3628,5807 I-40 Exit 258,Kenwood Estates,FL,362,2.830
607523,Pilot Travel Center #6178,4469 I-80 Exit 105,Wellston,MI,113,3.153
607524,Loves Travel Stop #5933,2081 I-95 Exit 389,Louisburg,KS,63,2.868
607525,Flying J #4201,2998 I-10 Exit 278,Lakewood,NJ,328,2.920
607526,AMBEST #4676,7335 I-10 Exit 124,Brandon,FL,291,2.945
607527,Road Ranger #9524,252 US-287 Exit 115,Nash,OK,238,2.916
607528,AMBEST #9581,9427 I-40 Exit 368,Jumpertown,MS,177,2.908
607529,AMBEST #5585,8201 I-80 Exit 283,Bowdoinham,ME,367,2.907
607530,AMBEST #1729,8649 I-40 Exit 217,Cactus,TX,66,3.262
607531,Road Ranger #9197,3166 State Hwy 6 Exit 59,Ellsworth,ME,361,3.180
607532,Petro Stopping Center #3932,4883 I-10 Exit 61,Bay City,TX,295,3.158
607533,Loves Travel Stop #7688,3362 I-10 Exit 392,Letha,ID,294,3.680
607534,Bosselman Travel Center #6006,5106 US-287 Exit 372,Raeford,NC,377,3.141
607535,Pilot Travel Center #5589,5340 US-287 Exit 399,Sledge,MS,324,2.829
607536,Loves Travel Stop #9173,3084 State Hwy 6 Exit 11,Holley,NY,6,3.282
607537,Roadys Truck Stop #2377,7133 I-95 Exit 216,Gulfport,IL,49,3.203
607538,Petro Stopping Center #4968,7832 State Hwy 6 Exit 20,Bloomingdale,TN,328,2.862
607539,QuikTrip #8175,9951 I-95 Exit 299,Williamsburg,VA,270,2.814
607540,TA Travel Center #8629,6876 State Hwy 6 Exit 150,El Valle De Arroyo Seco,NM,112,3.253
607541,Flying J #3344,9153 I-10 Exit 310,Dargan,MD,267,3.175
607542,TA Travel Center #5347,9211 I-95 Exit 30,Minnehaha,WA,158,3.621
607543,Bosselman Travel Center #6627,2748 US-287 Exit 86,Uhrichsville,OH,182,3.234
607544,Kwik Trip #580,4153 I-10 Exit 58,West Wood,UT,168,3.524
607545,Flying J #9997,5590 I-80 Exit 34,Delia,KS,373,3.140
607546,TA Travel Center #1192,5058 I-10 Exit 260,Wellsville,OH,171,3.196
607547,AMBEST #8024,5649 I-40 Exit 231,Bovina,TX,137,3.278
607548,Loves Travel Stop #3137,6827 I-80 Exit 41,Lake Orion,MI,301,3.417
607549,QuikTrip #4133,1812 US-287 Exit 187,Caddo Valley,AR,232,3.125
607550,Petro Stopping Center #3152,5401 I-95 Exit 337,Cape Vincent,NY,218,3.345
607551,Road Ranger #6534,150 I-40 Exit 292,Basalt,CO,352,3.757
607552,Petro Stopping Center #6670,1784 I-40 Exit 217,Miramar,FL,1,2.759
607553,Kwik Trip #1977,401 State Hwy 6 Exit 153,Crossett,AR,342,2.959
607554,Petro Stopping Center #9040,6723 I-40 Exit 331,Whitesville,VA,390,3.144
607555,Road Ranger #5505,780 I-95 Exit 185,Siesta Shores,TX,168,3.110
607556,AMBEST #8911,391 I-80 Exit 8,Fredonia Biscoe,AR,206,3.063
607557,AMBEST #1999,5780 US-287 Exit 245,Cyr,MT,48,3.843
607558,Kwik Trip #7722,1094 I-80 Exit 321,Dahlonega,GA,237,3.081
607559,Loves Travel Stop #3470,1917 I-40 Exit 391,Ivins,UT,300,3.548
607560,Road Ranger #7570,1362 I-40 Exit 32,Riverdale Park,MD,102,3.155
607561,Roadys Truck Stop #6414,7162 I-40 Exit 223,Warsaw,IL,108,3.237
607562,QuikTrip #8682,9234 I-40 Exit 390,Glassmanor,MD,180,3.284
607563,Bosselman Travel Center #4571,5615 State Hwy 6 Exit 379,Newville,PA,32,2.892
607564,Sapp Bros #5411,9797 I-95 Exit 56,Saint Marys,IA,170,3.242
607565,TA Travel Center #4462,3054 State Hwy 6 Exit 355,Oakfield,NY,161,2.993
607566,Loves Travel Stop #6266,1807 US-287 Exit 101,La Monte,MO,321,2.867
607567,AMBEST #6510,4299 US-287 Exit 397,Low Mountain,AZ,114,3.482
607568,Flying J #344,527 I-80 Exit 4,South San Francisco,CA,16,3.666
607569,Petro Stopping Center #5848,2893 I-40 Exit 270,Bennettsville,SC,386,3.106
607570,Bosselman Travel Center #6305,8502 I-95 Exit 384,Jennings,MO,263,3.191
607571,AMBEST #9077,3872 I-40 Exit 45,Villanueva,NM,149,3.232
607572,Kwik Trip #6845,8217 State Hwy 6 Exit 278,Nederland,TX,131,2.918
607573,Petro Stopping Center #4594,1179 I-10 Exit 397,Washington Heights,NY,77,3.269
607574,Loves Travel Stop #8013,938 State Hwy 6 Exit 76,Windcrest,TX,74,3.219
607575,AMBEST #1918,8286 I-95 Exit 300,Encinal,TX,158,3.287
607576,Road Ranger #162,3320 I-80 Exit 8,Eagle Lake,IL,4,3.300
607577,Road Ranger #3568,9449 I-40 Exit 82,Oakleaf Plantation,FL,320,3.089
607578,TA Travel Center #5863,5201 I-10 Exit 79,Rockwell Place,TX,260,3.116
607579,Flying J #9685,9237 I-40 Exit 57,Holloway,OH,73,3.197
607580,QuikTrip #317,1504 I-80 Exit 351,Soudersburg,PA,134,3.182
607581,AMBEST #4698,2587 I-10 Exit 102,Virginia,IL,204,3.174
607582,Roadys Truck Stop #8127,3954 I-80 Exit 358,Eureka,MT,87,3.741
607583,Bosselman Travel Center #2113,7498 I-40 Exit 85,Newtonia,MO,128,3.042
607584,Bosselman Travel Center #5396,5512 US-287 Exit 1,Hagerman,NM,318,3.220
607585,Flying J #4681,3856 State Hwy 6 Exit 367,Pelican Marsh,FL,262,2.808
607586,Roadys Truck Stop #9485,1829 US-287 Exit 282,Deer River,MN,29,2.990
607587,Flying J #553,6526 State Hwy 6 Exit 191,Hyattville,WY,204,3.436
607588,Road Ranger #543,732 I-80 Exit 261,Lacoochee,FL,346,2.860
607589,QuikTrip #5341,5528 State Hwy 6 Exit 231,Rock Hall,MD,197,3.165
607590,TA Travel Center #9216,2239 I-80 Exit 99,Lane,OK,141,2.969
607591,Petro Stopping Center #3955,443 I-10 Exit 129,Auburn,WA,244,4.012
607592,TA Travel Center #287,5782 I-40 Exit 377,Nixon,TN,99,3.087
607593,Bosselman Travel Center #5941,4771 I-40 Exit 149,Empire,CO,292,3.580
607594,Loves Travel Stop #1557,1396 I-80 Exit 271,Dorseyville,PA,131,2.881
607595,TA Travel Center #5318,6840 I-10 Exit 47,Shepherd,MT,306,3.435
607596,Flying J #2304,6697 I-10 Exit 273,Lawrence,KS,215,3.141
607597,TA Travel Center #6120,1565 I-80 Exit 240,Twin Lakes,IA,245,3.211
607598,AMBEST #9950,171 US-287 Exit 186,Bagdad,FL,184,3.119
607599,Bosselman Travel Center #282,8504 US-287 Exit 338,Brownsdale,MN,265,3.125
607600,Petro Stopping Center #5175,6814 I-95 Exit 137,Fort Pierre,SD,111,3.305
607601,Pilot Travel Center #7483,4722 I-95 Exit 258,California City,CA,335,3.659
607602,QuikTrip #6744,8330 I-40 Exit 75,Canton,IL,240,3.037
607603,Kwik Trip #8310,8559 I-10 Exit 317,Gardner,FL,1,3.003
607604,TA Travel Center #2507,6743 I-95 Exit 290,Canadian Lakes,MI,181,3.076
607605,Loves Travel Stop #934,6976 I-80 Exit 311,Cerritos,CA,388,3.641
607606,Sapp Bros #2940,460 I-80 Exit 20,South Amherst,OH,217,3.182
607607,Road Ranger #5626,8068 I-40 Exit 75,La Ward,TX,287,2.739
607608,Flying J #4828,8389 I-40 Exit 334,Johnsburg,IL,397,3.106
607609,Kwik Trip #415,1314 I-80 Exit 224,Wattsburg,PA,29,3.162
607610,Bosselman Travel Center #4927,8216 US-287 Exit 367,Whippoorwill,OK,393,2.949
607611,TA Travel Center #2067,4629 I-80 Exit 173,Tetherow,OR,135,3.846
607612,Kwik Trip #3074,7532 I-40 Exit 287,Madison,SD,301,2.866
607613,Kwik Trip #598,4921 US-287 Exit 235,Clinton,NY,202,3.021
607614,Roadys Truck Stop #2661,5937 I-95 Exit 359,Liberal,KS,153,3.166
607615,QuikTrip #404,7982 I-10 Exit 80,Round Lake,IL,60,2.927
607616,Bosselman Travel Center #9729,9802 US-287 Exit 320,Porum,OK,29,3.075
607617,Sapp Bros #3800,849 US-287 Exit 138,Lakewood,OH,114,3.104
607618,Bosselman Travel Center #7769,5020 I-40 Exit 202,Lyons,NY,127,3.039
607619,AMBEST #6005,922 State Hwy 6 Exit 1,Green Acres,ND,22,3.021
607620,Pilot Travel Center #7758,4105 I-80 Exit 292,Wauzeka,WI,250,2.833
607621,Flying J #5450,1980 I-40 Exit 297,Springview,NE,4,3.426
607622,AMBEST #3547,1566 I-95 Exit 214,Brooksburg,IN,355,2.938
607623,Kwik Trip #4036,9639 I-95 Exit 351,Sutton,WV,166,2.763
607624,Road Ranger #6384,4088 State Hwy 6 Exit 193,Homecroft,IN,369,2.921
607625,Road Ranger #6475,3891 I-95 Exit 35,Bud,WV,347,3.003
607626,Bosselman Travel Center #2026,8303 I-10 Exit 1,Newton,MS,245,2.987
607627,Flying J #2726,1651 I-95 Exit 303,Ute Park,NM,396,3.270
607628,AMBEST #1149,8120 I-10 Exit 105,Melwood,MD,143,3.006
607629,Kwik Trip #6530,626 State Hwy 6 Exit 350,Candler Mcafee,GA,46,2.752
607630,Sapp Bros #4855,6096 I-40 Exit 249,Grass Valley,OR,327,3.942
607631,Road Ranger #6050,6580 I-95 Exit 337,Maple Bluff,WI,219,2.976
607632,QuikTrip #8231,9481 I-40 Exit 366,Patoka,IL,30,3.025
607633,Loves Travel Stop #3213,9275 I-10 Exit 273,Eagle Rock,MO,186,2.820
607634,QuikTrip #1272,9578 I-40 Exit 128,Seacliff,CA,319,3.695
607635,TA Travel Center #1152,2026 State Hwy 6 Exit 29,Childers Hill,TN,380,2.881
607636,Roadys Truck Stop #6266,9761 State Hwy 6 Exit 55,Smithfield,NC,133,3.327
607637,AMBEST #7868,9586 State Hwy 6 Exit 343,Warden,WA,290,3.895
607638,TA Travel Center #6512,9863 US-287 Exit 269,Francisco,IN,48,3.256
607639,Flying J #4152,6225 I-80 Exit 302,Rio Communities,NM,342,3.152
607640,Petro Stopping Center #1044,580 US-287 Exit 383,Shafer,MN,149,3.399
607641,Sapp Bros #3902,554 US-287 Exit 69,Mechanicsburg,PA,56,2.999
607642,Flying J #1499,6956 I-10 Exit 210,Dugger,IN,179,3.443
607643,Loves Travel Stop #9247,9825 I-95 Exit 396,Port Sulphur,LA,320,2.972
607644,AMBEST #4379,837 I-80 Exit 297,Nashotah,WI,277,3.224
607645,Loves Travel Stop #7197,8391 State Hwy 6 Exit 286,Walterhill,TN,327,3.062
607646,TA Travel Center #2105,397 I-40 Exit 116,Virgil,KS,344,3.195
607647,Kwik Trip #5619,8427 I-95 Exit 137,Peconic,NY,244,3.149
607648,Sapp Bros #6177,1747 US-287 Exit 341,Bloomfield,PA,89,3.147
607649,Loves Travel Stop #9741,8769 I-80 Exit 209,Vanderbilt,PA,358,3.317
607650,Pilot Travel Center #8877,1418 I-10 Exit 237,Cougar,WA,73,4.206
607651,Road Ranger #6622,386 State Hwy 6 Exit 221,Glenmont,MD,46,3.134
607652,Pilot Travel Center #5158,4329 I-40 Exit 171,Fernville,PA,202,3.153
607653,Kwik Trip #2333,1081 State Hwy 6 Exit 80,Centerburg,OH,248,2.985
607654,Bosselman Travel Center #9421,4913 I-95 Exit 355,Garretts Mill,MD,315,2.867
607655,Petro Stopping Center #1010,2072 I-10 Exit 265,Rose Hill Acres,TX,317,3.076
607656,TA Travel Center #6408,7048 I-80 Exit 393,Grenada,MS,295,2.815
607657,Flying J #6346,7470 US-287 Exit 29,Orwin,PA,260,2.994
607658,Road Ranger #734,610 I-80 Exit 380,Enderlin,ND,92,3.085
607659,Bosselman Travel Center #5702,8140 I-40 Exit 115,King And Queen Court House,VA,153,2.702
607660,Sapp Bros #6243,3574 US-287 Exit 61,East Brooklyn,CT,244,2.871
607661,Roadys Truck Stop #1069,7970 I-95 Exit 353,Alexander,IA,268,2.915
607662,Bosselman Travel Center #4080,6963 I-10 Exit 283,Trimble,MO,393,3.085
607663,Bosselman Travel Center #2129,9927 US-287 Exit 96,Maxatawny,PA,23,2.906
607664,Roadys Truck Stop #4109,4760 State Hwy 6 Exit 228,New Market,IA,240,2.980
607665,Petro Stopping Center #1818,5782 US-287 Exit 387,Mckinley,PA,220,3.249
607666,Flying J #5056,4973 I-10 Exit 63,Marietta,NC,314,2.855
607667,Pilot Travel Center #1539,2999 I-95 Exit 15,Elrama,PA,92,2.956
607668,Bosselman Travel Center #4335,2484 I-40 Exit 228,Groveton,VA,133,2.998
607669,Kwik Trip #1029,1218 US-287 Exit 185,Bucklin,KS,309,3.131
607670,Roadys Truck Stop #5251,2337 I-80 Exit 234,Yeager,OK,41,3.085
607671,Bosselman Travel Center #2364,6971 I-10 Exit 282,Moores Mill,PA,10,2.625
607672,AMBEST #980,9449 State Hwy 6 Exit 235,Rush Valley,UT,3,3.684
607673,Kwik Trip #3966,3478 I-95 Exit 271,Bushyhead,OK,363,3.081
607674,Bosselman Travel Center #7632,3958 I-80 Exit 272,Aransas Pass,TX,66,3.011
607675,Kwik Trip #8013,8430 I-10 Exit 316,Pine Lakes,FL,327,2.932
607676,AMBEST #7347,2572 I-80 Exit 174,Moscow Mills,MO,94,2.817
607677,Kwik Trip #8914,1836 US-287 Exit 50,Natrona,PA,98,2.818
607678,TA Travel Center #8387,8272 I-40 Exit 361,Plattsmouth,NE,13,3.236
607679,Pilot Travel Center #3040,3543 I-95 Exit 242,Harvard,IL,232,3.173
607680,Loves Travel Stop #3502,4880 US-287 Exit 397,Gulf Gate,FL,356,2.837
607681,Sapp Bros #1135,6777 I-80 Exit 272,Tierra Dorada,TX,263,3.249
607682,Flying J #3022,8357 I-95 Exit 313,Redington Shores,FL,227,2.903
607683,AMBEST #1982,764 US-287 Exit 238,Solon Springs,WI,165,3.121
607684,Loves Travel Stop #1995,1338 I-95 Exit 8,Cannon Beach,OR,316,4.193
607685,Kwik Trip #1578,6809 State Hwy 6 Exit 351,Seelyville,IN,5,3.040
607686,Kwik Trip #9978,1874 I-10 Exit 61,Maplewood,WA,80,3.724
607687,Kwik Trip #1924,5008 State Hwy 6 Exit 51,Evening Shade,AR,137,3.061
607688,Pilot Travel Center #1858,1578 US-287 Exit 324,Hiltonia,GA,146,3.264
607689,Pilot Travel Center #3406,3325 US-287 Exit 314,Augusta,IL,218,3.113
607690,QuikTrip #742,5479 US-287 Exit 105,Montauk,NY,9,3.042
607691,Bosselman Travel Center #7119,2301 I-10 Exit 252,Mud Lake,ID,229,3.829
607692,Bosselman Travel Center #8571,6822 I-95 Exit 102,Brooten,MN,31,3.120
607693,Loves Travel Stop #7382,8201 State Hwy 6 Exit 91,Pine Valley,UT,208,3.818
607694,Road Ranger #2487,7961 I-10 Exit 158,Brillion,WI,190,3.205
607695,Flying J #7798,9926 US-287 Exit 387,Doral,FL,331,2.679
607696,Kwik Trip #2809,6590 I-10 Exit 30,Riverbend,MT,363,3.898
607697,Roadys Truck Stop #9992,2466 I-95 Exit 396,Shelby,MI,10,3.051
607698,AMBEST #6219,9207 I-95 Exit 345,City Of Creede,CO,373,3.570
607699,Flying J #784,3986 I-80 Exit 175,Ripley,MS,27,3.144
607700,Roadys Truck Stop #6545,740 I-40 Exit 93,Mountain Lake,MN,266,3.140
607701,Sapp Bros #5468,1089 I-80 Exit 285,Elk Mound,WI,144,3.001
607702,Loves Travel Stop #207,6976 I-95 Exit 333,Forest Heights,TX,318,2.717
607703,QuikTrip #3269,1318 State Hwy 6 Exit 127,Linden,IN,221,2.702
607704,TA Travel Center #4180,1391 I-40 Exit 345,Factoryville,PA,62,3.225
607705,Road Ranger #597,4840 US-287 Exit 296,Mulberry,AR,238,2.986
607706,Pilot Travel Center #1886,2813 I-40 Exit 256,Sellers,SC,115,3.086
607707,Pilot Travel Center #9011,1374 State Hwy 6 Exit 103,Hitchita,OK,148,2.986
607708,Sapp Bros #433,2303 State Hwy 6 Exit 392,Drexel Heights,AZ,86,3.456
607709,Sapp Bros #7282,7583 I-80 Exit 222,Riverwood,IN,43,3.173
607710,Road Ranger #5168,4071 State Hwy 6 Exit 58,Mount Eagle,PA,359,2.973
607711,TA Travel Center #8230,3215 US-287 Exit 288,Ladysmith,WI,184,3.210
607712,Petro Stopping Center #3291,4984 I-95 Exit 79,Vandercook Lake,MI,74,2.865
607713,Kwik Trip #217,8448 US-287 Exit 230,Prospect,LA,195,3.094
607714,Flying J #6405,2898 I-80 Exit 295,Fay,OK,43,3.113
607715,Roadys Truck Stop #1827,4195 I-10 Exit 174,Naples,ME,2,3.251
607716,AMBEST #5727,5302 I-80 Exit 173,Woodville,CA,201,3.891
607717,Kwik Trip #7409,945 I-95 Exit 275,Murrieta,CA,21,3.396
607718,Sapp Bros #7956,2429 I-95 Exit 258,Loganville,GA,322,3.219
607719,Bosselman Travel Center #9101,2510 I-40 Exit 177,Junction City,IL,157,3.225
607720,Road Ranger #2918,9056 I-80 Exit 315,Binford,ND,50,3.356
607721,TA Travel Center #7284,1469 State Hwy 6 Exit 146,Monmouth,CA,119,3.879
607722,Sapp Bros #9087,1061 I-40 Exit 211,Ocean View,DE,268,3.176
607723,Petro Stopping Center #1320,1349 State Hwy 6 Exit 18,Sylacauga,AL,85,2.779
607724,Road Ranger #1132,2866 I-80 Exit 55,Chance,MD,388,2.816
607725,TA Travel Center #5920,8937 US-287 Exit 252,Good Hope,AL,393,3.140
607726,Petro Stopping Center #8537,4772 I-95 Exit 293,Bruno,WV,356,3.226
607727,Flying J #6797,9445 I-95 Exit 8,Key Vista,FL,360,3.068
607728,Pilot Travel Center #9316,1825 I-80 Exit 192,Dupont,PA,339,3.204
607729,Road Ranger #7753,9307 I-40 Exit 111,Chesapeake,VA,241,3.011
607730,Loves Travel Stop #5087,1387 US-287 Exit 385,Brazoria,TX,241,2.885
607731,Pilot Travel Center #9400,6236 I-80 Exit 63,Fort White,FL,32,2.986
607732,Pilot Travel Center #5721,8887 I-95 Exit 290,Talmage,NE,84,2.942
607733,Roadys Truck Stop #2056,1909 I-40 Exit 345,Iola,PA,153,3.224
607734,QuikTrip #6858,1887 I-10 Exit 147,Oceanside,NY,294,2.846
607735,Petro Stopping Center #3370,4934 I-40 Exit 178,Irwinton,GA,32,3.283
607736,Roadys Truck Stop #8298,1753 I-95 Exit 157,Beaver Valley,AZ,347,3.634
607737,AMBEST #6175,7545 US-287 Exit 132,Seville Colony,MT,360,3.631
607738,Sapp Bros #6164,8498 I-95 Exit 240,Stockdale,OH,65,2.972
607739,Bosselman Travel Center #5273,6080 I-40 Exit 180,Falun,KS,187,3.282
607740,Loves Travel Stop #152,8611 State Hwy 6 Exit 330,Verdigris,OK,45,3.050
607741,Sapp Bros #5104,270 I-95 Exit 289,Magnetic Springs,OH,87,3.268
607742,AMBEST #3297,4841 State Hwy 6 Exit 205,Terrytown,LA,86,3.328
607743,Bosselman Travel Center #7483,2714 US-287 Exit 369,East Randolph,NY,151,2.952
607744,Sapp Bros #9805,5289 State Hwy 6 Exit 96,Leonardtown,MD,221,3.011
607745,Flying J #5027,8608 I-10 Exit 192,Stockton,GA,172,2.961
607746,Flying J #598,7662 I-80 Exit 305,Millington,TN,194,2.988
607747,AMBEST #7587,8924 I-80 Exit 278,Reader,WV,204,2.915
607748,TA Travel Center #8488,5467 I-95 Exit 13,Spring Valley,WI,138,3.282
607749,Pilot Travel Center #6963,2193 I-40 Exit 292,Lyman,NE,328,3.238
607750,Petro Stopping Center #1986,272 I-80 Exit 120,Idaville,PA,368,3.398
607751,Pilot Travel Center #1835,3311 I-40 Exit 380,Smithfield,WV,57,3.112
607752,Roadys Truck Stop #4064,4147 I-95 Exit 276,Inverness Highlands South,FL,283,2.846
607753,Roadys Truck Stop #8535,4990 I-95 Exit 209,Presho,SD,219,3.112
607754,Flying J #4619,8490 I-40 Exit 183,Sharon,WI,351,3.192
607755,Flying J #9475,1513 I-80 Exit 87,Atlanta,MO,42,2.974
607756,Road Ranger #6665,631 US-287 Exit 215,Huntersville,NC,293,2.958
607757,Pilot Travel Center #4486,3992 State Hwy 6 Exit 360,Belvoir,NC,156,2.996
607758,Road Ranger #6338,4365 US-287 Exit 71,Palmer,TN,332,2.910
607759,Loves Travel Stop #1346,329 State Hwy 6 Exit 227,Modoc,IN,8,2.899
607760,Sapp Bros #3520,715 I-80 Exit 88,Fayette,IA,210,2.948
607761,AMBEST #1568,5645 I-40 Exit 324,Firth,ID,285,3.557
607762,Pilot Travel Center #5106,4638 State Hwy 6 Exit 134,Corning,OH,390,3.087
607763,Roadys Truck Stop #3849,8804 I-95 Exit 287,Saint Maries,ID,297,3.883
607764,Pilot Travel Center #1175,5143 I-10 Exit 132,Millstone,KY,378,3.219
607765,AMBEST #8050,9461 I-40 Exit 357,Bowmanstown,PA,332,3.221
607766,QuikTrip #3693,5442 I-95 Exit 32,Gary,IN,171,3.017
607767,Petro Stopping Center #1895,7164 I-80 Exit 54,Cabery,IL,262,3.010
607768,QuikTrip #5952,725 I-40 Exit 212,Westport,WA,338,3.914
607769,AMBEST #9368,2699 I-40 Exit 172,Wilmerding,PA,98,3.055
607770,Pilot Travel Center #5438,485 I-10 Exit 214,Highland,IL,364,3.043
607771,QuikTrip #4772,8351 I-10 Exit 392,Hedwig Village,TX,64,3.040
607772,Bosselman Travel Center #8902,9404 I-40 Exit 104,Millersburg,OH,347,2.778
607773,AMBEST #3938,634 I-80 Exit 304,Osaka,VA,121,2.756
607774,AMBEST #8471,1822 I-80 Exit 360,Henderson Point,MS,1,3.015
607775,Road Ranger #1736,2327 I-40 Exit 236,Northwood,IA,12,2.911
607776,Petro Stopping Center #9745,5394 State Hwy 6 Exit 36,North Bend,PA,276,2.923
607777,Loves Travel Stop #3485,4273 I-40 Exit 32,Decaturville,TN,95,3.061
607778,Loves Travel Stop #6462,9394 I-40 Exit 364,Hawthorne,FL,279,2.945
607779,Sapp Bros #3586,6911 I-40 Exit 30,Harford,PA,213,2.907
607780,Roadys Truck Stop #9746,6287 State Hwy 6 Exit 4,Noel,MO,95,3.046
607781,Sapp Bros #8764,2113 I-80 Exit 244,Craig,NE,54,3.012
607782,TA Travel Center #6619,8930 I-10 Exit 168,Broadview,IL,366,3.122
607783,AMBEST #8199,8855 I-40 Exit 31,Rushford,NY,177,3.086
607784,Petro Stopping Center #1127,6806 I-10 Exit 354,Winsted,MN,283,2.930
607785,Roadys Truck Stop #3929,1306 I-95 Exit 183,Armour,SD,191,3.312
607786,QuikTrip #6306,8039 I-95 Exit 225,Telford,PA,313,3.189
607787,AMBEST #144,5364 I-10 Exit 154,Albertson,NY,63,3.239
607788,Road Ranger #6337,9867 I-40 Exit 45,Keomah Village,IA,184,2.998
607789,Flying J #4827,440 I-10 Exit 163,Montecito,CA,75,3.732
607790,Bosselman Travel Center #6842,9698 State Hwy 6 Exit 292,La Paloma Addition,TX,229,2.939
607791,Roadys Truck Stop #8559,7099 I-95 Exit 293,Southwood Acres,CT,6,3.281
607792,TA Travel Center #8344,2051 State Hwy 6 Exit 7,Flowing Wells,AZ,134,3.517
607793,Loves Travel Stop #4093,8227 I-95 Exit 364,Newville,AL,329,2.769
607794,Petro Stopping Center #9366,7983 I-40 Exit 108,Lockhart,FL,283,3.083
607795,Flying J #5096,1655 I-40 Exit 123,Kingsford,MI,36,3.185
607796,Sapp Bros #8041,7982 I-40 Exit 36,Berry,AL,276,2.970
607797,Flying J #301,7837 I-95 Exit 157,Hickory,NC,314,3.213
607798,Petro Stopping Center #5775,6277 I-40 Exit 351,Campobello,SC,362,2.932
607799,Bosselman Travel Center #4845,3885 I-80 Exit 13,Morven,GA,62,3.433
607800,TA Travel Center #2203,3323 I-95 Exit 394,Gerber,CA,328,3.678
607801,Flying J #5793,4545 I-40 Exit 127,Benton,IN,192,2.977
607802,Flying J #9275,4366 US-287 Exit 249,Oakland Acres,IA,83,3.135
607803,AMBEST #7749,9144 I-40 Exit 67,Brush Prairie,WA,57,3.610
607804,Road Ranger #5235,7968 I-80 Exit 190,Felicity,OH,44,2.857
607805,Sapp Bros #4812,9391 State Hwy 6 Exit 25,Duncan Falls,OH,345,3.033
607806,Road Ranger #7220,6818 US-287 Exit 249,Toledo,IL,47,3.113
607807,TA Travel Center #4563,3528 US-287 Exit 375,Powder Horn,WY,378,3.206
607808,Kwik Trip #3714,4400 I-95 Exit 168,Bear Lake,PA,152,3.277
607809,Bosselman Travel Center #7567,5685 I-40 Exit 352,Farwell,NE,169,3.313
607810,Pilot Travel Center #507,5239 I-95 Exit 119,Ponshewaing,MI,76,2.938
607811,Roadys Truck Stop #9674,7820 I-10 Exit 122,Luray,VA,208,3.468
607812,Flying J #1065,1253 State Hwy 6 Exit 311,Pueblo Of Sandia Village,NM,267,3.499
607813,AMBEST #2637,1582 I-10 Exit 21,Hollis,OK,315,3.111
607814,Kwik Trip #4089,3923 I-80 Exit 274,Crump,TN,171,3.123
607815,Bosselman Travel Center #6249,9288 I-80 Exit 135,Montgomery,MI,163,3.231
607816,Road Ranger #1364,1011 State Hwy 6 Exit 178,Hampton,TN,47,3.162
607817,Sapp Bros #1637,3650 I-95 Exit 77,Muskego,WI,392,3.193
607818,Bosselman Travel Center #3325,6308 US-287 Exit 262,Mercedes,TX,281,3.179
607819,Flying J #4596,6433 I-40 Exit 170,Marshfield Hills,MA,77,3.372
607820,Petro Stopping Center #9059,9027 I-80 Exit 163,Bulpitt,IL,75,3.047
607821,Roadys Truck Stop #7747,9952 I-40 Exit 378,Herndon,VA,99,3.134
607822,Loves Travel Stop #5909,8340 State Hwy 6 Exit 296,Princeville,NC,146,2.849
607823,Pilot Travel Center #4992,8532 State Hwy 6 Exit 40,Grangeville,CA,271,3.653
607824,Bosselman Travel Center #1423,7749 I-95 Exit 4,Seat Pleasant,MD,393,3.051
607825,QuikTrip #6526,6970 I-40 Exit 186,Mcchord Afb,WA,131,3.802
607826,Pilot Travel Center #7101,1826 I-95 Exit 226,Leisure World,MD,27,3.232
607827,Pilot Travel Center #1418,3620 State Hwy 6 Exit 161,Saint Marie,MT,36,3.503
607828,Roadys Truck Stop #3413,6015 State Hwy 6 Exit 202,Sidell,IL,309,3.097
607829,Loves Travel Stop #4027,6733 US-287 Exit 331,Rye,CO,229,3.447
607830,Sapp Bros #9816,9075 US-287 Exit 196,La Vale,MD,279,3.312
607831,Petro Stopping Center #2997,1755 I-10 Exit 88,Eddyville,IA,67,2.668
607832,Kwik Trip #5293,3508 US-287 Exit 129,Dora,AL,53,2.985
607833,Petro Stopping Center #4111,705 I-40 Exit 327,Casa Colorada,NM,295,3.358
607834,QuikTrip #3909,6645 I-80 Exit 77,Nogal,NM,167,3.490
607835,Loves Travel Stop #5905,4002 I-40 Exit 23,Bibo,NM,364,3.373
607836,Kwik Trip #561,4869 US-287 Exit 114,Oxford,IA,46,3.218
607837,Pilot Travel Center #699,2896 US-287 Exit 313,Fairbanks Ranch,CA,24,3.593
607838,Road Ranger #7973,7247 I-95 Exit 45,Trenton,NJ,239,3.240
607839,Loves Travel Stop #3702,5750 I-95 Exit 165,Boyle,MS,35,2.890
607840,Petro Stopping Center #6860,9608 I-10 Exit 53,Dixon,IL,243,2.941
607841,TA Travel Center #8432,5035 State Hwy 6 Exit 44,Mountain Pine,AR,74,2.803
607842,Bosselman Travel Center #2587,8114 I-80 Exit 156,Granite,OK,44,3.222
607843,Bosselman Travel Center #8944,8073 I-95 Exit 103,Cottonwood Shores,TX,123,3.086
607844,Sapp Bros #5761,7479 State Hwy 6 Exit 36,Pajarito Mesa,NM,124,3.421
607845,Sapp Bros #5716,2246 I-10 Exit 72,Shaft,MD,3,3.045
607846,TA Travel Center #7368,7214 I-40 Exit 338,Alleghany,CA,251,3.714
607847,QuikTrip #551,655 I-40 Exit 89,Saddle Butte,MT,274,3.730
607848,Road Ranger #5708,1212 State Hwy 6 Exit 94,Canfield,OH,333,3.135
607849,Bosselman Travel Center #4537,9046 I-95 Exit 365,Potlatch,ID,306,3.655
607850,Road Ranger #1987,1604 I-95 Exit 262,Retreat,TX,293,3.005
607851,Roadys Truck Stop #9122,4128 US-287 Exit 155,Lake Holiday,IL,18,2.923
607852,AMBEST #6598,4262 I-40 Exit 380,Vanduser,MO,198,3.238
607853,Pilot Travel Center #5696,6594 US-287 Exit 107,Tierra Bonita,TX,71,3.041
607854,Kwik Trip #9103,5618 I-40 Exit 295,Lyons,TX,36,3.010
607855,Sapp Bros #8283,3025 State Hwy 6 Exit 167,Ocean Shores,WA,2,3.993
607856,Flying J #6866,2889 I-80 Exit 309,Greenville,IL,275,2.889
607857,TA Travel Center #2748,5484 I-40 Exit 177,Golden,CO,126,3.218
607858,Flying J #1630,2218 I-80 Exit 162,Eustis,FL,287,2.960
607859,Petro Stopping Center #8602,4450 I-80 Exit 32,Thendara,NY,293,3.098
607860,Petro Stopping Center #4624,7166 I-10 Exit 388,Sage Creek Colony,MT,81,3.828
607861,Pilot Travel Center #4486,3169 US-287 Exit 173,Nemaha,IA,376,2.761
607862,QuikTrip #3159,7438 I-80 Exit 394,Manchester Center,VT,45,3.113
607863,Flying J #2762,1541 I-40 Exit 330,Ridgeley,WV,261,3.619
607864,AMBEST #2716,9785 I-80 Exit 278,North Webster,IN,19,3.209
607865,QuikTrip #4605,3612 I-95 Exit 176,Greenview,WV,393,3.246
607866,TA Travel Center #839,3912 I-80 Exit 44,Shippingport,PA,338,3.059
607867,Roadys Truck Stop #5576,2104 US-287 Exit 188,Columbus,KY,219,2.765
607868,Flying J #3208,7290 State Hwy 6 Exit 38,Bazile Mills,NE,25,2.844
607869,QuikTrip #2358,7298 State Hwy 6 Exit 338,Acushnet Center,MA,375,2.845
607870,QuikTrip #6945,5503 I-10 Exit 377,Alhambra Valley,CA,311,3.734
607871,QuikTrip #3950,2586 US-287 Exit 215,Boulevard Park,WA,14,3.798
607872,Pilot Travel Center #5826,384 I-80 Exit 355,Gardi,GA,47,3.138
607873,Loves Travel Stop #9903,2340 US-287 Exit 6,Dunes City,OR,369,3.980
607874,AMBEST #3683,6594 I-10 Exit 267,Clarksdale,MS,87,2.822
607875,Sapp Bros #1165,7612 I-40 Exit 327,Manchester,OK,76,3.090
607876,Sapp Bros #6165,2516 State Hwy 6 Exit 233,Auburndale,WI,131,3.368
607877,Roadys Truck Stop #9399,3970 US-287 Exit 156,Coopersville,MI,98,3.150
607878,TA Travel Center #9124,3245 State Hwy 6 Exit 88,Rapids,NY,39,3.192
607879,Flying J #230,3133 I-10 Exit 254,Miltonsburg,OH,108,3.194
607880,Petro Stopping Center #5063,9067 US-287 Exit 5,Lueders,TX,329,3.413
607881,Pilot Travel Center #297,4579 US-287 Exit 111,Chinook,WA,154,3.922
607882,TA Travel Center #2872,8291 I-10 Exit 310,Barkeyville,PA,69,3.257
607883,Kwik Trip #1268,8185 I-80 Exit 248,Humphrey,AR,91,3.004
607884,Petro Stopping Center #7762,7442 I-80 Exit 350,University,FL,11,3.091
607885,Petro Stopping Center #8822,4415 US-287 Exit 123,Renville,MN,251,3.506
607886,TA Travel Center #9153,2564 US-287 Exit 348,Grenloch,NJ,189,3.066
607887,Bosselman Travel Center #9997,5135 I-95 Exit 148,Hazleton,PA,287,3.246
607888,QuikTrip #5823,9559 State Hwy 6 Exit 187,Anthonyville,AR,189,3.286
607889,Bosselman Travel Center #9132,8166 State Hwy 6 Exit 396,Alexandria,AL,324,3.013
607890,Bosselman Travel Center #4200,1842 I-80 Exit 13,Romulus,NY,2,2.818
607891,Kwik Trip #7287,1628 I-40 Exit 217,Challenge Brownsville,CA,76,3.874
607892,AMBEST #1895,6559 I-95 Exit 110,Kilby Butte Colony,MT,392,3.809
607893,Loves Travel Stop #8372,3111 I-10 Exit 136,West Little River,FL,382,3.160
607894,Roadys Truck Stop #4808,9612 US-287 Exit 205,Young Harris,GA,359,2.735
607895,Roadys Truck Stop #5571,6685 I-10 Exit 213,Keo,AR,6,3.042
607896,Roadys Truck Stop #2419,4682 I-10 Exit 161,Chical,NM,41,3.396
607897,Flying J #1076,9630 State Hwy 6 Exit 58,Wright Patterson Afb,OH,386,3.253
607898,Petro Stopping Center #8648,5561 State Hwy 6 Exit 307,Flushing,OH,394,3.295
607899,AMBEST #5167,4990 I-40 Exit 394,Stevensville,MT,286,3.651
607900,Roadys Truck Stop #5348,4643 I-95 Exit 327,Dulles Town Center,VA,164,3.209
607901,Flying J #7308,758 US-287 Exit 242,Concord,GA,180,2.992
607902,Sapp Bros #8492,7662 US-287 Exit 139,Matoaka,WV,306,3.195
607903,Loves Travel Stop #5687,293 I-80 Exit 73,Yarnell,PA,81,3.072
607904,Road Ranger #9023,6209 I-10 Exit 288,Blades,DE,306,2.916
607905,QuikTrip #6260,8536 I-40 Exit 39,Gering,NE,195,3.297
607906,Road Ranger #8652,1950 US-287 Exit 305,Clayville,NY,32,2.959
607907,Kwik Trip #7328,7014 I-95 Exit 289,Scotland,TX,61,3.186
607908,Kwik Trip #589,1081 US-287 Exit 374,Woodlyn,PA,259,2.902
607909,AMBEST #7076,9551 I-40 Exit 269,Saline City,IN,340,3.342
607910,Roadys Truck Stop #8256,8525 I-80 Exit 83,Wilmington,MA,131,3.128
607911,Bosselman Travel Center #355,9970 I-80 Exit 159,Decorah,IA,68,3.147
607912,Bosselman Travel Center #7467,8357 US-287 Exit 235,Latham,NY,165,2.910
607913,TA Travel Center #2791,8360 I-40 Exit 190,Ontario,OH,173,3.241
607914,AMBEST #4987,3935 I-10 Exit 251,Bressler,PA,72,3.163
607915,Bosselman Travel Center #9951,5271 I-10 Exit 354,Rowe,NM,360,3.427
607916,Pilot Travel Center #1656,6733 I-40 Exit 148,Saint Michael,MN,72,3.234
607917,Roadys Truck Stop #3874,8199 US-287 Exit 320,Cottonwood,SD,308,3.138
607918,Road Ranger #3099,9465 I-95 Exit 157,Bear Flat,AZ,200,3.265
607919,AMBEST #8608,6039 I-95 Exit 175,Freeport,FL,235,2.949
607920,Pilot Travel Center #5376,7803 US-287 Exit 306,Loda,IL,391,3.108
607921,Bosselman Travel Center #7825,6005 I-10 Exit 101,Rathdrum,ID,377,3.704
607922,Bosselman Travel Center #1453,8830 I-95 Exit 395,East Mountain,TX,321,2.936
607923,AMBEST #1853,4261 I-40 Exit 177,Cotton Valley,LA,144,2.682
607924,Roadys Truck Stop #5964,2926 I-95 Exit 42,Cumby,TX,360,3.034
607925,Kwik Trip #9688,3297 US-287 Exit 268,Bloomville,OH,27,2.849
607926,Pilot Travel Center #7372,6414 I-95 Exit 71,Rosedale,WA,348,4.209
607927,Pilot Travel Center #5314,4213 I-80 Exit 205,Prairie City,SD,13,3.443
607928,TA Travel Center #2076,1625 State Hwy 6 Exit 368,Choctaw Lake,OH,117,3.186
607929,Kwik Trip #4713,6411 I-80 Exit 376,Albion,NE,231,3.161
607930,Road Ranger #6836,9269 I-10 Exit 158,Lavelle,PA,278,3.356
607931,Sapp Bros #657,7354 I-40 Exit 35,White Oak,MS,123,3.162
607932,TA Travel Center #3832,5413 I-10 Exit 163,Rainelle,WV,382,3.010
607933,Pilot Travel Center #4630,5121 I-10 Exit 380,Church Creek,MD,13,2.877
607934,Loves Travel Stop #960,7169 I-80 Exit 17,Osyka,MS,261,3.186
607935,AMBEST #638,2602 I-40 Exit 59,Rosedale,MD,333,3.117
607936,Loves Travel Stop #2461,6027 I-95 Exit 260,Saint Elizabeth,MO,211,3.096
607937,Road Ranger #821,4883 I-95 Exit 336,Goodlettsville,TN,202,3.287
607938,Sapp Bros #827,2838 I-10 Exit 16,Bowling Green,OH,64,3.094
607939,Loves Travel Stop #8978,8324 US-287 Exit 173,Melbourne,AR,84,2.885
607940,Kwik Trip #2326,8121 I-40 Exit 66,Ruthven,IA,367,3.232
607941,Roadys Truck Stop #2054,2217 US-287 Exit 289,Raoul,GA,66,3.049
607942,Roadys Truck Stop #174,4217 I-40 Exit 94,Renwick,IA,231,2.886
607943,Loves Travel Stop #8831,3561 I-40 Exit 60,Red Bay,AL,6,3.265
607944,Petro Stopping Center #9654,5831 I-80 Exit 176,Hallsville,TX,134,3.083
607945,Pilot Travel Center #241,3561 US-287 Exit 343,Albright,WV,58,3.111
607946,Kwik Trip #3573,4642 I-10 Exit 162,Old Tappan,NJ,253,2.817
607947,Roadys Truck Stop #4749,9343 US-287 Exit 227,Lorton,NE,259,2.914
607948,Bosselman Travel Center #2639,6432 I-10 Exit 385,Belle Mead,NJ,342,2.762
607949,Road Ranger #9603,1257 I-40 Exit 208,Cabazon,CA,334,3.683
607950,Roadys Truck Stop #4329,6477 State Hwy 6 Exit 202,Ocoee,TN,344,2.760
607951,AMBEST #3651,3118 State Hwy 6 Exit 221,Jameson,MO,115,2.941
607952,Kwik Trip #8994,2322 I-95 Exit 226,South Ogden,UT,258,3.332
607953,AMBEST #7630,6361 I-95 Exit 358,Clay,AL,77,2.962
607954,Petro Stopping Center #8395,5321 I-40 Exit 202,Willis Wharf,VA,221,3.254
607955,TA Travel Center #7081,3752 US-287 Exit 226,Pike,NY,166,3.047
607956,Petro Stopping Center #5507,2934 US-287 Exit 16,Veedersburg,IN,178,3.276
607957,Petro Stopping Center #1941,6867 I-95 Exit 101,Covel,WV,396,3.164
607958,TA Travel Center #1972,5146 State Hwy 6 Exit 92,French Camp,CA,336,4.133
607959,Flying J #8580,629 I-80 Exit 81,Alberton,MT,231,3.846
607960,Petro Stopping Center #4666,239 I-80 Exit 249,New Site,AL,152,3.056
607961,Loves Travel Stop #2939,4196 I-80 Exit 80,Snellville,GA,4,3.288
607962,Kwik Trip #9809,2709 I-40 Exit 369,Taylor,WY,383,3.481
607963,QuikTrip #350,4373 I-10 Exit 77,Powell,TN,198,3.344
607964,Roadys Truck Stop #1682,4108 State Hwy 6 Exit 333,Penn State Erie Behrend,PA,240,2.966
607965,Roadys Truck Stop #3273,5126 I-10 Exit 268,Schnellville,IN,186,3.206
607966,AMBEST #2498,5253 I-95 Exit 4,Farmington,DE,107,3.225
607967,Road Ranger #1663,2551 I-40 Exit 57,Rupert,WV,117,3.054
607968,QuikTrip #6614,8499 US-287 Exit 189,Suring,WI,395,3.027
607969,Bosselman Travel Center #6725,5379 I-10 Exit 81,Floyd,AR,40,3.020
607970,QuikTrip #9130,377 I-40 Exit 86,San Simon,AZ,257,3.213
607971,Loves Travel Stop #996,5345 I-95 Exit 109,Queen City,MO,310,3.211
607972,Roadys Truck Stop #5208,2112 State Hwy 6 Exit 256,Crooksville,OH,342,3.095
607973,Pilot Travel Center #2803,1453 US-287 Exit 290,Lake Telemark,NJ,96,3.170
607974,Bosselman Travel Center #997,7757 I-95 Exit 97,Cabool,MO,142,2.827
607975,Pilot Travel Center #1746,422 State Hwy 6 Exit 236,Middlesex,NC,343,3.209
607976,TA Travel Center #2099,842 I-95 Exit 280,Burnt Mills,MD,174,3.260
607977,Bosselman Travel Center #3658,1025 I-10 Exit 221,Wimbledon,ND,353,3.453
607978,Flying J #8421,2520 I-95 Exit 47,Burnside,PA,125,3.090
607979,Sapp Bros #3232,9787 US-287 Exit 47,Spencer,SD,351,3.140
607980,QuikTrip #2439,7763 US-287 Exit 90,Como,NC,311,2.977
607981,Flying J #3876,1454 State Hwy 6 Exit 177,Winchester,KY,222,3.104
607982,Flying J #1994,1967 US-287 Exit 304,Brookfield,MA,195,3.001
607983,AMBEST #5822,6009 US-287 Exit 305,Deal,NJ,350,3.431
607984,Kwik Trip #1087,9053 I-95 Exit 176,Stanley,LA,176,3.178
607985,QuikTrip #6537,3965 US-287 Exit 64,Alta,WY,384,3.543
607986,Flying J #1922,7097 US-287 Exit 15,Emerald Mountain,AL,332,2.900
607987,TA Travel Center #3539,7486 I-80 Exit 294,East Rochester,NY,112,3.166
607988,Petro Stopping Center #6128,7677 US-287 Exit 50,Urania,LA,345,2.985
607989,TA Travel Center #9204,7121 I-40 Exit 376,Eureka,NV,339,3.616
607990,Bosselman Travel Center #560,5594 US-287 Exit 80,Wynnewood,PA,164,2.895
607991,Flying J #1460,7901 I-10 Exit 13,Volta,CA,67,3.417
607992,TA Travel Center #1710,7600 I-10 Exit 264,Sabetha,KS,288,3.117
607993,AMBEST #8161,2625 I-95 Exit 399,Old Jefferson,LA,233,2.885
607994,Roadys Truck Stop #5674,249 I-40 Exit 321,Kohatk,AZ,105,3.482
607995,Loves Travel Stop #2903,3522 US-287 Exit 146,Leavenworth,KS,263,3.497
607996,Roadys Truck Stop #7001,2665 US-287 Exit 117,Atwater,OH,317,3.053
607997,Roadys Truck Stop #8134,1947 I-95 Exit 108,Sumner,WA,76,3.965
607998,Flying J #188,2519 I-40 Exit 175,Bonaparte,IA,173,2.864
607999,Bosselman Travel Center #5810,3148 I-80 Exit 110,Leavenworth,WA,304,4.102
608000,Loves Travel Stop #5644,9889 I-10 Exit 340,Sesser,IL,352,2.819
